Workbook

Sheet 뱅샐현황
B3: 1.고객정보
B4: 사용자의 기본 정보에 해당하는 항목입니다.
B5: 이름 | C5: 성별 | D5: 연령 (만 나이) | E5: 신용점수 (KCB) | F5: 이메일
B6: 김용 | C6: 남 | D6: 46 | E6: 1000 | F6: -
B9: 2.현금흐름현황
B10: 최근 1년 동안의 현금흐름을 분석합니다.
B11: 항목 | C11: 총계 | D11: 월평균 | E11: 2025-07 | F11: 2025-08 | G11: 2025-09 | H11: 2025-10 | I11: 2025-11 | J11: 2025-12 | K11: 2026-01 | L11: 2026-02 | M11: 2026-03 | N11: 2026-04 | O11: 2026-05 | P11: 2026-06 | Q11: 2026-07
B12: 금융수입 | C12: =SUM(E12:Q12) | D12: =C12/13 | E12: 0 | F12: 0 | G12: 80000 | H12: 1 | I12: 0 | J12: 20000 | K12: 0 | L12: 0 | M12: 4 | N12: 0 | O12: 1 | P12: 0 | Q12: 0
B13: 급여 | C13: =SUM(E13:Q13) | D13: =C13/13 | E13: 0 | F13: 5107809 | G13: 5863980 | H13: 10584640 | I13: 5897358 | J13: 9609713 | K13: 5869380 | L13: 12652275 | M13: 6055700 | N13: 6132550 | O13: 6052268 | P13: 6022650 | Q13: 6065877
B14: 기타수입 | C14: =SUM(E14:Q14) | D14: =C14/13 | E14: 0 | F14: 0 | G14: 0 | H14: 0 | I14: 0 | J14: 0 | K14: 0 | L14: 0 | M14: 0 | N14: 0 | O14: 0 | P14: 10430 | Q14: 0
B15: 사업수입 | C15: =SUM(E15:Q15) | D15: =C15/13 | E15: 0 | F15: 0 | G15: 0 | H15: 0 | I15: 0 | J15: 0 | K15: 0 | L15: 0 | M15: 0 | N15: 1064432 | O15: 0 | P15: 0 | Q15: 0
B16: 상여금 | C16: =SUM(E16:Q16) | D16: =C16/13 | E16: 0 | F16: 0 | G16: 0 | H16: 0 | I16: 0 | J16: 0 | K16: 0 | L16: 0 | M16: 0 | N16: 0 | O16: 0 | P16: 2378785 | Q16: 0
B17: 미분류 | C17: =SUM(E17:Q17) | D17: =C17/13 | E17: 0 | F17: 0 | G17: 0 | H17: 0 | I17: 0 | J17: 0 | K17: 0 | L17: 0 | M17: 0 | N17: 0 | O17: 0 | P17: 0 | Q17: 2279856
B18: 월수입 총계 | C18: =SUM(E18:Q18) | D18: =C18/13 | E18: =SUM(E12:E17) | F18: =SUM(F12:F17) | G18: =SUM(G12:G17) | H18: =SUM(H12:H17) | I18: =SUM(I12:I17) | J18: =SUM(J12:J17) | K18: =SUM(K12:K17) | L18: =SUM(L12:L17) | ... Q18: =SUM(Q12:Q17)
A19: 필수 | B19: 경조/선물 | C19: =SUM(E19:Q19) | D19: =C19/13 | E19: 700000 | F19: 730000 | G19: 700000 | H19: 930000 | I19: 750000 | J19: 750000 | K19: 750000 | L19: 760336 | M19: 721000 | N19: 750000 | O19: 750000 | P19: 750000 | Q19: 50000
A20: 선택 | B20: 교육/학습 | C20: =SUM(E20:Q20) | D20: =C20/13 | E20: 0 | F20: 0 | G20: 10200 | H20: 0 | I20: 0 | J20: 12000 | K20: 85700 | L20: 92190 | M20: 0 | N20: 6000 | O20: 0 | P20: 0 | Q20: 0
A21: 필수 | B21: 교통 | C21: =SUM(E21:Q21) | D21: =C21/13 | E21: 0 | F21: 2900 | G21: 30000 | H21: 30000 | I21: 60750 | J21: 50000 | K21: 63200 | L21: 75300 | M21: 60000 | N21: 53200 | O21: 60000 | P21: 63400 | Q21: 71500
A22: 필수 | B22: 금융 | C22: =SUM(E22:Q22) | D22: =C22/13 | E22: 60380 | F22: 1313802 | G22: 121577701 | H22: 1659562 | I22: 1384699 | J22: 1498194 | K22: 2075322 | L22: 1863655 | M22: 2015670 | N22: 1818208 | O22: 2053519 | P22: 2005859 | Q22: 1995597
A23: 선택 | B23: 문화/여가 | C23: =SUM(E23:Q23) | D23: =C23/13 | E23: 0 | F23: 21900 | G23: 9270 | H23: 0 | I23: 7000 | J23: 18000 | K23: 71490 | L23: 34900 | M23: 54490 | N23: 37900 | O23: 4000 | P23: 48700 | Q23: 11000
A24: 선택 | B24: 반려동물 | C24: =SUM(E24:Q24) | D24: =C24/13 | E24: 0 | F24: 0 | G24: 0 | H24: 0 | I24: 0 | J24: 0 | K24: 0 | L24: 0 | M24: 0 | N24: 0 | O24: 0 | P24: 32500 | Q24: 0
A25: 선택 | B25: 뷰티/미용 | C25: =SUM(E25:Q25) | D25: =C25/13 | E25: 0 | F25: 52400 | G25: 81670 | H25: 41200 | I25: 102433 | J25: 83333 | K25: 150833 | L25: 83333 | M25: 101933 | N25: 83333 | O25: 43610 | P25: 37660 | Q25: 88170
A26: 선택 | B26: 생활 | C26: =SUM(E26:Q26) | D26: =C26/13 | E26: 0 | F26: 517390 | G26: 562764 | H26: 384580 | I26: 657570 | J26: 562880 | K26: 406777 | L26: 664860 | M26: 238890 | N26: 248160 | O26: 611080 | P26: 180400 | Q26: 231160
A27: 선택 | B27: 술/유흥 | C27: =SUM(E27:Q27) | D27: =C27/13 | E27: 0 | F27: 0 | G27: 0 | H27: 0 | I27: 28500 | J27: 0 | K27: 0 | L27: 0 | M27: 0 | N27: 121400 | O27: 0 | P27: 0 | Q27: 0
A28: 선택 | B28: 식비 | C28: =SUM(E28:Q28) | D28: =C28/13 | E28: 198963 | F28: 1064704 | G28: 534182 | H28: 619454 | I28: 814865 | J28: 586715 | K28: 951826 | L28: 1051308 | M28: 1223049 | N28: 824610 | O28: 1109662 | P28: 717950 | Q28: 1162035
A29: 선택 | B29: 여행/숙박 | C29: =SUM(E29:Q29) | D29: =C29/13 | E29: 0 | F29: 0 | G29: 0 | H29: 42000 | I29: 0 | J29: 0 | K29: 28500 | L29: 126254 | M29: 3000 | N29: 61400 | O29: 10000 | P29: 220900 | Q29: 0
A30: 선택 | B30: 온라인쇼핑 | C30: =SUM(E30:Q30) | D30: =C30/13 | E30: 95160 | F30: 796617 | G30: 5908354 | H30: 478950 | I30: 1478034 | J30: 251792 | K30: 894758 | L30: 253822 | M30: 505824 | N30: 365333 | O30: 286309 | P30: 688755 | Q30: 188672
... A37: 선택 | B37: 미분류 | C37: =SUM(E37:Q37) | D37: =C37/13 | E37: 0 | F37: 0 | G37: 0 | H37: 0 | I37: 0 | J37: 0 | K37: 0 | L37: 0 | M37: 0 | N37: 0 | O37: 0 | P37: 0 | Q37: 0
B38: 월지출 총계 | C38: =SUM(E38:Q38) | D38: =C38/13 | E38: =SUM(E19:E37) | F38: =SUM(F19:F37) | G38: =SUM(G19:G37) | H38: =SUM(H19:H37) | I38: =SUM(I19:I37) | J38: =SUM(J19:J37) | K38: =SUM(K19:K37) | L38: =SUM(L19:L37) | ... Q38: =SUM(Q19:Q37)
B39: 순수입 총계 | C39: =SUM(E39:Q39) | D39: =C39/13 | E39: =E18-E38 | F39: =F18-F38 | G39: =G18-G38 | H39: =H18-H38 | I39: =I18-I38 | J39: =J18-J38 | K39: =K18-K38 | L39: =L18-L38 | ... Q39: =Q18-Q38
B42: 3.재무현황
B43: 데이터를 내보낸 시점의 자산과 부채 상태를 분석합니다.
B44: 자산 | F44: 부채
B45: 항목 | C45: 상품명 | E45: 금액 | F45: 항목 | G45: 상품명 | I45: 금액
B46: 자유입출금 자산 | C46: AMA+급여 MMDA | E46: 0 | F46: 장기대출 | G46: 하나은행 마이너스 통장 | I46: 121685737
C47: AMA+급여 저축예금 | E47: 0 | G47: 가계일반자금대출(분할상환)-하나 아파트론(혼합금리형) | I47: 207103001
C48: MY 입출금통장 | E48: 1 | G48: 하나은행 마이너스 통장 | I48: 1726305
C49: NH주거래우대통장(비대면실명확인) | E49: 0 | G49: 2020년 2학기 일반상환학자금_등록금 | I49: 5448520
C50: 넘버엔 통장 | E50: -121685737 | G50: 2021년 2학기 일반상환학자금_등록금 | I50: 5441312
C51: 달달 하나 통장 | E51: -1726305 | G51: 2020년 1학기 일반상환학자금_등록금 | I51: 5198750
C52: 샐러리맨리치예금(스페셜플러스예금) | E52: 86 | G52: 2021년 1학기 일반상환학자금_등록금 | I52: 5129730
C53: 입출금통장 | E53: 0
C54: 저축예금 | E54: 558
C55: 저축예금 | E55: 270000
C56: 저축예금(iM스마트통장) | E56: 0
B57: 신탁 자산
B58: 현금 자산 | C58: 현금 | E58: 0
B59: 저축성 자산
B60: 전자금융 자산 | C60: 네이버페이 머니 - here**** | E60: 8920
C61: 카카오페이 머니 - 010*****399 | E61: 0
C62: 토스머니 | E62: 135
B63: 투자성 자산 | C63: 키움똑똑한4차산업혁명ETF분할매수증권투자신탁[혼합-재간접형] Ce | E63: 1277
C64: 퀄컴 | E64: 237088.13
C65: 케이뱅크 | E65: 5600
C66: TIGER 200 | E66: 656005
C67: ACE AI반도체TOP3+ | E67: 463900
C68: TIGER 소프트웨어 | E68: 82650
C69: 비트마인 이머전 테크놀로지스 | E69: 17211902
C70: 비트마인 이머전 테크놀로지스 | E70: 10690305
C71: 스트래티지 | E71: 8398229.8
C72: 이더리움 2배 ETF | E72: 6118643
C73: 메타 플랫폼스(페이스북) | E73: 3455070.4
C74: SK하이닉스 | E74: 2954000
C75: 삼성전자 | E75: 1326000
... C97: 통합증거금 | E97: 12
B98: 부동산 | C98: 김포집 | E98: 770000000
B99: 동산 | C99: BMW 3시리즈(6세대) | E99: 10350000
B100: 기타 실물 자산
B101: 보험 자산 | C101: 무배당퍼펙트스타종합보험(Hi1204)기본플랜 | E101: 0
C102: 캐롯자동차보험 개인용 | E102: 0
B103: 연금 자산 | C103: (주)엘지에너지솔루션_DC | E103: 33759638
B104: 총자산 | E104: =SUM(E46:E103) | F104: 총부채 | I104: =SUM(I46:I103)
B105: 순자산
B106: =E104-I104
B109: 4.보험현황
B110: 사용자가 보유한 보험상품 현황을 분석합니다.
B111: 금융사 | C111: 보험명 | E111: 계약상태 | F111: 총납입금 | G111: 계약일자 | H111: 만기일자
B112: 현대해상 | C112: 무배당퍼펙트스타종합보험(Hi1204)기본플랜 | E112: 정상 | F112: 476490000 | G112: 41284 | H112: 65755
B113: 한화손보(구 캐롯손보) | C113: 캐롯자동차보험 개인용 | E113: 정상 | F113: 851390 | G113: 45985 | H113: 46350
B114: 총계 | C114: 보유계약건수 | E114: 정상 2건 | F114: 총 납입금
C115: 총 2건 | E115: 만기/휴면 0건 | F115: =SUM(F112:F113)
B117: 5.투자현황
B118: 사용자가 보유한 투자상품 현황을 분석합니다.
B119: 투자상품종류 | C119: 금융사 | D119: 상품명 | F119: 투자원금 | G119: 평가금액 | H119: 수익률 | I119: 가입일자 | J119: 만기일자
B120: 펀드 | C120: 카카오페이 증권 | D120: 키움똑똑한4차산업혁명ETF분할매수증권투자신탁[혼합-재간접형] Ce | F120: 1058 | G120: 1277 | H120: 20.699433
B121: 주식 | C121: NH투자증권 | D121: 퀄컴 | F121: 294708 | G121: 237088.13 | H121: -19.551513
B122: 주식 | C122: NH투자증권 | D122: 케이뱅크 | F122: 5000 | G122: 5600 | H122: 12
B123: 주식 | C123: NH투자증권 | D123: TIGER 200 | F123: 957499 | G123: 656005 | H123: -31.487657
B124: 주식 | C124: NH투자증권 | D124: ACE AI반도체TOP3+ | F124: 489315 | G124: 463900 | H124: -5.1939957
B125: 주식 | C125: NH투자증권 | D125: TIGER 소프트웨어 | F125: 104335 | G125: 82650 | H125: -20.784013
B126: 주식 | C126: 키움증권 | D126: 비트마인 이머전 테크놀로지스 | F126: 48476436 | G126: 17211902 | H126: -64.494291
B127: 주식 | C127: 키움증권 | D127: 비트마인 이머전 테크놀로지스 | F127: 30287574 | G127: 10690305 | H127: -64.703991
B128: 주식 | C128: 키움증권 | D128: 스트래티지 | F128: 29400354 | G128: 8398229.8 | H128: -71.434937
B129: 주식 | C129: 키움증권 | D129: 이더리움 2배 ETF | F129: 55466138 | G129: 6118643 | H129: -88.968688
B130: 주식 | C130: 키움증권 | D130: 메타 플랫폼스(페이스북) | F130: 3966900 | G130: 3455070.4 | H130: -12.902509
B131: 주식 | C131: 키움증권 | D131: SK하이닉스 | F131: 3458000 | G131: 2954000 | H131: -14.574899
... B134: 주식 | C134: 키움증권 | D134: 팔란티어 테크 | F134: 579 | G134: 431.54464 | H134: -25.467246
B135: 총계 | D135: 보유상품개수 | F135: 총 투자 원금 | G135: 총 평가 금액 | H135: 총 수익률
D136: 총 15개 | F136: =SUM(F120:F134) | G136: =SUM(G120:G134) | H136: =(SUM(G120:G134) - SUM(F120:F134)) * 100 / IF(SUM(F120:F134), SUM(F120:F134), 1)
B138: 6.대출현황
B139: 사용자가 보유한 대출상품 현황을 분석합니다.
...

Sheet 대시보드
B1: 전체 투자금 | C1: 16666666 | G1: 채권 | H1: =C3/3
B2: 한국 개별주 퀀트 | C2: =C1*60% | G2: 변형 듀얼모멘텀 | H2: =C3/3
B3: 동적자산배분 | C3: =C1*40% | G3: BAA | H3: =C3/3
B5: ㅣBAA | H5: ㅣ변형 듀얼모멘텀 | O5: ㅣ채권 동적자산배분
B6: Q. 카나리아 자산 중 "0"이하인 모멘텀 스코어가 있나요? | H6: Step1. 공격자산 수익률이 모두 "0"이상인 경우, 수익률이 높은 자산에 100%투자합니다
B7: ㅣBAA중도형_카나리아 자산
C8: =BD!Z28 | H8: ㅣ변형 듀얼모멘텀_공격자산
B9: SPY | C9: =BD!Z29 | H9: =BD!A36 | I9: =BD!B36
B10: EFA | C10: =BD!Z30 | H10: =BD!A37 | I10: =BD!B37
B11: EEM | C11: =BD!Z31 | H11: =BD!A38 | I11: =BD!B38
B12: AGG | C12: =BD!Z32
H13: Step2. SPY의 수익률이 "0"이하인 경우, 안전자산 중 수익률 높은 채권 3개를 매수합니다 But, 수익률이 "0" 이하인 자산은 현금보유
B14: A-1. 네, "0" 이하가 있어요
B15: 공격자산 투자중단! ↓아래있는 안전자산의 최근수익률이 높은 3개 자산에 투자합니다 But,(현재가격<12개월 이동평균)이면 현금으로 보유
H16: 종목당 투자금액 | I16: =H2/3
B17: 종목당 투자액 | C17: =H3/3 | H17: ㅣ변형 듀얼모멘텀_안전자산
B18: ㅣBAA 안전자산 | H18: =BD!A41 | I18: =BD!T41 | N18: 216 9002
C19: 현재/12개월이평 | D19: =BD!B18 | E19: =BD!P18 | H19: =BD!A42 | I19: =BD!T42
B20: =BD!A19 | C20: =BD!Q19 | D20: =BD!B19 | E20: =BD!P19 | H20: =BD!A43 | I20: =BD!T43
B21: =BD!A20 | C21: =BD!Q20 | D21: =BD!B20 | E21: =BD!P20 | H21: =BD!A44 | I21: =BD!T44
B22: =BD!A21 | C22: =BD!Q21 | D22: =BD!B21 | E22: =BD!P21 | H22: =BD!A45 | I22: =BD!T45
B23: =BD!A22 | C23: =BD!Q22 | D23: =BD!B22 | E23: =BD!P22 | H23: =BD!A46 | I23: =BD!T46
B24: =BD!A23 | C24: =BD!Q23 | D24: =BD!B23 | E24: =BD!P23 | H24: =BD!A47 | I24: =BD!T47
B25: =BD!A24 | C25: =BD!Q24 | D25: =BD!B24 | E25: =BD!P24 | H25: =BD!A48 | I25: =BD!T48
B26: =BD!A25 | C26: =BD!Q25 | D26: =BD!B25 | E26: =BD!P25 | H26: =BD!A49 | I26: =BD!T49
B28: A-2. 모두 "0" 보다 커요(BAA중도형) | E28: A-2. 모두 "0" 보다 커요(BAA공격형)
B29: ↓아래있는 [BAA중도형_공격자산 12종목] 또는 [BAA공격형]중 모멘텀 스코어가 높은 6개 자산에 투자합니다 | E29: BAA 공격형 투자는 최근수익률이 높은 1개 자산에 몰빵! 합니다
B31: 종목당 투자액 | C31: =H3/6 | E31: 종목당 투자액 | F31: =H3
B32: ㅣBAA 중도형_공격자산 12종목 | E32: ㅣBAA공격형(수익↑, MDD↑)
C33: =BD!Z4 | D33: 현재/12개월이평 | F33: 모멘텀 스코어 | G33: 현재/12개월이평
B34: =BD!A5 | C34: =BD!Z5 | D34: =BD!Q5 | E34: =관심종목!D26 | F34: =BD!Z33 | G34: =BD!Q29
B35: =BD!A6 | C35: =BD!Z6 | D35: =BD!Q6 | E35: =관심종목!D23 | F35: =BD!Z30 | G35: =BD!Q30
B36: =BD!A7 | C36: =BD!Z7 | D36: =BD!Q7 | E36: =관심종목!D24 | F36: =BD!Z31 | G36: =BD!Q31
B37: =BD!A8 | C37: =BD!Z8 | D37: =BD!Q8 | E37: =관심종목!D25 | F37: =BD!Z32 | G37: =BD!Q32
B38: =BD!A9 | C38: =BD!Z9 | D38: =BD!Q9
B39: =BD!A10 | C39: =BD!Z10 | D39: =BD!Q10
B40: =BD!A11 | C40: =BD!Z11 | D40: =BD!Q11
B41: =BD!A12 | C41: =BD!Z12 | D41: =BD!Q12
B42: =BD!A13 | C42: =BD!Z13 | D42: =BD!Q13
B43: =BD!A14 | C43: =BD!Z14 | D43: =BD!Q14
B44: =BD!A15 | C44: =BD!Z15 | D44: =BD!Q15
B45: =BD!A16 | C45: =BD!Z16 | D45: =BD!Q16

Sheet 관심종목
D1: 안내 B열에 추적할 주식의 종목코드를 입력합니다. H열에 평가금액을 추적할 주식의 수량을 입력합니다. | L1: 제공: | P1: 차트 보기 안내 | X1: 관심종목 통합 차트
L2: Google Finance | P2: D열 Ticker를 클릭하면 오른쪽 통합 차트 영역으로 이동합니다. | X2: 선택 Ticker | Y2: SPY | Z2: 차트 기간 | AA2: 최근 1년
P3: Y2에서 Ticker를 선택하면 차트가 업데이트됩니다. | X3: 사용법 | Y3: Y2에서 Ticker를 선택하면 아래 차트가 해당 종목으로 갱신됩니다. D열 Ticker 클릭 시 이 차트 영역으로 이동합니다.
F4: 관심종목
F5: 평가금액 | P5: 이벤트 관리로 이동
F6: =SUM(N9:N55)
A8: 전략 명 | B8: 투자비율 | C8: 포트폴리오 명 | D8: 종목코드 | E8: 거래소 (선택사항) | F8: 종목명 | H8: 현재가 | I8: 전일대비 | J8: 등락률(%) | K8: 주식수 | L8: 평가금액 | M8: 종목 합계 | O8: 모멘텀스코어 | P8: 1개월수익률 | Q8: 3개월수익률 | R8: 6개월수익률 | S8: 12개월수익률 | T8: 12개월 이동평균 | U8: 현재가격/ 12개월이동평균
E9: NASDAQ | F9: =IFERROR(__xludf.DUMMYFUNCTION("IF(ISBLANK(D9), ""-"", GOOGLEFINANCE(IF(ISBLANK(E9), D9, E9&"":""&D9), ""name""))"),"-") | H9: =IFERROR(__xludf.DUMMYFUNCTION("IF(ISBLANK(D9), 0, GOOGLEFINANCE(IF(ISBLANK(E9), D9, E9&"":""&D9), ""price""))"),0) | I9: =IFERROR(__xludf.DUMMYFUNCTION("IF(ISBLANK(D9), 0, GOOGLEFINANCE(IF(ISBLANK(E9), D9, E9&"":""&D9), ""change""))"),0) | J9: =IFERROR(__xludf.DUMMYFUNCTION("IF(ISBLANK(D9), 0, GOOGLEFINANCE(IF(ISBLANK(E9), D9, E9&"":""&D9), ""changepct"")/100)"),0) | K9: 0 | L9: =K9 * H9 | O9: =(P9*12)+(Q9*4)+(R9*2)+(S9*1)
C10: BAA 공격자산 | D10: SPY | F10: =IFERROR(__xludf.DUMMYFUNCTION("IF(ISBLANK(D10), ""-"", GOOGLEFINANCE(IF(ISBLANK(E10), D10, E10&"":""&D10), ""name""))"),"State Street SPDR S&P 500 ETF Trust") | H10: =IFERROR(__xludf.DUMMYFUNCTION("IF(ISBLANK(D10), 0, GOOGLEFINANCE(IF(ISBLANK(E10), D10, E10&"":""&D10), ""price""))"),729.46) | I10: =IFERROR(__xludf.DUMMYFUNCTION("IF(ISBLANK(D10), 0, GOOGLEFINANCE(IF(ISBLANK(E10), D10, E10&"":""&D10), ""change""))"),-11.4) | J10: =IFERROR(__xludf.DUMMYFUNCTION("IF(ISBLANK(D10), 0, GOOGLEFINANCE(IF(ISBLANK(E10), D10, E10&"":""&D10), ""changepct"")/100)"),-0.0154) | K10: 1 | L10: =K10 * H10 | O10: =(P10*12)+(Q10*4)+(R10*2)+(S10*1) | P10: =IFERROR((INDEX(차트데이터!$A:$BZ,254,MATCH(D10,차트데이터!$1:$1,0)+1)-INDEX(차트데이터!$A:$BZ,232,MATCH(D10,차트데이터!$1:$1,0)+1))/INDEX(차트데이터!$A:$BZ,232,MATCH(D10,차트데이터!$1:$1,0)+1),"") | Q10: =IFERROR((INDEX(차트데이터!$A:$BZ,254,MATCH(D10,차트데이터!$1:$1,0)+1)-INDEX(차트데이터!$A:$BZ,190,MATCH(D10,차트데이터!$1:$1,0)+1))/INDEX(차트데이터!$A:$BZ,190,MATCH(D10,차트데이터!$1:$1,0)+1),"") | R10: =IFERROR((INDEX(차트데이터!$A:$BZ,254,MATCH(D10,차트데이터!$1:$1,0)+1)-INDEX(차트데이터!$A:$BZ,127,MATCH(D10,차트데이터!$1:$1,0)+1))/INDEX(차트데이터!$A:$BZ,127,MATCH(D10,차트데이터!$1:$1,0)+1),"") | S10: =IFERROR((INDEX(차트데이터!$A:$BZ,254,MATCH(D10,차트데이터!$1:$1,0)+1)-INDEX(차트데이터!$A:$BZ,4,MATCH(D10,차트데이터!$1:$1,0)+1))/INDEX(차트데이터!$A:$BZ,4,MATCH(D10,차트데이터!$1:$1,0)+1),"")
D11: QQQ | F11: =IFERROR(__xludf.DUMMYFUNCTION("IF(ISBLANK(D11), ""-"", GOOGLEFINANCE(IF(ISBLANK(E11), D11, E11&"":""&D11), ""name""))"),"Invesco QQQ Trust, Series 1") | H11: =IFERROR(__xludf.DUMMYFUNCTION("IF(ISBLANK(D11), 0, GOOGLEFINANCE(IF(ISBLANK(E11), D11, E11&"":""&D11), ""price""))"),661.73) | I11: =IFERROR(__xludf.DUMMYFUNCTION("IF(ISBLANK(D11), 0, GOOGLEFINANCE(IF(ISBLANK(E11), D11, E11&"":""&D11), ""change""))"),-13.76) | J11: =IFERROR(__xludf.DUMMYFUNCTION("IF(ISBLANK(D11), 0, GOOGLEFINANCE(IF(ISBLANK(E11), D11, E11&"":""&D11), ""changepct"")/100)"),-0.0204) | K11: 1 | L11: =K11 * H11 | O11: =(P11*12)+(Q11*4)+(R11*2)+(S11*1) | P11: =IFERROR((INDEX(차트데이터!$A:$BZ,254,MATCH(D11,차트데이터!$1:$1,0)+1)-INDEX(차트데이터!$A:$BZ,232,MATCH(D11,차트데이터!$1:$1,0)+1))/INDEX(차트데이터!$A:$BZ,232,MATCH(D11,차트데이터!$1:$1,0)+1),"") | Q11: =IFERROR((INDEX(차트데이터!$A:$BZ,254,MATCH(D11,차트데이터!$1:$1,0)+1)-INDEX(차트데이터!$A:$BZ,190,MATCH(D11,차트데이터!$1:$1,0)+1))/INDEX(차트데이터!$A:$BZ,190,MATCH(D11,차트데이터!$1:$1,0)+1),"") | R11: =IFERROR((INDEX(차트데이터!$A:$BZ,254,MATCH(D11,차트데이터!$1:$1,0)+1)-INDEX(차트데이터!$A:$BZ,127,MATCH(D11,차트데이터!$1:$1,0)+1))/INDEX(차트데이터!$A:$BZ,127,MATCH(D11,차트데이터!$1:$1,0)+1),"") | S11: =IFERROR((INDEX(차트데이터!$A:$BZ,254,MATCH(D11,차트데이터!$1:$1,0)+1)-INDEX(차트데이터!$A:$BZ,4,MATCH(D11,차트데이터!$1:$1,0)+1))/INDEX(차트데이터!$A:$BZ,4,MATCH(D11,차트데이터!$1:$1,0)+1),"")
D12: IWM | F12: =IFERROR(__xludf.DUMMYFUNCTION("IF(ISBLANK(D12), ""-"", GOOGLEFINANCE(IF(ISBLANK(E12), D12, E12&"":""&D12), ""name""))"),"iShares Russell 2000 ETF") | H12: =IFERROR(__xludf.DUMMYFUNCTION("IF(ISBLANK(D12), 0, GOOGLEFINANCE(IF(ISBLANK(E12), D12, E12&"":""&D12), ""price""))"),288.57) | I12: =IFERROR(__xludf.DUMMYFUNCTION("IF(ISBLANK(D12), 0, GOOGLEFINANCE(IF(ISBLANK(E12), D12, E12&"":""&D12), ""change""))"),-4.8) | J12: =IFERROR(__xludf.DUMMYFUNCTION("IF(ISBLANK(D12), 0, GOOGLEFINANCE(IF(ISBLANK(E12), D12, E12&"":""&D12), ""changepct"")/100)"),-0.0163999999999999) | K12: 1 | L12: =K12 * H12 | O12: =(P12*12)+(Q12*4)+(R12*2)+(S12*1) | P12: =IFERROR((INDEX(차트데이터!$A:$BZ,254,MATCH(D12,차트데이터!$1:$1,0)+1)-INDEX(차트데이터!$A:$BZ,232,MATCH(D12,차트데이터!$1:$1,0)+1))/INDEX(차트데이터!$A:$BZ,232,MATCH(D12,차트데이터!$1:$1,0)+1),"") | Q12: =IFERROR((INDEX(차트데이터!$A:$BZ,254,MATCH(D12,차트데이터!$1:$1,0)+1)-INDEX(차트데이터!$A:$BZ,190,MATCH(D12,차트데이터!$1:$1,0)+1))/INDEX(차트데이터!$A:$BZ,190,MATCH(D12,차트데이터!$1:$1,0)+1),"") | R12: =IFERROR((INDEX(차트데이터!$A:$BZ,254,MATCH(D12,차트데이터!$1:$1,0)+1)-INDEX(차트데이터!$A:$BZ,127,MATCH(D12,차트데이터!$1:$1,0)+1))/INDEX(차트데이터!$A:$BZ,127,MATCH(D12,차트데이터!$1:$1,0)+1),"") | S12: =IFERROR((INDEX(차트데이터!$A:$BZ,254,MATCH(D12,차트데이터!$1:$1,0)+1)-INDEX(차트데이터!$A:$BZ,4,MATCH(D12,차트데이터!$1:$1,0)+1))/INDEX(차트데이터!$A:$BZ,4,MATCH(D12,차트데이터!$1:$1,0)+1),"")
D13: VGK | F13: =IFERROR(__xludf.DUMMYFUNCTION("IF(ISBLANK(D13), ""-"", GOOGLEFINANCE(IF(ISBLANK(E13), D13, E13&"":""&D13), ""name""))"),"Vanguard European Stock Index Fund ETF") | H13: =IFERROR(__xludf.DUMMYFUNCTION("IF(ISBLANK(D13), 0, GOOGLEFINANCE(IF(ISBLANK(E13), D13, E13&"":""&D13), ""price""))"),88.86) | I13: =IFERROR(__xludf.DUMMYFUNCTION("IF(ISBLANK(D13), 0, GOOGLEFINANCE(IF(ISBLANK(E13), D13, E13&"":""&D13), ""change""))"),-0.37) | J13: =IFERROR(__xludf.DUMMYFUNCTION("IF(ISBLANK(D13), 0, GOOGLEFINANCE(IF(ISBLANK(E13), D13, E13&"":""&D13), ""changepct"")/100)"),-0.00409999999999999) | K13: 1 | L13: =K13 * H13 | O13: =(P13*12)+(Q13*4)+(R13*2)+(S13*1) | P13: =IFERROR((INDEX(차트데이터!$A:$BZ,254,MATCH(D13,차트데이터!$1:$1,0)+1)-INDEX(차트데이터!$A:$BZ,232,MATCH(D13,차트데이터!$1:$1,0)+1))/INDEX(차트데이터!$A:$BZ,232,MATCH(D13,차트데이터!$1:$1,0)+1),"") | Q13: =IFERROR((INDEX(차트데이터!$A:$BZ,254,MATCH(D13,차트데이터!$1:$1,0)+1)-INDEX(차트데이터!$A:$BZ,190,MATCH(D13,차트데이터!$1:$1,0)+1))/INDEX(차트데이터!$A:$BZ,190,MATCH(D13,차트데이터!$1:$1,0)+1),"") | R13: =IFERROR((INDEX(차트데이터!$A:$BZ,254,MATCH(D13,차트데이터!$1:$1,0)+1)-INDEX(차트데이터!$A:$BZ,127,MATCH(D13,차트데이터!$1:$1,0)+1))/INDEX(차트데이터!$A:$BZ,127,MATCH(D13,차트데이터!$1:$1,0)+1),"") | S13: =IFERROR((INDEX(차트데이터!$A:$BZ,254,MATCH(D13,차트데이터!$1:$1,0)+1)-INDEX(차트데이터!$A:$BZ,4,MATCH(D13,차트데이터!$1:$1,0)+1))/INDEX(차트데이터!$A:$BZ,4,MATCH(D13,차트데이터!$1:$1,0)+1),"")
D14: EWJ | F14: =IFERROR(__xludf.DUMMYFUNCTION("IF(ISBLANK(D14), ""-"", GOOGLEFINANCE(IF(ISBLANK(E14), D14, E14&"":""&D14), ""name""))"),"iShares MSCI Japan ETF") | H14: =IFERROR(__xludf.DUMMYFUNCTION("IF(ISBLANK(D14), 0, GOOGLEFINANCE(IF(ISBLANK(E14), D14, E14&"":""&D14), ""price""))"),89.35) | I14: =IFERROR(__xludf.DUMMYFUNCTION("IF(ISBLANK(D14), 0, GOOGLEFINANCE(IF(ISBLANK(E14), D14, E14&"":""&D14), ""change""))"),-0.48) | J14: =IFERROR(__xludf.DUMMYFUNCTION("IF(ISBLANK(D14), 0, GOOGLEFINANCE(IF(ISBLANK(E14), D14, E14&"":""&D14), ""changepct"")/100)"),-0.0053) | K14: 1 | L14: =K14 * H14 | P14: =IFERROR((INDEX(차트데이터!$A:$BZ,254,MATCH(D14,차트데이터!$1:$1,0)+1)-INDEX(차트데이터!$A:$BZ,232,MATCH(D14,차트데이터!$1:$1,0)+1))/INDEX(차트데이터!$A:$BZ,232,MATCH(D14,차트데이터!$1:$1,0)+1),"") | Q14: =IFERROR((INDEX(차트데이터!$A:$BZ,254,MATCH(D14,차트데이터!$1:$1,0)+1)-INDEX(차트데이터!$A:$BZ,190,MATCH(D14,차트데이터!$1:$1,0)+1))/INDEX(차트데이터!$A:$BZ,190,MATCH(D14,차트데이터!$1:$1,0)+1),"") | R14: =IFERROR((INDEX(차트데이터!$A:$BZ,254,MATCH(D14,차트데이터!$1:$1,0)+1)-INDEX(차트데이터!$A:$BZ,127,MATCH(D14,차트데이터!$1:$1,0)+1))/INDEX(차트데이터!$A:$BZ,127,MATCH(D14,차트데이터!$1:$1,0)+1),"") | S14: =IFERROR((INDEX(차트데이터!$A:$BZ,254,MATCH(D14,차트데이터!$1:$1,0)+1)-INDEX(차트데이터!$A:$BZ,4,MATCH(D14,차트데이터!$1:$1,0)+1))/INDEX(차트데이터!$A:$BZ,4,MATCH(D14,차트데이터!$1:$1,0)+1),"")
D15: VWO | F15: =IFERROR(__xludf.DUMMYFUNCTION("IF(ISBLANK(D15), ""-"", GOOGLEFINANCE(IF(ISBLANK(E15), D15, E15&"":""&D15), ""name""))"),"Vanguard Emerging Markets Stock Index Fund ETF") | H15: =IFERROR(__xludf.DUMMYFUNCTION("IF(ISBLANK(D15), 0, GOOGLEFINANCE(IF(ISBLANK(E15), D15, E15&"":""&D15), ""price""))"),56.92) | I15: =IFERROR(__xludf.DUMMYFUNCTION("IF(ISBLANK(D15), 0, GOOGLEFINANCE(IF(ISBLANK(E15), D15, E15&"":""&D15), ""change""))"),-0.82) | J15: =IFERROR(__xludf.DUMMYFUNCTION("IF(ISBLANK(D15), 0, GOOGLEFINANCE(IF(ISBLANK(E15), D15, E15&"":""&D15), ""changepct"")/100)"),-0.0141999999999999) | K15: 1 | L15: =K15 * H15 | P15: =IFERROR((INDEX(차트데이터!$A:$BZ,254,MATCH(D15,차트데이터!$1:$1,0)+1)-INDEX(차트데이터!$A:$BZ,232,MATCH(D15,차트데이터!$1:$1,0)+1))/INDEX(차트데이터!$A:$BZ,232,MATCH(D15,차트데이터!$1:$1,0)+1),"") | Q15: =IFERROR((INDEX(차트데이터!$A:$BZ,254,MATCH(D15,차트데이터!$1:$1,0)+1)-INDEX(차트데이터!$A:$BZ,190,MATCH(D15,차트데이터!$1:$1,0)+1))/INDEX(차트데이터!$A:$BZ,190,MATCH(D15,차트데이터!$1:$1,0)+1),"") | R15: =IFERROR((INDEX(차트데이터!$A:$BZ,254,MATCH(D15,차트데이터!$1:$1,0)+1)-INDEX(차트데이터!$A:$BZ,127,MATCH(D15,차트데이터!$1:$1,0)+1))/INDEX(차트데이터!$A:$BZ,127,MATCH(D15,차트데이터!$1:$1,0)+1),"") | S15: =IFERROR((INDEX(차트데이터!$A:$BZ,254,MATCH(D15,차트데이터!$1:$1,0)+1)-INDEX(차트데이터!$A:$BZ,4,MATCH(D15,차트데이터!$1:$1,0)+1))/INDEX(차트데이터!$A:$BZ,4,MATCH(D15,차트데이터!$1:$1,0)+1),"")
D16: VEA | F16: =IFERROR(__xludf.DUMMYFUNCTION("IF(ISBLANK(D16), ""-"", GOOGLEFINANCE(IF(ISBLANK(E16), D16, E16&"":""&D16), ""name""))"),"Vanguard Tax Managed Fund FTSE Developed Markets ETF") | H16: =IFERROR(__xludf.DUMMYFUNCTION("IF(ISBLANK(D16), 0, GOOGLEFINANCE(IF(ISBLANK(E16), D16, E16&"":""&D16), ""price""))"),68.95) | I16: =IFERROR(__xludf.DUMMYFUNCTION("IF(ISBLANK(D16), 0, GOOGLEFINANCE(IF(ISBLANK(E16), D16, E16&"":""&D16), ""change""))"),-0.65) | J16: =IFERROR(__xludf.DUMMYFUNCTION("IF(ISBLANK(D16), 0, GOOGLEFINANCE(IF(ISBLANK(E16), D16, E16&"":""&D16), ""changepct"")/100)"),-0.0093) | K16: 1 | L16: =K16 * H16 | P16: =IFERROR((INDEX(차트데이터!$A:$BZ,254,MATCH(D16,차트데이터!$1:$1,0)+1)-INDEX(차트데이터!$A:$BZ,232,MATCH(D16,차트데이터!$1:$1,0)+1))/INDEX(차트데이터!$A:$BZ,232,MATCH(D16,차트데이터!$1:$1,0)+1),"") | Q16: =IFERROR((INDEX(차트데이터!$A:$BZ,254,MATCH(D16,차트데이터!$1:$1,0)+1)-INDEX(차트데이터!$A:$BZ,190,MATCH(D16,차트데이터!$1:$1,0)+1))/INDEX(차트데이터!$A:$BZ,190,MATCH(D16,차트데이터!$1:$1,0)+1),"") | R16: =IFERROR((INDEX(차트데이터!$A:$BZ,254,MATCH(D16,차트데이터!$1:$1,0)+1)-INDEX(차트데이터!$A:$BZ,127,MATCH(D16,차트데이터!$1:$1,0)+1))/INDEX(차트데이터!$A:$BZ,127,MATCH(D16,차트데이터!$1:$1,0)+1),"") | S16: =IFERROR((INDEX(차트데이터!$A:$BZ,254,MATCH(D16,차트데이터!$1:$1,0)+1)-INDEX(차트데이터!$A:$BZ,4,MATCH(D16,차트데이터!$1:$1,0)+1))/INDEX(차트데이터!$A:$BZ,4,MATCH(D16,차트데이터!$1:$1,0)+1),"")
D17: VNQ | F17: =IFERROR(__xludf.DUMMYFUNCTION("IF(ISBLANK(D17), ""-"", GOOGLEFINANCE(IF(ISBLANK(E17), D17, E17&"":""&D17), ""name""))"),"Vanguard Real Estate Index Fund ETF") | H17: =IFERROR(__xludf.DUMMYFUNCTION("IF(ISBLANK(D17), 0, GOOGLEFINANCE(IF(ISBLANK(E17), D17, E17&"":""&D17), ""price""))"),100.66) | I17: =IFERROR(__xludf.DUMMYFUNCTION("IF(ISBLANK(D17), 0, GOOGLEFINANCE(IF(ISBLANK(E17), D17, E17&"":""&D17), ""change""))"),-0.29) | J17: =IFERROR(__xludf.DUMMYFUNCTION("IF(ISBLANK(D17), 0, GOOGLEFINANCE(IF(ISBLANK(E17), D17, E17&"":""&D17), ""changepct"")/100)"),-0.0029) | K17: 1 | L17: =K17 * H17 | P17: =IFERROR((INDEX(차트데이터!$A:$BZ,254,MATCH(D17,차트데이터!$1:$1,0)+1)-INDEX(차트데이터!$A:$BZ,232,MATCH(D17,차트데이터!$1:$1,0)+1))/INDEX(차트데이터!$A:$BZ,232,MATCH(D17,차트데이터!$1:$1,0)+1),"") | Q17: =IFERROR((INDEX(차트데이터!$A:$BZ,254,MATCH(D17,차트데이터!$1:$1,0)+1)-INDEX(차트데이터!$A:$BZ,190,MATCH(D17,차트데이터!$1:$1,0)+1))/INDEX(차트데이터!$A:$BZ,190,MATCH(D17,차트데이터!$1:$1,0)+1),"") | R17: =IFERROR((INDEX(차트데이터!$A:$BZ,254,MATCH(D17,차트데이터!$1:$1,0)+1)-INDEX(차트데이터!$A:$BZ,127,MATCH(D17,차트데이터!$1:$1,0)+1))/INDEX(차트데이터!$A:$BZ,127,MATCH(D17,차트데이터!$1:$1,0)+1),"") | S17: =IFERROR((INDEX(차트데이터!$A:$BZ,254,MATCH(D17,차트데이터!$1:$1,0)+1)-INDEX(차트데이터!$A:$BZ,4,MATCH(D17,차트데이터!$1:$1,0)+1))/INDEX(차트데이터!$A:$BZ,4,MATCH(D17,차트데이터!$1:$1,0)+1),"")
D18: DBC | F18: =IFERROR(__xludf.DUMMYFUNCTION("IF(ISBLANK(D18), ""-"", GOOGLEFINANCE(IF(ISBLANK(E18), D18, E18&"":""&D18), ""name""))"),"Invesco DB Commodity Index Tracking Fund") | H18: =IFERROR(__xludf.DUMMYFUNCTION("IF(ISBLANK(D18), 0, GOOGLEFINANCE(IF(ISBLANK(E18), D18, E18&"":""&D18), ""price""))"),29.42) | I18: =IFERROR(__xludf.DUMMYFUNCTION("IF(ISBLANK(D18), 0, GOOGLEFINANCE(IF(ISBLANK(E18), D18, E18&"":""&D18), ""change""))"),0.82) | J18: =IFERROR(__xludf.DUMMYFUNCTION("IF(ISBLANK(D18), 0, GOOGLEFINANCE(IF(ISBLANK(E18), D18, E18&"":""&D18), ""changepct"")/100)"),0.0287) | K18: 1 | L18: =K18 * H18 | P18: =IFERROR((INDEX(차트데이터!$A:$BZ,254,MATCH(D18,차트데이터!$1:$1,0)+1)-INDEX(차트데이터!$A:$BZ,232,MATCH(D18,차트데이터!$1:$1,0)+1))/INDEX(차트데이터!$A:$BZ,232,MATCH(D18,차트데이터!$1:$1,0)+1),"") | Q18: =IFERROR((INDEX(차트데이터!$A:$BZ,254,MATCH(D18,차트데이터!$1:$1,0)+1)-INDEX(차트데이터!$A:$BZ,190,MATCH(D18,차트데이터!$1:$1,0)+1))/INDEX(차트데이터!$A:$BZ,190,MATCH(D18,차트데이터!$1:$1,0)+1),"") | R18: =IFERROR((INDEX(차트데이터!$A:$BZ,254,MATCH(D18,차트데이터!$1:$1,0)+1)-INDEX(차트데이터!$A:$BZ,127,MATCH(D18,차트데이터!$1:$1,0)+1))/INDEX(차트데이터!$A:$BZ,127,MATCH(D18,차트데이터!$1:$1,0)+1),"") | S18: =IFERROR((INDEX(차트데이터!$A:$BZ,254,MATCH(D18,차트데이터!$1:$1,0)+1)-INDEX(차트데이터!$A:$BZ,4,MATCH(D18,차트데이터!$1:$1,0)+1))/INDEX(차트데이터!$A:$BZ,4,MATCH(D18,차트데이터!$1:$1,0)+1),"")
D19: GLD | F19: =IFERROR(__xludf.DUMMYFUNCTION("IF(ISBLANK(D19), ""-"", GOOGLEFINANCE(IF(ISBLANK(E19), D19, E19&"":""&D19), ""name""))"),"SPDR Gold Trust") | H19: =IFERROR(__xludf.DUMMYFUNCTION("IF(ISBLANK(D19), 0, GOOGLEFINANCE(IF(ISBLANK(E19), D19, E19&"":""&D19), ""price""))"),371.08) | I19: =IFERROR(__xludf.DUMMYFUNCTION("IF(ISBLANK(D19), 0, GOOGLEFINANCE(IF(ISBLANK(E19), D19, E19&"":""&D19), ""change""))"),1.71) | J19: =IFERROR(__xludf.DUMMYFUNCTION("IF(ISBLANK(D19), 0, GOOGLEFINANCE(IF(ISBLANK(E19), D19, E19&"":""&D19), ""changepct"")/100)"),0.0046) | K19: 1 | L19: =K19 * H19 | P19: =IFERROR((INDEX(차트데이터!$A:$BZ,254,MATCH(D19,차트데이터!$1:$1,0)+1)-INDEX(차트데이터!$A:$BZ,232,MATCH(D19,차트데이터!$1:$1,0)+1))/INDEX(차트데이터!$A:$BZ,232,MATCH(D19,차트데이터!$1:$1,0)+1),"") | Q19: =IFERROR((INDEX(차트데이터!$A:$BZ,254,MATCH(D19,차트데이터!$1:$1,0)+1)-INDEX(차트데이터!$A:$BZ,190,MATCH(D19,차트데이터!$1:$1,0)+1))/INDEX(차트데이터!$A:$BZ,190,MATCH(D19,차트데이터!$1:$1,0)+1),"") | R19: =IFERROR((INDEX(차트데이터!$A:$BZ,254,MATCH(D19,차트데이터!$1:$1,0)+1)-INDEX(차트데이터!$A:$BZ,127,MATCH(D19,차트데이터!$1:$1,0)+1))/INDEX(차트데이터!$A:$BZ,127,MATCH(D19,차트데이터!$1:$1,0)+1),"") | S19: =IFERROR((INDEX(차트데이터!$A:$BZ,254,MATCH(D19,차트데이터!$1:$1,0)+1)-INDEX(차트데이터!$A:$BZ,4,MATCH(D19,차트데이터!$1:$1,0)+1))/INDEX(차트데이터!$A:$BZ,4,MATCH(D19,차트데이터!$1:$1,0)+1),"")
D20: LQD | F20: =IFERROR(__xludf.DUMMYFUNCTION("IF(ISBLANK(D20), ""-"", GOOGLEFINANCE(IF(ISBLANK(E20), D20, E20&"":""&D20), ""name""))"),"iShares iBoxx $ Inv Grade Corporate Bond ETF") | H20: =IFERROR(__xludf.DUMMYFUNCTION("IF(ISBLANK(D20), 0, GOOGLEFINANCE(IF(ISBLANK(E20), D20, E20&"":""&D20), ""price""))"),106.22) | I20: =IFERROR(__xludf.DUMMYFUNCTION("IF(ISBLANK(D20), 0, GOOGLEFINANCE(IF(ISBLANK(E20), D20, E20&"":""&D20), ""change""))"),-0.61) | J20: =IFERROR(__xludf.DUMMYFUNCTION("IF(ISBLANK(D20), 0, GOOGLEFINANCE(IF(ISBLANK(E20), D20, E20&"":""&D20), ""changepct"")/100)"),-0.00569999999999999) | K20: 1 | L20: =K20 * H20 | P20: =IFERROR((INDEX(차트데이터!$A:$BZ,254,MATCH(D20,차트데이터!$1:$1,0)+1)-INDEX(차트데이터!$A:$BZ,232,MATCH(D20,차트데이터!$1:$1,0)+1))/INDEX(차트데이터!$A:$BZ,232,MATCH(D20,차트데이터!$1:$1,0)+1),"") | Q20: =IFERROR((INDEX(차트데이터!$A:$BZ,254,MATCH(D20,차트데이터!$1:$1,0)+1)-INDEX(차트데이터!$A:$BZ,190,MATCH(D20,차트데이터!$1:$1,0)+1))/INDEX(차트데이터!$A:$BZ,190,MATCH(D20,차트데이터!$1:$1,0)+1),"") | R20: =IFERROR((INDEX(차트데이터!$A:$BZ,254,MATCH(D20,차트데이터!$1:$1,0)+1)-INDEX(차트데이터!$A:$BZ,127,MATCH(D20,차트데이터!$1:$1,0)+1))/INDEX(차트데이터!$A:$BZ,127,MATCH(D20,차트데이터!$1:$1,0)+1),"") | S20: =IFERROR((INDEX(차트데이터!$A:$BZ,254,MATCH(D20,차트데이터!$1:$1,0)+1)-INDEX(차트데이터!$A:$BZ,4,MATCH(D20,차트데이터!$1:$1,0)+1))/INDEX(차트데이터!$A:$BZ,4,MATCH(D20,차트데이터!$1:$1,0)+1),"")
D21: HYG | F21: =IFERROR(__xludf.DUMMYFUNCTION("IF(ISBLANK(D21), ""-"", GOOGLEFINANCE(IF(ISBLANK(E21), D21, E21&"":""&D21), ""name""))"),"iShares iBoxx $ High Yield Corporate Bond ETF") | H21: =IFERROR(__xludf.DUMMYFUNCTION("IF(ISBLANK(D21), 0, GOOGLEFINANCE(IF(ISBLANK(E21), D21, E21&"":""&D21), ""price""))"),79.24) | I21: =IFERROR(__xludf.DUMMYFUNCTION("IF(ISBLANK(D21), 0, GOOGLEFINANCE(IF(ISBLANK(E21), D21, E21&"":""&D21), ""change""))"),-0.18) | J21: =IFERROR(__xludf.DUMMYFUNCTION("IF(ISBLANK(D21), 0, GOOGLEFINANCE(IF(ISBLANK(E21), D21, E21&"":""&D21), ""changepct"")/100)"),-0.0023) | K21: 1 | L21: =K21 * H21 | P21: =IFERROR((INDEX(차트데이터!$A:$BZ,254,MATCH(D21,차트데이터!$1:$1,0)+1)-INDEX(차트데이터!$A:$BZ,232,MATCH(D21,차트데이터!$1:$1,0)+1))/INDEX(차트데이터!$A:$BZ,232,MATCH(D21,차트데이터!$1:$1,0)+1),"") | Q21: =IFERROR((INDEX(차트데이터!$A:$BZ,254,MATCH(D21,차트데이터!$1:$1,0)+1)-INDEX(차트데이터!$A:$BZ,190,MATCH(D21,차트데이터!$1:$1,0)+1))/INDEX(차트데이터!$A:$BZ,190,MATCH(D21,차트데이터!$1:$1,0)+1),"") | R21: =IFERROR((INDEX(차트데이터!$A:$BZ,254,MATCH(D21,차트데이터!$1:$1,0)+1)-INDEX(차트데이터!$A:$BZ,127,MATCH(D21,차트데이터!$1:$1,0)+1))/INDEX(차트데이터!$A:$BZ,127,MATCH(D21,차트데이터!$1:$1,0)+1),"") | S21: =IFERROR((INDEX(차트데이터!$A:$BZ,254,MATCH(D21,차트데이터!$1:$1,0)+1)-INDEX(차트데이터!$A:$BZ,4,MATCH(D21,차트데이터!$1:$1,0)+1))/INDEX(차트데이터!$A:$BZ,4,MATCH(D21,차트데이터!$1:$1,0)+1),"")
C22: BAA 카나리아 | D22: SPY | F22: =IFERROR(__xludf.DUMMYFUNCTION("IF(ISBLANK(D22), ""-"", GOOGLEFINANCE(IF(ISBLANK(E22), D22, E22&"":""&D22), ""name""))"),"State Street SPDR S&P 500 ETF Trust") | G22: 미국 주식 | H22: =IFERROR(__xludf.DUMMYFUNCTION("IF(ISBLANK(D22), 0, GOOGLEFINANCE(IF(ISBLANK(E22), D22, E22&"":""&D22), ""price""))"),729.46) | I22: =IFERROR(__xludf.DUMMYFUNCTION("IF(ISBLANK(D22), 0, GOOGLEFINANCE(IF(ISBLANK(E22), D22, E22&"":""&D22), ""change""))"),-11.4) | J22: =IFERROR(__xludf.DUMMYFUNCTION("IF(ISBLANK(D22), 0, GOOGLEFINANCE(IF(ISBLANK(E22), D22, E22&"":""&D22), ""changepct"")/100)"),-0.0154) | K22: 1 | L22: =K22 * H22 | O22: =(P22*12)+(Q22*4)+(R22*2)+(S22*1) | P22: =IFERROR((INDEX(차트데이터!$A:$BZ,254,MATCH(D22,차트데이터!$1:$1,0)+1)-INDEX(차트데이터!$A:$BZ,232,MATCH(D22,차트데이터!$1:$1,0)+1))/INDEX(차트데이터!$A:$BZ,232,MATCH(D22,차트데이터!$1:$1,0)+1),"") | Q22: =IFERROR((INDEX(차트데이터!$A:$BZ,254,MATCH(D22,차트데이터!$1:$1,0)+1)-INDEX(차트데이터!$A:$BZ,190,MATCH(D22,차트데이터!$1:$1,0)+1))/INDEX(차트데이터!$A:$BZ,190,MATCH(D22,차트데이터!$1:$1,0)+1),"") | R22: =IFERROR((INDEX(차트데이터!$A:$BZ,254,MATCH(D22,차트데이터!$1:$1,0)+1)-INDEX(차트데이터!$A:$BZ,127,MATCH(D22,차트데이터!$1:$1,0)+1))/INDEX(차트데이터!$A:$BZ,127,MATCH(D22,차트데이터!$1:$1,0)+1),"") | S22: =IFERROR((INDEX(차트데이터!$A:$BZ,254,MATCH(D22,차트데이터!$1:$1,0)+1)-INDEX(차트데이터!$A:$BZ,4,MATCH(D22,차트데이터!$1:$1,0)+1))/INDEX(차트데이터!$A:$BZ,4,MATCH(D22,차트데이터!$1:$1,0)+1),"") | V22: 모멘텀 스코어가 0이하인 ETF가 하나라도 있으면 공격자산 투자중단->안전자산으로 이동
D23: EFA | F23: =IFERROR(__xludf.DUMMYFUNCTION("IF(ISBLANK(D23), ""-"", GOOGLEFINANCE(IF(ISBLANK(E23), D23, E23&"":""&D23), ""name""))"),"iShares MSCI EAFE ETF") | G23: 선진국 주식 | H23: =IFERROR(__xludf.DUMMYFUNCTION("IF(ISBLANK(D23), 0, GOOGLEFINANCE(IF(ISBLANK(E23), D23, E23&"":""&D23), ""price""))"),103.37) | I23: =IFERROR(__xludf.DUMMYFUNCTION("IF(ISBLANK(D23), 0, GOOGLEFINANCE(IF(ISBLANK(E23), D23, E23&"":""&D23), ""change""))"),-0.52) | J23: =IFERROR(__xludf.DUMMYFUNCTION("IF(ISBLANK(D23), 0, GOOGLEFINANCE(IF(ISBLANK(E23), D23, E23&"":""&D23), ""changepct"")/100)"),-0.005) | K23: 1 | L23: =K23 * H23 | O23: =(P23*12)+(Q23*4)+(R23*2)+(S23*1) | P23: =IFERROR((INDEX(차트데이터!$A:$BZ,254,MATCH(D23,차트데이터!$1:$1,0)+1)-INDEX(차트데이터!$A:$BZ,232,MATCH(D23,차트데이터!$1:$1,0)+1))/INDEX(차트데이터!$A:$BZ,232,MATCH(D23,차트데이터!$1:$1,0)+1),"") | Q23: =IFERROR((INDEX(차트데이터!$A:$BZ,254,MATCH(D23,차트데이터!$1:$1,0)+1)-INDEX(차트데이터!$A:$BZ,190,MATCH(D23,차트데이터!$1:$1,0)+1))/INDEX(차트데이터!$A:$BZ,190,MATCH(D23,차트데이터!$1:$1,0)+1),"") | R23: =IFERROR((INDEX(차트데이터!$A:$BZ,254,MATCH(D23,차트데이터!$1:$1,0)+1)-INDEX(차트데이터!$A:$BZ,127,MATCH(D23,차트데이터!$1:$1,0)+1))/INDEX(차트데이터!$A:$BZ,127,MATCH(D23,차트데이터!$1:$1,0)+1),"") | S23: =IFERROR((INDEX(차트데이터!$A:$BZ,254,MATCH(D23,차트데이터!$1:$1,0)+1)-INDEX(차트데이터!$A:$BZ,4,MATCH(D23,차트데이터!$1:$1,0)+1))/INDEX(차트데이터!$A:$BZ,4,MATCH(D23,차트데이터!$1:$1,0)+1),"")
D24: EEM | F24: =IFERROR(__xludf.DUMMYFUNCTION("IF(ISBLANK(D24), ""-"", GOOGLEFINANCE(IF(ISBLANK(E24), D24, E24&"":""&D24), ""name""))"),"iShares MSCI Emerging Markets ETF") | G24: 개발도상국 | H24: =IFERROR(__xludf.DUMMYFUNCTION("IF(ISBLANK(D24), 0, GOOGLEFINANCE(IF(ISBLANK(E24), D24, E24&"":""&D24), ""price""))"),61.07) | I24: =IFERROR(__xludf.DUMMYFUNCTION("IF(ISBLANK(D24), 0, GOOGLEFINANCE(IF(ISBLANK(E24), D24, E24&"":""&D24), ""change""))"),-1.29) | J24: =IFERROR(__xludf.DUMMYFUNCTION("IF(ISBLANK(D24), 0, GOOGLEFINANCE(IF(ISBLANK(E24), D24, E24&"":""&D24), ""changepct"")/100)"),-0.0207) | K24: 1 | L24: =K24 * H24 | O24: =(P24*12)+(Q24*4)+(R24*2)+(S24*1) | P24: =IFERROR((INDEX(차트데이터!$A:$BZ,254,MATCH(D24,차트데이터!$1:$1,0)+1)-INDEX(차트데이터!$A:$BZ,232,MATCH(D24,차트데이터!$1:$1,0)+1))/INDEX(차트데이터!$A:$BZ,232,MATCH(D24,차트데이터!$1:$1,0)+1),"") | Q24: =IFERROR((INDEX(차트데이터!$A:$BZ,254,MATCH(D24,차트데이터!$1:$1,0)+1)-INDEX(차트데이터!$A:$BZ,190,MATCH(D24,차트데이터!$1:$1,0)+1))/INDEX(차트데이터!$A:$BZ,190,MATCH(D24,차트데이터!$1:$1,0)+1),"") | R24: =IFERROR((INDEX(차트데이터!$A:$BZ,254,MATCH(D24,차트데이터!$1:$1,0)+1)-INDEX(차트데이터!$A:$BZ,127,MATCH(D24,차트데이터!$1:$1,0)+1))/INDEX(차트데이터!$A:$BZ,127,MATCH(D24,차트데이터!$1:$1,0)+1),"") | S24: =IFERROR((INDEX(차트데이터!$A:$BZ,254,MATCH(D24,차트데이터!$1:$1,0)+1)-INDEX(차트데이터!$A:$BZ,4,MATCH(D24,차트데이터!$1:$1,0)+1))/INDEX(차트데이터!$A:$BZ,4,MATCH(D24,차트데이터!$1:$1,0)+1),"") | X24: Date | Y24: Close | Z24: Ticker
D25: AGG | F25: =IFERROR(__xludf.DUMMYFUNCTION("IF(ISBLANK(D25), ""-"", GOOGLEFINANCE(IF(ISBLANK(E25), D25, E25&"":""&D25), ""name""))"),"iShares Core US Aggregate Bond ETF") | G25: 혼합채권 | H25: =IFERROR(__xludf.DUMMYFUNCTION("IF(ISBLANK(D25), 0, GOOGLEFINANCE(IF(ISBLANK(E25), D25, E25&"":""&D25), ""price""))"),97.55) | I25: =IFERROR(__xludf.DUMMYFUNCTION("IF(ISBLANK(D25), 0, GOOGLEFINANCE(IF(ISBLANK(E25), D25, E25&"":""&D25), ""change""))"),-0.37) | J25: =IFERROR(__xludf.DUMMYFUNCTION("IF(ISBLANK(D25), 0, GOOGLEFINANCE(IF(ISBLANK(E25), D25, E25&"":""&D25), ""changepct"")/100)"),-0.0038) | K25: 1 | L25: =K25 * H25 | O25: =(P25*12)+(Q25*4)+(R25*2)+(S25*1) | P25: =IFERROR((INDEX(차트데이터!$A:$BZ,254,MATCH(D25,차트데이터!$1:$1,0)+1)-INDEX(차트데이터!$A:$BZ,232,MATCH(D25,차트데이터!$1:$1,0)+1))/INDEX(차트데이터!$A:$BZ,232,MATCH(D25,차트데이터!$1:$1,0)+1),"") | Q25: =IFERROR((INDEX(차트데이터!$A:$BZ,254,MATCH(D25,차트데이터!$1:$1,0)+1)-INDEX(차트데이터!$A:$BZ,190,MATCH(D25,차트데이터!$1:$1,0)+1))/INDEX(차트데이터!$A:$BZ,190,MATCH(D25,차트데이터!$1:$1,0)+1),"") | R25: =IFERROR((INDEX(차트데이터!$A:$BZ,254,MATCH(D25,차트데이터!$1:$1,0)+1)-INDEX(차트데이터!$A:$BZ,127,MATCH(D25,차트데이터!$1:$1,0)+1))/INDEX(차트데이터!$A:$BZ,127,MATCH(D25,차트데이터!$1:$1,0)+1),"") | S25: =IFERROR((INDEX(차트데이터!$A:$BZ,254,MATCH(D25,차트데이터!$1:$1,0)+1)-INDEX(차트데이터!$A:$BZ,4,MATCH(D25,차트데이터!$1:$1,0)+1))/INDEX(차트데이터!$A:$BZ,4,MATCH(D25,차트데이터!$1:$1,0)+1),"") | X25: =IFERROR(INDEX(차트데이터!$A:$BZ,3,MATCH($Y$2,차트데이터!$1:$1,0)),"") | Y25: =IFERROR(INDEX(차트데이터!$A:$BZ,3,MATCH($Y$2,차트데이터!$1:$1,0)+1),"") | Z25: =$Y$2
D26: QQQ | F26: =IFERROR(__xludf.DUMMYFUNCTION("IF(ISBLANK(D26), ""-"", GOOGLEFINANCE(IF(ISBLANK(E26), D26, E26&"":""&D26), ""name""))"),"Invesco QQQ Trust, Series 1") | G26: 미국 주식 | H26: =IFERROR(__xludf.DUMMYFUNCTION("IF(ISBLANK(D26), 0, GOOGLEFINANCE(IF(ISBLANK(E26), D26, E26&"":""&D26), ""price""))"),661.73) | I26: =IFERROR(__xludf.DUMMYFUNCTION("IF(ISBLANK(D26), 0, GOOGLEFINANCE(IF(ISBLANK(E26), D26, E26&"":""&D26), ""change""))"),-13.76) | J26: =IFERROR(__xludf.DUMMYFUNCTION("IF(ISBLANK(D26), 0, GOOGLEFINANCE(IF(ISBLANK(E26), D26, E26&"":""&D26), ""changepct"")/100)"),-0.0204) | K26: 1 | L26: =K26 * H26 | P26: =IFERROR((INDEX(차트데이터!$A:$BZ,254,MATCH(D26,차트데이터!$1:$1,0)+1)-INDEX(차트데이터!$A:$BZ,232,MATCH(D26,차트데이터!$1:$1,0)+1))/INDEX(차트데이터!$A:$BZ,232,MATCH(D26,차트데이터!$1:$1,0)+1),"") | Q26: =IFERROR((INDEX(차트데이터!$A:$BZ,254,MATCH(D26,차트데이터!$1:$1,0)+1)-INDEX(차트데이터!$A:$BZ,190,MATCH(D26,차트데이터!$1:$1,0)+1))/INDEX(차트데이터!$A:$BZ,190,MATCH(D26,차트데이터!$1:$1,0)+1),"") | R26: =IFERROR((INDEX(차트데이터!$A:$BZ,254,MATCH(D26,차트데이터!$1:$1,0)+1)-INDEX(차트데이터!$A:$BZ,127,MATCH(D26,차트데이터!$1:$1,0)+1))/INDEX(차트데이터!$A:$BZ,127,MATCH(D26,차트데이터!$1:$1,0)+1),"") | S26: =IFERROR((INDEX(차트데이터!$A:$BZ,254,MATCH(D26,차트데이터!$1:$1,0)+1)-INDEX(차트데이터!$A:$BZ,4,MATCH(D26,차트데이터!$1:$1,0)+1))/INDEX(차트데이터!$A:$BZ,4,MATCH(D26,차트데이터!$1:$1,0)+1),"") | X26: =IFERROR(INDEX(차트데이터!$A:$BZ,4,MATCH($Y$2,차트데이터!$1:$1,0)),"") | Y26: =IFERROR(INDEX(차트데이터!$A:$BZ,4,MATCH($Y$2,차트데이터!$1:$1,0)+1),"") | Z26: =$Y$2
C27: BAA 안전자산 | D27: LQD | F27: =IFERROR(__xludf.DUMMYFUNCTION("IF(ISBLANK(D27), ""-"", GOOGLEFINANCE(IF(ISBLANK(E27), D27, E27&"":""&D27), ""name""))"),"iShares iBoxx $ Inv Grade Corporate Bond ETF") | G27: 미국회사채 | H27: =IFERROR(__xludf.DUMMYFUNCTION("IF(ISBLANK(D27), 0, GOOGLEFINANCE(IF(ISBLANK(E27), D27, E27&"":""&D27), ""price""))"),106.22) | I27: =IFERROR(__xludf.DUMMYFUNCTION("IF(ISBLANK(D27), 0, GOOGLEFINANCE(IF(ISBLANK(E27), D27, E27&"":""&D27), ""change""))"),-0.61) | J27: =IFERROR(__xludf.DUMMYFUNCTION("IF(ISBLANK(D27), 0, GOOGLEFINANCE(IF(ISBLANK(E27), D27, E27&"":""&D27), ""changepct"")/100)"),-0.00569999999999999) | K27: 1 | L27: =K27 * H27 | O27: =(P27*12)+(Q27*4)+(R27*2)+(S27*1) | P27: =IFERROR((INDEX(차트데이터!$A:$BZ,254,MATCH(D27,차트데이터!$1:$1,0)+1)-INDEX(차트데이터!$A:$BZ,232,MATCH(D27,차트데이터!$1:$1,0)+1))/INDEX(차트데이터!$A:$BZ,232,MATCH(D27,차트데이터!$1:$1,0)+1),"") | Q27: =IFERROR((INDEX(차트데이터!$A:$BZ,254,MATCH(D27,차트데이터!$1:$1,0)+1)-INDEX(차트데이터!$A:$BZ,190,MATCH(D27,차트데이터!$1:$1,0)+1))/INDEX(차트데이터!$A:$BZ,190,MATCH(D27,차트데이터!$1:$1,0)+1),"") | R27: =IFERROR((INDEX(차트데이터!$A:$BZ,254,MATCH(D27,차트데이터!$1:$1,0)+1)-INDEX(차트데이터!$A:$BZ,127,MATCH(D27,차트데이터!$1:$1,0)+1))/INDEX(차트데이터!$A:$BZ,127,MATCH(D27,차트데이터!$1:$1,0)+1),"") | S27: =IFERROR((INDEX(차트데이터!$A:$BZ,254,MATCH(D27,차트데이터!$1:$1,0)+1)-INDEX(차트데이터!$A:$BZ,4,MATCH(D27,차트데이터!$1:$1,0)+1))/INDEX(차트데이터!$A:$BZ,4,MATCH(D27,차트데이터!$1:$1,0)+1),"") | V27: 현재가격/12개월 이동평균이 높은 3개에 투자 But,현재가격이 이동평균보다 낮으면 현금으로 보유 | X27: =IFERROR(INDEX(차트데이터!$A:$BZ,5,MATCH($Y$2,차트데이터!$1:$1,0)),"") | Y27: =IFERROR(INDEX(차트데이터!$A:$BZ,5,MATCH($Y$2,차트데이터!$1:$1,0)+1),"") | Z27: =$Y$2
D28: IEF | F28: =IFERROR(__xludf.DUMMYFUNCTION("IF(ISBLANK(D28), ""-"", GOOGLEFINANCE(IF(ISBLANK(E28), D28, E28&"":""&D28), ""name""))"),"iShares 7-10 Year Treasury Bond ETF") | G28: 미국중기국채 | H28: =IFERROR(__xludf.DUMMYFUNCTION("IF(ISBLANK(D28), 0, GOOGLEFINANCE(IF(ISBLANK(E28), D28, E28&"":""&D28), ""price""))"),93.17) | I28: =IFERROR(__xludf.DUMMYFUNCTION("IF(ISBLANK(D28), 0, GOOGLEFINANCE(IF(ISBLANK(E28), D28, E28&"":""&D28), ""change""))"),-0.39) | J28: =IFERROR(__xludf.DUMMYFUNCTION("IF(ISBLANK(D28), 0, GOOGLEFINANCE(IF(ISBLANK(E28), D28, E28&"":""&D28), ""changepct"")/100)"),-0.0042) | K28: 1 | L28: =K28 * H28 | O28: =(P28*12)+(Q28*4)+(R28*2)+(S28*1) | P28: =IFERROR((INDEX(차트데이터!$A:$BZ,254,MATCH(D28,차트데이터!$1:$1,0)+1)-INDEX(차트데이터!$A:$BZ,232,MATCH(D28,차트데이터!$1:$1,0)+1))/INDEX(차트데이터!$A:$BZ,232,MATCH(D28,차트데이터!$1:$1,0)+1),"") | Q28: =IFERROR((INDEX(차트데이터!$A:$BZ,254,MATCH(D28,차트데이터!$1:$1,0)+1)-INDEX(차트데이터!$A:$BZ,190,MATCH(D28,차트데이터!$1:$1,0)+1))/INDEX(차트데이터!$A:$BZ,190,MATCH(D28,차트데이터!$1:$1,0)+1),"") | R28: =IFERROR((INDEX(차트데이터!$A:$BZ,254,MATCH(D28,차트데이터!$1:$1,0)+1)-INDEX(차트데이터!$A:$BZ,127,MATCH(D28,차트데이터!$1:$1,0)+1))/INDEX(차트데이터!$A:$BZ,127,MATCH(D28,차트데이터!$1:$1,0)+1),"") | S28: =IFERROR((INDEX(차트데이터!$A:$BZ,254,MATCH(D28,차트데이터!$1:$1,0)+1)-INDEX(차트데이터!$A:$BZ,4,MATCH(D28,차트데이터!$1:$1,0)+1))/INDEX(차트데이터!$A:$BZ,4,MATCH(D28,차트데이터!$1:$1,0)+1),"") | X28: =IFERROR(INDEX(차트데이터!$A:$BZ,6,MATCH($Y$2,차트데이터!$1:$1,0)),"") | Y28: =IFERROR(INDEX(차트데이터!$A:$BZ,6,MATCH($Y$2,차트데이터!$1:$1,0)+1),"") | Z28: =$Y$2
D29: BIL | F29: =IFERROR(__xludf.DUMMYFUNCTION("IF(ISBLANK(D29), ""-"", GOOGLEFINANCE(IF(ISBLANK(E29), D29, E29&"":""&D29), ""name""))"),"State Street SPDR Bloomberg 1-3 Month T-Bill ETF") | G29: 미국초단기채권 | H29: =IFERROR(__xludf.DUMMYFUNCTION("IF(ISBLANK(D29), 0, GOOGLEFINANCE(IF(ISBLANK(E29), D29, E29&"":""&D29), ""price""))"),91.64) | I29: =IFERROR(__xludf.DUMMYFUNCTION("IF(ISBLANK(D29), 0, GOOGLEFINANCE(IF(ISBLANK(E29), D29, E29&"":""&D29), ""change""))"),0.01) | J29: =IFERROR(__xludf.DUMMYFUNCTION("IF(ISBLANK(D29), 0, GOOGLEFINANCE(IF(ISBLANK(E29), D29, E29&"":""&D29), ""changepct"")/100)"),0.0001) | K29: 1 | L29: =K29 * H29 | O29: =(P29*12)+(Q29*4)+(R29*2)+(S29*1) | P29: =IFERROR((INDEX(차트데이터!$A:$BZ,254,MATCH(D29,차트데이터!$1:$1,0)+1)-INDEX(차트데이터!$A:$BZ,232,MATCH(D29,차트데이터!$1:$1,0)+1))/INDEX(차트데이터!$A:$BZ,232,MATCH(D29,차트데이터!$1:$1,0)+1),"") | Q29: =IFERROR((INDEX(차트데이터!$A:$BZ,254,MATCH(D29,차트데이터!$1:$1,0)+1)-INDEX(차트데이터!$A:$BZ,190,MATCH(D29,차트데이터!$1:$1,0)+1))/INDEX(차트데이터!$A:$BZ,190,MATCH(D29,차트데이터!$1:$1,0)+1),"") | R29: =IFERROR((INDEX(차트데이터!$A:$BZ,254,MATCH(D29,차트데이터!$1:$1,0)+1)-INDEX(차트데이터!$A:$BZ,127,MATCH(D29,차트데이터!$1:$1,0)+1))/INDEX(차트데이터!$A:$BZ,127,MATCH(D29,차트데이터!$1:$1,0)+1),"") | S29: =IFERROR((INDEX(차트데이터!$A:$BZ,254,MATCH(D29,차트데이터!$1:$1,0)+1)-INDEX(차트데이터!$A:$BZ,4,MATCH(D29,차트데이터!$1:$1,0)+1))/INDEX(차트데이터!$A:$BZ,4,MATCH(D29,차트데이터!$1:$1,0)+1),"") | X29: =IFERROR(INDEX(차트데이터!$A:$BZ,7,MATCH($Y$2,차트데이터!$1:$1,0)),"") | Y29: =IFERROR(INDEX(차트데이터!$A:$BZ,7,MATCH($Y$2,차트데이터!$1:$1,0)+1),"") | Z29: =$Y$2
D30: TLT | F30: =IFERROR(__xludf.DUMMYFUNCTION("IF(ISBLANK(D30), ""-"", GOOGLEFINANCE(IF(ISBLANK(E30), D30, E30&"":""&D30), ""name""))"),"iShares 20+ Year Treasury Bond ETF") | G30: 미국장기국채 | H30: =IFERROR(__xludf.DUMMYFUNCTION("IF(ISBLANK(D30), 0, GOOGLEFINANCE(IF(ISBLANK(E30), D30, E30&"":""&D30), ""price""))"),82.85) | I30: =IFERROR(__xludf.DUMMYFUNCTION("IF(ISBLANK(D30), 0, GOOGLEFINANCE(IF(ISBLANK(E30), D30, E30&"":""&D30), ""change""))"),-1.39) | J30: =IFERROR(__xludf.DUMMYFUNCTION("IF(ISBLANK(D30), 0, GOOGLEFINANCE(IF(ISBLANK(E30), D30, E30&"":""&D30), ""changepct"")/100)"),-0.0165) | K30: 1 | L30: =K30 * H30 | O30: =(P30*12)+(Q30*4)+(R30*2)+(S30*1) | P30: =IFERROR((INDEX(차트데이터!$A:$BZ,254,MATCH(D30,차트데이터!$1:$1,0)+1)-INDEX(차트데이터!$A:$BZ,232,MATCH(D30,차트데이터!$1:$1,0)+1))/INDEX(차트데이터!$A:$BZ,232,MATCH(D30,차트데이터!$1:$1,0)+1),"") | Q30: =IFERROR((INDEX(차트데이터!$A:$BZ,254,MATCH(D30,차트데이터!$1:$1,0)+1)-INDEX(차트데이터!$A:$BZ,190,MATCH(D30,차트데이터!$1:$1,0)+1))/INDEX(차트데이터!$A:$BZ,190,MATCH(D30,차트데이터!$1:$1,0)+1),"") | R30: =IFERROR((INDEX(차트데이터!$A:$BZ,254,MATCH(D30,차트데이터!$1:$1,0)+1)-INDEX(차트데이터!$A:$BZ,127,MATCH(D30,차트데이터!$1:$1,0)+1))/INDEX(차트데이터!$A:$BZ,127,MATCH(D30,차트데이터!$1:$1,0)+1),"") | S30: =IFERROR((INDEX(차트데이터!$A:$BZ,254,MATCH(D30,차트데이터!$1:$1,0)+1)-INDEX(차트데이터!$A:$BZ,4,MATCH(D30,차트데이터!$1:$1,0)+1))/INDEX(차트데이터!$A:$BZ,4,MATCH(D30,차트데이터!$1:$1,0)+1),"") | X30: =IFERROR(INDEX(차트데이터!$A:$BZ,8,MATCH($Y$2,차트데이터!$1:$1,0)),"") | Y30: =IFERROR(INDEX(차트데이터!$A:$BZ,8,MATCH($Y$2,차트데이터!$1:$1,0)+1),"") | Z30: =$Y$2
D31: TIP | F31: =IFERROR(__xludf.DUMMYFUNCTION("IF(ISBLANK(D31), ""-"", GOOGLEFINANCE(IF(ISBLANK(E31), D31, E31&"":""&D31), ""name""))"),"iShares TIPS Bond ETF") | G31: 미국물가연동채 | H31: =IFERROR(__xludf.DUMMYFUNCTION("IF(ISBLANK(D31), 0, GOOGLEFINANCE(IF(ISBLANK(E31), D31, E31&"":""&D31), ""price""))"),107.77) | I31: =IFERROR(__xludf.DUMMYFUNCTION("IF(ISBLANK(D31), 0, GOOGLEFINANCE(IF(ISBLANK(E31), D31, E31&"":""&D31), ""change""))"),0.11) | J31: =IFERROR(__xludf.DUMMYFUNCTION("IF(ISBLANK(D31), 0, GOOGLEFINANCE(IF(ISBLANK(E31), D31, E31&"":""&D31), ""changepct"")/100)"),0.001) | K31: 1 | L31: =K31 * H31 | O31: =(P31*12)+(Q31*4)+(R31*2)+(S31*1) | P31: =IFERROR((INDEX(차트데이터!$A:$BZ,254,MATCH(D31,차트데이터!$1:$1,0)+1)-INDEX(차트데이터!$A:$BZ,232,MATCH(D31,차트데이터!$1:$1,0)+1))/INDEX(차트데이터!$A:$BZ,232,MATCH(D31,차트데이터!$1:$1,0)+1),"") | Q31: =IFERROR((INDEX(차트데이터!$A:$BZ,254,MATCH(D31,차트데이터!$1:$1,0)+1)-INDEX(차트데이터!$A:$BZ,190,MATCH(D31,차트데이터!$1:$1,0)+1))/INDEX(차트데이터!$A:$BZ,190,MATCH(D31,차트데이터!$1:$1,0)+1),"") | R31: =IFERROR((INDEX(차트데이터!$A:$BZ,254,MATCH(D31,차트데이터!$1:$1,0)+1)-INDEX(차트데이터!$A:$BZ,127,MATCH(D31,차트데이터!$1:$1,0)+1))/INDEX(차트데이터!$A:$BZ,127,MATCH(D31,차트데이터!$1:$1,0)+1),"") | S31: =IFERROR((INDEX(차트데이터!$A:$BZ,254,MATCH(D31,차트데이터!$1:$1,0)+1)-INDEX(차트데이터!$A:$BZ,4,MATCH(D31,차트데이터!$1:$1,0)+1))/INDEX(차트데이터!$A:$BZ,4,MATCH(D31,차트데이터!$1:$1,0)+1),"") | X31: =IFERROR(INDEX(차트데이터!$A:$BZ,9,MATCH($Y$2,차트데이터!$1:$1,0)),"") | Y31: =IFERROR(INDEX(차트데이터!$A:$BZ,9,MATCH($Y$2,차트데이터!$1:$1,0)+1),"") | Z31: =$Y$2
D32: BND | F32: =IFERROR(__xludf.DUMMYFUNCTION("IF(ISBLANK(D32), ""-"", GOOGLEFINANCE(IF(ISBLANK(E32), D32, E32&"":""&D32), ""name""))"),"Vanguard Total Bond Market Index Fund ETF") | G32: 미국잡채권 | H32: =IFERROR(__xludf.DUMMYFUNCTION("IF(ISBLANK(D32), 0, GOOGLEFINANCE(IF(ISBLANK(E32), D32, E32&"":""&D32), ""price""))"),72.38) | I32: =IFERROR(__xludf.DUMMYFUNCTION("IF(ISBLANK(D32), 0, GOOGLEFINANCE(IF(ISBLANK(E32), D32, E32&"":""&D32), ""change""))"),-0.26) | J32: =IFERROR(__xludf.DUMMYFUNCTION("IF(ISBLANK(D32), 0, GOOGLEFINANCE(IF(ISBLANK(E32), D32, E32&"":""&D32), ""changepct"")/100)"),-0.0036) | K32: 1 | L32: =K32 * H32 | O32: =(P32*12)+(Q32*4)+(R32*2)+(S32*1) | P32: =IFERROR((INDEX(차트데이터!$A:$BZ,254,MATCH(D32,차트데이터!$1:$1,0)+1)-INDEX(차트데이터!$A:$BZ,232,MATCH(D32,차트데이터!$1:$1,0)+1))/INDEX(차트데이터!$A:$BZ,232,MATCH(D32,차트데이터!$1:$1,0)+1),"") | Q32: =IFERROR((INDEX(차트데이터!$A:$BZ,254,MATCH(D32,차트데이터!$1:$1,0)+1)-INDEX(차트데이터!$A:$BZ,190,MATCH(D32,차트데이터!$1:$1,0)+1))/INDEX(차트데이터!$A:$BZ,190,MATCH(D32,차트데이터!$1:$1,0)+1),"") | R32: =IFERROR((INDEX(차트데이터!$A:$BZ,254,MATCH(D32,차트데이터!$1:$1,0)+1)-INDEX(차트데이터!$A:$BZ,127,MATCH(D32,차트데이터!$1:$1,0)+1))/INDEX(차트데이터!$A:$BZ,127,MATCH(D32,차트데이터!$1:$1,0)+1),"") | S32: =IFERROR((INDEX(차트데이터!$A:$BZ,254,MATCH(D32,차트데이터!$1:$1,0)+1)-INDEX(차트데이터!$A:$BZ,4,MATCH(D32,차트데이터!$1:$1,0)+1))/INDEX(차트데이터!$A:$BZ,4,MATCH(D32,차트데이터!$1:$1,0)+1),"") | X32: =IFERROR(INDEX(차트데이터!$A:$BZ,10,MATCH($Y$2,차트데이터!$1:$1,0)),"") | Y32: =IFERROR(INDEX(차트데이터!$A:$BZ,10,MATCH($Y$2,차트데이터!$1:$1,0)+1),"") | Z32: =$Y$2
D33: DBC | F33: =IFERROR(__xludf.DUMMYFUNCTION("IF(ISBLANK(D33), ""-"", GOOGLEFINANCE(IF(ISBLANK(E33), D33, E33&"":""&D33), ""name""))"),"Invesco DB Commodity Index Tracking Fund") | G33: 원자재 | H33: =IFERROR(__xludf.DUMMYFUNCTION("IF(ISBLANK(D33), 0, GOOGLEFINANCE(IF(ISBLANK(E33), D33, E33&"":""&D33), ""price""))"),29.42) | I33: =IFERROR(__xludf.DUMMYFUNCTION("IF(ISBLANK(D33), 0, GOOGLEFINANCE(IF(ISBLANK(E33), D33, E33&"":""&D33), ""change""))"),0.82) | J33: =IFERROR(__xludf.DUMMYFUNCTION("IF(ISBLANK(D33), 0, GOOGLEFINANCE(IF(ISBLANK(E33), D33, E33&"":""&D33), ""changepct"")/100)"),0.0287) | K33: 1 | L33: =K33 * H33 | O33: =(P33*12)+(Q33*4)+(R33*2)+(S33*1) | P33: =IFERROR((INDEX(차트데이터!$A:$BZ,254,MATCH(D33,차트데이터!$1:$1,0)+1)-INDEX(차트데이터!$A:$BZ,232,MATCH(D33,차트데이터!$1:$1,0)+1))/INDEX(차트데이터!$A:$BZ,232,MATCH(D33,차트데이터!$1:$1,0)+1),"") | Q33: =IFERROR((INDEX(차트데이터!$A:$BZ,254,MATCH(D33,차트데이터!$1:$1,0)+1)-INDEX(차트데이터!$A:$BZ,190,MATCH(D33,차트데이터!$1:$1,0)+1))/INDEX(차트데이터!$A:$BZ,190,MATCH(D33,차트데이터!$1:$1,0)+1),"") | R33: =IFERROR((INDEX(차트데이터!$A:$BZ,254,MATCH(D33,차트데이터!$1:$1,0)+1)-INDEX(차트데이터!$A:$BZ,127,MATCH(D33,차트데이터!$1:$1,0)+1))/INDEX(차트데이터!$A:$BZ,127,MATCH(D33,차트데이터!$1:$1,0)+1),"") | S33: =IFERROR((INDEX(차트데이터!$A:$BZ,254,MATCH(D33,차트데이터!$1:$1,0)+1)-INDEX(차트데이터!$A:$BZ,4,MATCH(D33,차트데이터!$1:$1,0)+1))/INDEX(차트데이터!$A:$BZ,4,MATCH(D33,차트데이터!$1:$1,0)+1),"") | X33: =IFERROR(INDEX(차트데이터!$A:$BZ,11,MATCH($Y$2,차트데이터!$1:$1,0)),"") | Y33: =IFERROR(INDEX(차트데이터!$A:$BZ,11,MATCH($Y$2,차트데이터!$1:$1,0)+1),"") | Z33: =$Y$2
X34: =IFERROR(INDEX(차트데이터!$A:$BZ,12,MATCH($Y$2,차트데이터!$1:$1,0)),"") | Y34: =IFERROR(INDEX(차트데이터!$A:$BZ,12,MATCH($Y$2,차트데이터!$1:$1,0)+1),"") | Z34: =$Y$2
X35: =IFERROR(INDEX(차트데이터!$A:$BZ,13,MATCH($Y$2,차트데이터!$1:$1,0)),"") | Y35: =IFERROR(INDEX(차트데이터!$A:$BZ,13,MATCH($Y$2,차트데이터!$1:$1,0)+1),"") | Z35: =$Y$2
A36: 변형듀얼모멘텀 | C36: 공격자산 | D36: SPY | F36: =IFERROR(__xludf.DUMMYFUNCTION("IF(ISBLANK(D36), ""-"", GOOGLEFINANCE(IF(ISBLANK(E36), D36, E36&"":""&D36), ""name""))"),"State Street SPDR S&P 500 ETF Trust") | G36: 미국 주식 | H36: =IFERROR(__xludf.DUMMYFUNCTION("IF(ISBLANK(D36), 0, GOOGLEFINANCE(IF(ISBLANK(E36), D36, E36&"":""&D36), ""price""))"),729.46) | I36: =IFERROR(__xludf.DUMMYFUNCTION("IF(ISBLANK(D36), 0, GOOGLEFINANCE(IF(ISBLANK(E36), D36, E36&"":""&D36), ""change""))"),-11.4) | J36: =IFERROR(__xludf.DUMMYFUNCTION("IF(ISBLANK(D36), 0, GOOGLEFINANCE(IF(ISBLANK(E36), D36, E36&"":""&D36), ""changepct"")/100)"),-0.0154) | K36: 1 | L36: =K36 * H36 | O36: =(P36*12)+(Q36*4)+(R36*2)+(S36*1) | P36: =IFERROR((INDEX(차트데이터!$A:$BZ,254,MATCH(D36,차트데이터!$1:$1,0)+1)-INDEX(차트데이터!$A:$BZ,232,MATCH(D36,차트데이터!$1:$1,0)+1))/INDEX(차트데이터!$A:$BZ,232,MATCH(D36,차트데이터!$1:$1,0)+1),"") | Q36: =IFERROR((INDEX(차트데이터!$A:$BZ,254,MATCH(D36,차트데이터!$1:$1,0)+1)-INDEX(차트데이터!$A:$BZ,190,MATCH(D36,차트데이터!$1:$1,0)+1))/INDEX(차트데이터!$A:$BZ,190,MATCH(D36,차트데이터!$1:$1,0)+1),"") | R36: =IFERROR((INDEX(차트데이터!$A:$BZ,254,MATCH(D36,차트데이터!$1:$1,0)+1)-INDEX(차트데이터!$A:$BZ,127,MATCH(D36,차트데이터!$1:$1,0)+1))/INDEX(차트데이터!$A:$BZ,127,MATCH(D36,차트데이터!$1:$1,0)+1),"") | S36: =IFERROR((INDEX(차트데이터!$A:$BZ,254,MATCH(D36,차트데이터!$1:$1,0)+1)-INDEX(차트데이터!$A:$BZ,4,MATCH(D36,차트데이터!$1:$1,0)+1))/INDEX(차트데이터!$A:$BZ,4,MATCH(D36,차트데이터!$1:$1,0)+1),"") | V36: 둘중 높은자산에 투자 But, 1년 수익이 0 이하면 | X36: =IFERROR(INDEX(차트데이터!$A:$BZ,14,MATCH($Y$2,차트데이터!$1:$1,0)),"") | Y36: =IFERROR(INDEX(차트데이터!$A:$BZ,14,MATCH($Y$2,차트데이터!$1:$1,0)+1),"") | Z36: =$Y$2
D37: EFA | F37: =IFERROR(__xludf.DUMMYFUNCTION("IF(ISBLANK(D37), ""-"", GOOGLEFINANCE(IF(ISBLANK(E37), D37, E37&"":""&D37), ""name""))"),"iShares MSCI EAFE ETF") | H37: =IFERROR(__xludf.DUMMYFUNCTION("IF(ISBLANK(D37), 0, GOOGLEFINANCE(IF(ISBLANK(E37), D37, E37&"":""&D37), ""price""))"),103.37) | I37: =IFERROR(__xludf.DUMMYFUNCTION("IF(ISBLANK(D37), 0, GOOGLEFINANCE(IF(ISBLANK(E37), D37, E37&"":""&D37), ""change""))"),-0.52) | J37: =IFERROR(__xludf.DUMMYFUNCTION("IF(ISBLANK(D37), 0, GOOGLEFINANCE(IF(ISBLANK(E37), D37, E37&"":""&D37), ""changepct"")/100)"),-0.005) | K37: 1 | L37: =K37 * H37 | O37: =(P37*12)+(Q37*4)+(R37*2)+(S37*1) | P37: =IFERROR((INDEX(차트데이터!$A:$BZ,254,MATCH(D37,차트데이터!$1:$1,0)+1)-INDEX(차트데이터!$A:$BZ,232,MATCH(D37,차트데이터!$1:$1,0)+1))/INDEX(차트데이터!$A:$BZ,232,MATCH(D37,차트데이터!$1:$1,0)+1),"") | Q37: =IFERROR((INDEX(차트데이터!$A:$BZ,254,MATCH(D37,차트데이터!$1:$1,0)+1)-INDEX(차트데이터!$A:$BZ,190,MATCH(D37,차트데이터!$1:$1,0)+1))/INDEX(차트데이터!$A:$BZ,190,MATCH(D37,차트데이터!$1:$1,0)+1),"") | R37: =IFERROR((INDEX(차트데이터!$A:$BZ,254,MATCH(D37,차트데이터!$1:$1,0)+1)-INDEX(차트데이터!$A:$BZ,127,MATCH(D37,차트데이터!$1:$1,0)+1))/INDEX(차트데이터!$A:$BZ,127,MATCH(D37,차트데이터!$1:$1,0)+1),"") | S37: =IFERROR((INDEX(차트데이터!$A:$BZ,254,MATCH(D37,차트데이터!$1:$1,0)+1)-INDEX(차트데이터!$A:$BZ,4,MATCH(D37,차트데이터!$1:$1,0)+1))/INDEX(차트데이터!$A:$BZ,4,MATCH(D37,차트데이터!$1:$1,0)+1),"") | X37: =IFERROR(INDEX(차트데이터!$A:$BZ,15,MATCH($Y$2,차트데이터!$1:$1,0)),"") | Y37: =IFERROR(INDEX(차트데이터!$A:$BZ,15,MATCH($Y$2,차트데이터!$1:$1,0)+1),"") | Z37: =$Y$2
F38: =IFERROR(__xludf.DUMMYFUNCTION("IF(ISBLANK(D38), ""-"", GOOGLEFINANCE(IF(ISBLANK(E38), D38, E38&"":""&D38), ""name""))"),"-") | H38: =IFERROR(__xludf.DUMMYFUNCTION("IF(ISBLANK(D38), 0, GOOGLEFINANCE(IF(ISBLANK(E38), D38, E38&"":""&D38), ""price""))"),0) | I38: =IFERROR(__xludf.DUMMYFUNCTION("IF(ISBLANK(D38), 0, GOOGLEFINANCE(IF(ISBLANK(E38), D38, E38&"":""&D38), ""change""))"),0) | J38: =IFERROR(__xludf.DUMMYFUNCTION("IF(ISBLANK(D38), 0, GOOGLEFINANCE(IF(ISBLANK(E38), D38, E38&"":""&D38), ""changepct"")/100)"),0) | L38: =K38 * H38 | O38: =(P38*12)+(Q38*4)+(R38*2)+(S38*1) | P38: =IFERROR((INDEX(차트데이터!$A:$BZ,254,MATCH(D38,차트데이터!$1:$1,0)+1)-INDEX(차트데이터!$A:$BZ,232,MATCH(D38,차트데이터!$1:$1,0)+1))/INDEX(차트데이터!$A:$BZ,232,MATCH(D38,차트데이터!$1:$1,0)+1),"") | Q38: =IFERROR((INDEX(차트데이터!$A:$BZ,254,MATCH(D38,차트데이터!$1:$1,0)+1)-INDEX(차트데이터!$A:$BZ,190,MATCH(D38,차트데이터!$1:$1,0)+1))/INDEX(차트데이터!$A:$BZ,190,MATCH(D38,차트데이터!$1:$1,0)+1),"") | R38: =IFERROR((INDEX(차트데이터!$A:$BZ,254,MATCH(D38,차트데이터!$1:$1,0)+1)-INDEX(차트데이터!$A:$BZ,127,MATCH(D38,차트데이터!$1:$1,0)+1))/INDEX(차트데이터!$A:$BZ,127,MATCH(D38,차트데이터!$1:$1,0)+1),"") | S38: =IFERROR((INDEX(차트데이터!$A:$BZ,254,MATCH(D38,차트데이터!$1:$1,0)+1)-INDEX(차트데이터!$A:$BZ,4,MATCH(D38,차트데이터!$1:$1,0)+1))/INDEX(차트데이터!$A:$BZ,4,MATCH(D38,차트데이터!$1:$1,0)+1),"") | X38: =IFERROR(INDEX(차트데이터!$A:$BZ,16,MATCH($Y$2,차트데이터!$1:$1,0)),"") | Y38: =IFERROR(INDEX(차트데이터!$A:$BZ,16,MATCH($Y$2,차트데이터!$1:$1,0)+1),"") | Z38: =$Y$2
C39: 안전자산 8개 채권 | D39: SHY | F39: =IFERROR(__xludf.DUMMYFUNCTION("IF(ISBLANK(D39), ""-"", GOOGLEFINANCE(IF(ISBLANK(E39), D39, E39&"":""&D39), ""name""))"),"iShares 1-3 Year Treasury Bond ETF") | G39: 미국단기국채 | H39: =IFERROR(__xludf.DUMMYFUNCTION("IF(ISBLANK(D39), 0, GOOGLEFINANCE(IF(ISBLANK(E39), D39, E39&"":""&D39), ""price""))"),81.99) | I39: =IFERROR(__xludf.DUMMYFUNCTION("IF(ISBLANK(D39), 0, GOOGLEFINANCE(IF(ISBLANK(E39), D39, E39&"":""&D39), ""change""))"),0.05) | J39: =IFERROR(__xludf.DUMMYFUNCTION("IF(ISBLANK(D39), 0, GOOGLEFINANCE(IF(ISBLANK(E39), D39, E39&"":""&D39), ""changepct"")/100)"),0.0006) | K39: 1 | L39: =K39 * H39 | O39: =(P39*12)+(Q39*4)+(R39*2)+(S39*1) | P39: =IFERROR((INDEX(차트데이터!$A:$BZ,254,MATCH(D39,차트데이터!$1:$1,0)+1)-INDEX(차트데이터!$A:$BZ,232,MATCH(D39,차트데이터!$1:$1,0)+1))/INDEX(차트데이터!$A:$BZ,232,MATCH(D39,차트데이터!$1:$1,0)+1),"") | Q39: =IFERROR((INDEX(차트데이터!$A:$BZ,254,MATCH(D39,차트데이터!$1:$1,0)+1)-INDEX(차트데이터!$A:$BZ,190,MATCH(D39,차트데이터!$1:$1,0)+1))/INDEX(차트데이터!$A:$BZ,190,MATCH(D39,차트데이터!$1:$1,0)+1),"") | R39: =IFERROR((INDEX(차트데이터!$A:$BZ,254,MATCH(D39,차트데이터!$1:$1,0)+1)-INDEX(차트데이터!$A:$BZ,127,MATCH(D39,차트데이터!$1:$1,0)+1))/INDEX(차트데이터!$A:$BZ,127,MATCH(D39,차트데이터!$1:$1,0)+1),"") | S39: =IFERROR((INDEX(차트데이터!$A:$BZ,254,MATCH(D39,차트데이터!$1:$1,0)+1)-INDEX(차트데이터!$A:$BZ,4,MATCH(D39,차트데이터!$1:$1,0)+1))/INDEX(차트데이터!$A:$BZ,4,MATCH(D39,차트데이터!$1:$1,0)+1),"") | V39: 6개월 최고수익 3개 채권매수 But, 3개 채권중 0이하인 자산은 현금으로 보유 | X39: =IFERROR(INDEX(차트데이터!$A:$BZ,17,MATCH($Y$2,차트데이터!$1:$1,0)),"") | Y39: =IFERROR(INDEX(차트데이터!$A:$BZ,17,MATCH($Y$2,차트데이터!$1:$1,0)+1),"") | Z39: =$Y$2
D40: IEF | F40: =IFERROR(__xludf.DUMMYFUNCTION("IF(ISBLANK(D40), ""-"", GOOGLEFINANCE(IF(ISBLANK(E40), D40, E40&"":""&D40), ""name""))"),"iShares 7-10 Year Treasury Bond ETF") | G40: 미국중기국채 | H40: =IFERROR(__xludf.DUMMYFUNCTION("IF(ISBLANK(D40), 0, GOOGLEFINANCE(IF(ISBLANK(E40), D40, E40&"":""&D40), ""price""))"),93.17) | I40: =IFERROR(__xludf.DUMMYFUNCTION("IF(ISBLANK(D40), 0, GOOGLEFINANCE(IF(ISBLANK(E40), D40, E40&"":""&D40), ""change""))"),-0.39) | J40: =IFERROR(__xludf.DUMMYFUNCTION("IF(ISBLANK(D40), 0, GOOGLEFINANCE(IF(ISBLANK(E40), D40, E40&"":""&D40), ""changepct"")/100)"),-0.0042) | K40: 1 | L40: =K40 * H40 | O40: =(P40*12)+(Q40*4)+(R40*2)+(S40*1) | P40: =IFERROR((INDEX(차트데이터!$A:$BZ,254,MATCH(D40,차트데이터!$1:$1,0)+1)-INDEX(차트데이터!$A:$BZ,232,MATCH(D40,차트데이터!$1:$1,0)+1))/INDEX(차트데이터!$A:$BZ,232,MATCH(D40,차트데이터!$1:$1,0)+1),"") | Q40: =IFERROR((INDEX(차트데이터!$A:$BZ,254,MATCH(D40,차트데이터!$1:$1,0)+1)-INDEX(차트데이터!$A:$BZ,190,MATCH(D40,차트데이터!$1:$1,0)+1))/INDEX(차트데이터!$A:$BZ,190,MATCH(D40,차트데이터!$1:$1,0)+1),"") | R40: =IFERROR((INDEX(차트데이터!$A:$BZ,254,MATCH(D40,차트데이터!$1:$1,0)+1)-INDEX(차트데이터!$A:$BZ,127,MATCH(D40,차트데이터!$1:$1,0)+1))/INDEX(차트데이터!$A:$BZ,127,MATCH(D40,차트데이터!$1:$1,0)+1),"") | S40: =IFERROR((INDEX(차트데이터!$A:$BZ,254,MATCH(D40,차트데이터!$1:$1,0)+1)-INDEX(차트데이터!$A:$BZ,4,MATCH(D40,차트데이터!$1:$1,0)+1))/INDEX(차트데이터!$A:$BZ,4,MATCH(D40,차트데이터!$1:$1,0)+1),"") | X40: =IFERROR(INDEX(차트데이터!$A:$BZ,18,MATCH($Y$2,차트데이터!$1:$1,0)),"") | Y40: =IFERROR(INDEX(차트데이터!$A:$BZ,18,MATCH($Y$2,차트데이터!$1:$1,0)+1),"") | Z40: =$Y$2
D41: TLT | F41: =IFERROR(__xludf.DUMMYFUNCTION("IF(ISBLANK(D41), ""-"", GOOGLEFINANCE(IF(ISBLANK(E41), D41, E41&"":""&D41), ""name""))"),"iShares 20+ Year Treasury Bond ETF") | G41: 미국장기국채 | H41: =IFERROR(__xludf.DUMMYFUNCTION("IF(ISBLANK(D41), 0, GOOGLEFINANCE(IF(ISBLANK(E41), D41, E41&"":""&D41), ""price""))"),82.85) | I41: =IFERROR(__xludf.DUMMYFUNCTION("IF(ISBLANK(D41), 0, GOOGLEFINANCE(IF(ISBLANK(E41), D41, E41&"":""&D41), ""change""))"),-1.39) | J41: =IFERROR(__xludf.DUMMYFUNCTION("IF(ISBLANK(D41), 0, GOOGLEFINANCE(IF(ISBLANK(E41), D41, E41&"":""&D41), ""changepct"")/100)"),-0.0165) | K41: 1 | L41: =K41 * H41 | O41: =(P41*12)+(Q41*4)+(R41*2)+(S41*1) | P41: =IFERROR((INDEX(차트데이터!$A:$BZ,254,MATCH(D41,차트데이터!$1:$1,0)+1)-INDEX(차트데이터!$A:$BZ,232,MATCH(D41,차트데이터!$1:$1,0)+1))/INDEX(차트데이터!$A:$BZ,232,MATCH(D41,차트데이터!$1:$1,0)+1),"") | Q41: =IFERROR((INDEX(차트데이터!$A:$BZ,254,MATCH(D41,차트데이터!$1:$1,0)+1)-INDEX(차트데이터!$A:$BZ,190,MATCH(D41,차트데이터!$1:$1,0)+1))/INDEX(차트데이터!$A:$BZ,190,MATCH(D41,차트데이터!$1:$1,0)+1),"") | R41: =IFERROR((INDEX(차트데이터!$A:$BZ,254,MATCH(D41,차트데이터!$1:$1,0)+1)-INDEX(차트데이터!$A:$BZ,127,MATCH(D41,차트데이터!$1:$1,0)+1))/INDEX(차트데이터!$A:$BZ,127,MATCH(D41,차트데이터!$1:$1,0)+1),"") | S41: =IFERROR((INDEX(차트데이터!$A:$BZ,254,MATCH(D41,차트데이터!$1:$1,0)+1)-INDEX(차트데이터!$A:$BZ,4,MATCH(D41,차트데이터!$1:$1,0)+1))/INDEX(차트데이터!$A:$BZ,4,MATCH(D41,차트데이터!$1:$1,0)+1),"") | X41: =IFERROR(INDEX(차트데이터!$A:$BZ,19,MATCH($Y$2,차트데이터!$1:$1,0)),"") | Y41: =IFERROR(INDEX(차트데이터!$A:$BZ,19,MATCH($Y$2,차트데이터!$1:$1,0)+1),"") | Z41: =$Y$2
D42: TIP | F42: =IFERROR(__xludf.DUMMYFUNCTION("IF(ISBLANK(D42), ""-"", GOOGLEFINANCE(IF(ISBLANK(E42), D42, E42&"":""&D42), ""name""))"),"iShares TIPS Bond ETF") | G42: 미국물가연동채 | H42: =IFERROR(__xludf.DUMMYFUNCTION("IF(ISBLANK(D42), 0, GOOGLEFINANCE(IF(ISBLANK(E42), D42, E42&"":""&D42), ""price""))"),107.77) | I42: =IFERROR(__xludf.DUMMYFUNCTION("IF(ISBLANK(D42), 0, GOOGLEFINANCE(IF(ISBLANK(E42), D42, E42&"":""&D42), ""change""))"),0.11) | J42: =IFERROR(__xludf.DUMMYFUNCTION("IF(ISBLANK(D42), 0, GOOGLEFINANCE(IF(ISBLANK(E42), D42, E42&"":""&D42), ""changepct"")/100)"),0.001) | K42: 1 | L42: =K42 * H42 | O42: =(P42*12)+(Q42*4)+(R42*2)+(S42*1) | P42: =IFERROR((INDEX(차트데이터!$A:$BZ,254,MATCH(D42,차트데이터!$1:$1,0)+1)-INDEX(차트데이터!$A:$BZ,232,MATCH(D42,차트데이터!$1:$1,0)+1))/INDEX(차트데이터!$A:$BZ,232,MATCH(D42,차트데이터!$1:$1,0)+1),"") | Q42: =IFERROR((INDEX(차트데이터!$A:$BZ,254,MATCH(D42,차트데이터!$1:$1,0)+1)-INDEX(차트데이터!$A:$BZ,190,MATCH(D42,차트데이터!$1:$1,0)+1))/INDEX(차트데이터!$A:$BZ,190,MATCH(D42,차트데이터!$1:$1,0)+1),"") | R42: =IFERROR((INDEX(차트데이터!$A:$BZ,254,MATCH(D42,차트데이터!$1:$1,0)+1)-INDEX(차트데이터!$A:$BZ,127,MATCH(D42,차트데이터!$1:$1,0)+1))/INDEX(차트데이터!$A:$BZ,127,MATCH(D42,차트데이터!$1:$1,0)+1),"") | S42: =IFERROR((INDEX(차트데이터!$A:$BZ,254,MATCH(D42,차트데이터!$1:$1,0)+1)-INDEX(차트데이터!$A:$BZ,4,MATCH(D42,차트데이터!$1:$1,0)+1))/INDEX(차트데이터!$A:$BZ,4,MATCH(D42,차트데이터!$1:$1,0)+1),"") | X42: =IFERROR(INDEX(차트데이터!$A:$BZ,20,MATCH($Y$2,차트데이터!$1:$1,0)),"") | Y42: =IFERROR(INDEX(차트데이터!$A:$BZ,20,MATCH($Y$2,차트데이터!$1:$1,0)+1),"") | Z42: =$Y$2
D43: LQD | F43: =IFERROR(__xludf.DUMMYFUNCTION("IF(ISBLANK(D43), ""-"", GOOGLEFINANCE(IF(ISBLANK(E43), D43, E43&"":""&D43), ""name""))"),"iShares iBoxx $ Inv Grade Corporate Bond ETF") | G43: 미국회사채 | H43: =IFERROR(__xludf.DUMMYFUNCTION("IF(ISBLANK(D43), 0, GOOGLEFINANCE(IF(ISBLANK(E43), D43, E43&"":""&D43), ""price""))"),106.22) | I43: =IFERROR(__xludf.DUMMYFUNCTION("IF(ISBLANK(D43), 0, GOOGLEFINANCE(IF(ISBLANK(E43), D43, E43&"":""&D43), ""change""))"),-0.61) | J43: =IFERROR(__xludf.DUMMYFUNCTION("IF(ISBLANK(D43), 0, GOOGLEFINANCE(IF(ISBLANK(E43), D43, E43&"":""&D43), ""changepct"")/100)"),-0.00569999999999999) | K43: 1 | L43: =K43 * H43 | O43: =(P43*12)+(Q43*4)+(R43*2)+(S43*1) | P43: =IFERROR((INDEX(차트데이터!$A:$BZ,254,MATCH(D43,차트데이터!$1:$1,0)+1)-INDEX(차트데이터!$A:$BZ,232,MATCH(D43,차트데이터!$1:$1,0)+1))/INDEX(차트데이터!$A:$BZ,232,MATCH(D43,차트데이터!$1:$1,0)+1),"") | Q43: =IFERROR((INDEX(차트데이터!$A:$BZ,254,MATCH(D43,차트데이터!$1:$1,0)+1)-INDEX(차트데이터!$A:$BZ,190,MATCH(D43,차트데이터!$1:$1,0)+1))/INDEX(차트데이터!$A:$BZ,190,MATCH(D43,차트데이터!$1:$1,0)+1),"") | R43: =IFERROR((INDEX(차트데이터!$A:$BZ,254,MATCH(D43,차트데이터!$1:$1,0)+1)-INDEX(차트데이터!$A:$BZ,127,MATCH(D43,차트데이터!$1:$1,0)+1))/INDEX(차트데이터!$A:$BZ,127,MATCH(D43,차트데이터!$1:$1,0)+1),"") | S43: =IFERROR((INDEX(차트데이터!$A:$BZ,254,MATCH(D43,차트데이터!$1:$1,0)+1)-INDEX(차트데이터!$A:$BZ,4,MATCH(D43,차트데이터!$1:$1,0)+1))/INDEX(차트데이터!$A:$BZ,4,MATCH(D43,차트데이터!$1:$1,0)+1),"") | X43: =IFERROR(INDEX(차트데이터!$A:$BZ,21,MATCH($Y$2,차트데이터!$1:$1,0)),"") | Y43: =IFERROR(INDEX(차트데이터!$A:$BZ,21,MATCH($Y$2,차트데이터!$1:$1,0)+1),"") | Z43: =$Y$2
D44: HYG | F44: =IFERROR(__xludf.DUMMYFUNCTION("IF(ISBLANK(D44), ""-"", GOOGLEFINANCE(IF(ISBLANK(E44), D44, E44&"":""&D44), ""name""))"),"iShares iBoxx $ High Yield Corporate Bond ETF") | G44: 미국하이일드 | H44: =IFERROR(__xludf.DUMMYFUNCTION("IF(ISBLANK(D44), 0, GOOGLEFINANCE(IF(ISBLANK(E44), D44, E44&"":""&D44), ""price""))"),79.24) | I44: =IFERROR(__xludf.DUMMYFUNCTION("IF(ISBLANK(D44), 0, GOOGLEFINANCE(IF(ISBLANK(E44), D44, E44&"":""&D44), ""change""))"),-0.18) | J44: =IFERROR(__xludf.DUMMYFUNCTION("IF(ISBLANK(D44), 0, GOOGLEFINANCE(IF(ISBLANK(E44), D44, E44&"":""&D44), ""changepct"")/100)"),-0.0023) | K44: 1 | L44: =K44 * H44 | O44: =(P44*12)+(Q44*4)+(R44*2)+(S44*1) | P44: =IFERROR((INDEX(차트데이터!$A:$BZ,254,MATCH(D44,차트데이터!$1:$1,0)+1)-INDEX(차트데이터!$A:$BZ,232,MATCH(D44,차트데이터!$1:$1,0)+1))/INDEX(차트데이터!$A:$BZ,232,MATCH(D44,차트데이터!$1:$1,0)+1),"") | Q44: =IFERROR((INDEX(차트데이터!$A:$BZ,254,MATCH(D44,차트데이터!$1:$1,0)+1)-INDEX(차트데이터!$A:$BZ,190,MATCH(D44,차트데이터!$1:$1,0)+1))/INDEX(차트데이터!$A:$BZ,190,MATCH(D44,차트데이터!$1:$1,0)+1),"") | R44: =IFERROR((INDEX(차트데이터!$A:$BZ,254,MATCH(D44,차트데이터!$1:$1,0)+1)-INDEX(차트데이터!$A:$BZ,127,MATCH(D44,차트데이터!$1:$1,0)+1))/INDEX(차트데이터!$A:$BZ,127,MATCH(D44,차트데이터!$1:$1,0)+1),"") | S44: =IFERROR((INDEX(차트데이터!$A:$BZ,254,MATCH(D44,차트데이터!$1:$1,0)+1)-INDEX(차트데이터!$A:$BZ,4,MATCH(D44,차트데이터!$1:$1,0)+1))/INDEX(차트데이터!$A:$BZ,4,MATCH(D44,차트데이터!$1:$1,0)+1),"") | X44: =IFERROR(INDEX(차트데이터!$A:$BZ,22,MATCH($Y$2,차트데이터!$1:$1,0)),"") | Y44: =IFERROR(INDEX(차트데이터!$A:$BZ,22,MATCH($Y$2,차트데이터!$1:$1,0)+1),"") | Z44: =$Y$2
D45: BWX | F45: =IFERROR(__xludf.DUMMYFUNCTION("IF(ISBLANK(D45), ""-"", GOOGLEFINANCE(IF(ISBLANK(E45), D45, E45&"":""&D45), ""name""))"),"State Street SPDR Bloomberg Intl TB ETF") | G45: 국제채권 | H45: =IFERROR(__xludf.DUMMYFUNCTION("IF(ISBLANK(D45), 0, GOOGLEFINANCE(IF(ISBLANK(E45), D45, E45&"":""&D45), ""price""))"),21.5) | I45: =IFERROR(__xludf.DUMMYFUNCTION("IF(ISBLANK(D45), 0, GOOGLEFINANCE(IF(ISBLANK(E45), D45, E45&"":""&D45), ""change""))"),0.03) | J45: =IFERROR(__xludf.DUMMYFUNCTION("IF(ISBLANK(D45), 0, GOOGLEFINANCE(IF(ISBLANK(E45), D45, E45&"":""&D45), ""changepct"")/100)"),0.0014) | K45: 1 | L45: =K45 * H45 | O45: =(P45*12)+(Q45*4)+(R45*2)+(S45*1) | P45: =IFERROR((INDEX(차트데이터!$A:$BZ,254,MATCH(D45,차트데이터!$1:$1,0)+1)-INDEX(차트데이터!$A:$BZ,232,MATCH(D45,차트데이터!$1:$1,0)+1))/INDEX(차트데이터!$A:$BZ,232,MATCH(D45,차트데이터!$1:$1,0)+1),"") | Q45: =IFERROR((INDEX(차트데이터!$A:$BZ,254,MATCH(D45,차트데이터!$1:$1,0)+1)-INDEX(차트데이터!$A:$BZ,190,MATCH(D45,차트데이터!$1:$1,0)+1))/INDEX(차트데이터!$A:$BZ,190,MATCH(D45,차트데이터!$1:$1,0)+1),"") | R45: =IFERROR((INDEX(차트데이터!$A:$BZ,254,MATCH(D45,차트데이터!$1:$1,0)+1)-INDEX(차트데이터!$A:$BZ,127,MATCH(D45,차트데이터!$1:$1,0)+1))/INDEX(차트데이터!$A:$BZ,127,MATCH(D45,차트데이터!$1:$1,0)+1),"") | S45: =IFERROR((INDEX(차트데이터!$A:$BZ,254,MATCH(D45,차트데이터!$1:$1,0)+1)-INDEX(차트데이터!$A:$BZ,4,MATCH(D45,차트데이터!$1:$1,0)+1))/INDEX(차트데이터!$A:$BZ,4,MATCH(D45,차트데이터!$1:$1,0)+1),"") | X45: =IFERROR(INDEX(차트데이터!$A:$BZ,23,MATCH($Y$2,차트데이터!$1:$1,0)),"") | Y45: =IFERROR(INDEX(차트데이터!$A:$BZ,23,MATCH($Y$2,차트데이터!$1:$1,0)+1),"") | Z45: =$Y$2
D46: EMB | F46: =IFERROR(__xludf.DUMMYFUNCTION("IF(ISBLANK(D46), ""-"", GOOGLEFINANCE(IF(ISBLANK(E46), D46, E46&"":""&D46), ""name""))"),"iShares JPMorgan USD Emerging Markets Bond ETF") | G46: 개도국채권 | H46: =IFERROR(__xludf.DUMMYFUNCTION("IF(ISBLANK(D46), 0, GOOGLEFINANCE(IF(ISBLANK(E46), D46, E46&"":""&D46), ""price""))"),94.56) | I46: =IFERROR(__xludf.DUMMYFUNCTION("IF(ISBLANK(D46), 0, GOOGLEFINANCE(IF(ISBLANK(E46), D46, E46&"":""&D46), ""change""))"),-0.63) | J46: =IFERROR(__xludf.DUMMYFUNCTION("IF(ISBLANK(D46), 0, GOOGLEFINANCE(IF(ISBLANK(E46), D46, E46&"":""&D46), ""changepct"")/100)"),-0.0066) | K46: 1 | L46: =K46 * H46 | O46: =(P46*12)+(Q46*4)+(R46*2)+(S46*1) | P46: =IFERROR((INDEX(차트데이터!$A:$BZ,254,MATCH(D46,차트데이터!$1:$1,0)+1)-INDEX(차트데이터!$A:$BZ,232,MATCH(D46,차트데이터!$1:$1,0)+1))/INDEX(차트데이터!$A:$BZ,232,MATCH(D46,차트데이터!$1:$1,0)+1),"") | Q46: =IFERROR((INDEX(차트데이터!$A:$BZ,254,MATCH(D46,차트데이터!$1:$1,0)+1)-INDEX(차트데이터!$A:$BZ,190,MATCH(D46,차트데이터!$1:$1,0)+1))/INDEX(차트데이터!$A:$BZ,190,MATCH(D46,차트데이터!$1:$1,0)+1),"") | R46: =IFERROR((INDEX(차트데이터!$A:$BZ,254,MATCH(D46,차트데이터!$1:$1,0)+1)-INDEX(차트데이터!$A:$BZ,127,MATCH(D46,차트데이터!$1:$1,0)+1))/INDEX(차트데이터!$A:$BZ,127,MATCH(D46,차트데이터!$1:$1,0)+1),"") | S46: =IFERROR((INDEX(차트데이터!$A:$BZ,254,MATCH(D46,차트데이터!$1:$1,0)+1)-INDEX(차트데이터!$A:$BZ,4,MATCH(D46,차트데이터!$1:$1,0)+1))/INDEX(차트데이터!$A:$BZ,4,MATCH(D46,차트데이터!$1:$1,0)+1),"") | X46: =IFERROR(INDEX(차트데이터!$A:$BZ,24,MATCH($Y$2,차트데이터!$1:$1,0)),"") | Y46: =IFERROR(INDEX(차트데이터!$A:$BZ,24,MATCH($Y$2,차트데이터!$1:$1,0)+1),"") | Z46: =$Y$2
X47: =IFERROR(INDEX(차트데이터!$A:$BZ,25,MATCH($Y$2,차트데이터!$1:$1,0)),"") | Y47: =IFERROR(INDEX(차트데이터!$A:$BZ,25,MATCH($Y$2,차트데이터!$1:$1,0)+1),"") | Z47: =$Y$2
D48: SPY | F48: =IFERROR(__xludf.DUMMYFUNCTION("IF(ISBLANK(D48), ""-"", GOOGLEFINANCE(IF(ISBLANK(E48), D48, E48&"":""&D48), ""name""))"),"State Street SPDR S&P 500 ETF Trust") | H48: =IFERROR(__xludf.DUMMYFUNCTION("IF(ISBLANK(D48), 0, GOOGLEFINANCE(IF(ISBLANK(E48), D48, E48&"":""&D48), ""price""))"),729.46) | I48: =IFERROR(__xludf.DUMMYFUNCTION("IF(ISBLANK(D48), 0, GOOGLEFINANCE(IF(ISBLANK(E48), D48, E48&"":""&D48), ""change""))"),-11.4) | J48: =IFERROR(__xludf.DUMMYFUNCTION("IF(ISBLANK(D48), 0, GOOGLEFINANCE(IF(ISBLANK(E48), D48, E48&"":""&D48), ""changepct"")/100)"),-0.0154) | L48: =K48 * H48 | P48: =IFERROR((INDEX(차트데이터!$A:$BZ,254,MATCH(D48,차트데이터!$1:$1,0)+1)-INDEX(차트데이터!$A:$BZ,232,MATCH(D48,차트데이터!$1:$1,0)+1))/INDEX(차트데이터!$A:$BZ,232,MATCH(D48,차트데이터!$1:$1,0)+1),"") | Q48: =IFERROR((INDEX(차트데이터!$A:$BZ,254,MATCH(D48,차트데이터!$1:$1,0)+1)-INDEX(차트데이터!$A:$BZ,190,MATCH(D48,차트데이터!$1:$1,0)+1))/INDEX(차트데이터!$A:$BZ,190,MATCH(D48,차트데이터!$1:$1,0)+1),"") | R48: =IFERROR((INDEX(차트데이터!$A:$BZ,254,MATCH(D48,차트데이터!$1:$1,0)+1)-INDEX(차트데이터!$A:$BZ,127,MATCH(D48,차트데이터!$1:$1,0)+1))/INDEX(차트데이터!$A:$BZ,127,MATCH(D48,차트데이터!$1:$1,0)+1),"") | S48: =IFERROR((INDEX(차트데이터!$A:$BZ,254,MATCH(D48,차트데이터!$1:$1,0)+1)-INDEX(차트데이터!$A:$BZ,4,MATCH(D48,차트데이터!$1:$1,0)+1))/INDEX(차트데이터!$A:$BZ,4,MATCH(D48,차트데이터!$1:$1,0)+1),"") | X48: =IFERROR(INDEX(차트데이터!$A:$BZ,26,MATCH($Y$2,차트데이터!$1:$1,0)),"") | Y48: =IFERROR(INDEX(차트데이터!$A:$BZ,26,MATCH($Y$2,차트데이터!$1:$1,0)+1),"") | Z48: =$Y$2
D49: VWO | F49: =IFERROR(__xludf.DUMMYFUNCTION("IF(ISBLANK(D49), ""-"", GOOGLEFINANCE(IF(ISBLANK(E49), D49, E49&"":""&D49), ""name""))"),"Vanguard Emerging Markets Stock Index Fund ETF") | H49: =IFERROR(__xludf.DUMMYFUNCTION("IF(ISBLANK(D49), 0, GOOGLEFINANCE(IF(ISBLANK(E49), D49, E49&"":""&D49), ""price""))"),56.92) | I49: =IFERROR(__xludf.DUMMYFUNCTION("IF(ISBLANK(D49), 0, GOOGLEFINANCE(IF(ISBLANK(E49), D49, E49&"":""&D49), ""change""))"),-0.82) | J49: =IFERROR(__xludf.DUMMYFUNCTION("IF(ISBLANK(D49), 0, GOOGLEFINANCE(IF(ISBLANK(E49), D49, E49&"":""&D49), ""changepct"")/100)"),-0.0141999999999999) | L49: =K49 * H49 | P49: =IFERROR((INDEX(차트데이터!$A:$BZ,254,MATCH(D49,차트데이터!$1:$1,0)+1)-INDEX(차트데이터!$A:$BZ,232,MATCH(D49,차트데이터!$1:$1,0)+1))/INDEX(차트데이터!$A:$BZ,232,MATCH(D49,차트데이터!$1:$1,0)+1),"") | Q49: =IFERROR((INDEX(차트데이터!$A:$BZ,254,MATCH(D49,차트데이터!$1:$1,0)+1)-INDEX(차트데이터!$A:$BZ,190,MATCH(D49,차트데이터!$1:$1,0)+1))/INDEX(차트데이터!$A:$BZ,190,MATCH(D49,차트데이터!$1:$1,0)+1),"") | R49: =IFERROR((INDEX(차트데이터!$A:$BZ,254,MATCH(D49,차트데이터!$1:$1,0)+1)-INDEX(차트데이터!$A:$BZ,127,MATCH(D49,차트데이터!$1:$1,0)+1))/INDEX(차트데이터!$A:$BZ,127,MATCH(D49,차트데이터!$1:$1,0)+1),"") | S49: =IFERROR((INDEX(차트데이터!$A:$BZ,254,MATCH(D49,차트데이터!$1:$1,0)+1)-INDEX(차트데이터!$A:$BZ,4,MATCH(D49,차트데이터!$1:$1,0)+1))/INDEX(차트데이터!$A:$BZ,4,MATCH(D49,차트데이터!$1:$1,0)+1),"") | X49: =IFERROR(INDEX(차트데이터!$A:$BZ,27,MATCH($Y$2,차트데이터!$1:$1,0)),"") | Y49: =IFERROR(INDEX(차트데이터!$A:$BZ,27,MATCH($Y$2,차트데이터!$1:$1,0)+1),"") | Z49: =$Y$2
F50: =IFERROR(__xludf.DUMMYFUNCTION("IF(ISBLANK(D50), ""-"", GOOGLEFINANCE(IF(ISBLANK(E50), D50, E50&"":""&D50), ""name""))"),"-") | H50: =IFERROR(__xludf.DUMMYFUNCTION("IF(ISBLANK(D50), 0, GOOGLEFINANCE(IF(ISBLANK(E50), D50, E50&"":""&D50), ""price""))"),0) | I50: =IFERROR(__xludf.DUMMYFUNCTION("IF(ISBLANK(D50), 0, GOOGLEFINANCE(IF(ISBLANK(E50), D50, E50&"":""&D50), ""change""))"),0) | J50: =IFERROR(__xludf.DUMMYFUNCTION("IF(ISBLANK(D50), 0, GOOGLEFINANCE(IF(ISBLANK(E50), D50, E50&"":""&D50), ""changepct"")/100)"),0) | L50: =K50 * H50 | X50: =IFERROR(INDEX(차트데이터!$A:$BZ,28,MATCH($Y$2,차트데이터!$1:$1,0)),"") | Y50: =IFERROR(INDEX(차트데이터!$A:$BZ,28,MATCH($Y$2,차트데이터!$1:$1,0)+1),"") | Z50: =$Y$2
F51: =IFERROR(__xludf.DUMMYFUNCTION("IF(ISBLANK(D51), ""-"", GOOGLEFINANCE(IF(ISBLANK(E51), D51, E51&"":""&D51), ""name""))"),"-") | H51: =IFERROR(__xludf.DUMMYFUNCTION("IF(ISBLANK(D51), 0, GOOGLEFINANCE(IF(ISBLANK(E51), D51, E51&"":""&D51), ""price""))"),0) | I51: =IFERROR(__xludf.DUMMYFUNCTION("IF(ISBLANK(D51), 0, GOOGLEFINANCE(IF(ISBLANK(E51), D51, E51&"":""&D51), ""change""))"),0) | J51: =IFERROR(__xludf.DUMMYFUNCTION("IF(ISBLANK(D51), 0, GOOGLEFINANCE(IF(ISBLANK(E51), D51, E51&"":""&D51), ""changepct"")/100)"),0) | L51: =K51 * H51 | X51: =IFERROR(INDEX(차트데이터!$A:$BZ,29,MATCH($Y$2,차트데이터!$1:$1,0)),"") | Y51: =IFERROR(INDEX(차트데이터!$A:$BZ,29,MATCH($Y$2,차트데이터!$1:$1,0)+1),"") | Z51: =$Y$2
F52: =IFERROR(__xludf.DUMMYFUNCTION("IF(ISBLANK(D52), ""-"", GOOGLEFINANCE(IF(ISBLANK(E52), D52, E52&"":""&D52), ""name""))"),"-") | H52: =IFERROR(__xludf.DUMMYFUNCTION("IF(ISBLANK(D52), 0, GOOGLEFINANCE(IF(ISBLANK(E52), D52, E52&"":""&D52), ""price""))"),0) | I52: =IFERROR(__xludf.DUMMYFUNCTION("IF(ISBLANK(D52), 0, GOOGLEFINANCE(IF(ISBLANK(E52), D52, E52&"":""&D52), ""change""))"),0) | J52: =IFERROR(__xludf.DUMMYFUNCTION("IF(ISBLANK(D52), 0, GOOGLEFINANCE(IF(ISBLANK(E52), D52, E52&"":""&D52), ""changepct"")/100)"),0) | L52: =K52 * H52 | X52: =IFERROR(INDEX(차트데이터!$A:$BZ,30,MATCH($Y$2,차트데이터!$1:$1,0)),"") | Y52: =IFERROR(INDEX(차트데이터!$A:$BZ,30,MATCH($Y$2,차트데이터!$1:$1,0)+1),"") | Z52: =$Y$2
F53: =IFERROR(__xludf.DUMMYFUNCTION("IF(ISBLANK(D53), ""-"", GOOGLEFINANCE(IF(ISBLANK(E53), D53, E53&"":""&D53), ""name""))"),"-") | H53: =IFERROR(__xludf.DUMMYFUNCTION("IF(ISBLANK(D53), 0, GOOGLEFINANCE(IF(ISBLANK(E53), D53, E53&"":""&D53), ""price""))"),0) | I53: =IFERROR(__xludf.DUMMYFUNCTION("IF(ISBLANK(D53), 0, GOOGLEFINANCE(IF(ISBLANK(E53), D53, E53&"":""&D53), ""change""))"),0) | J53: =IFERROR(__xludf.DUMMYFUNCTION("IF(ISBLANK(D53), 0, GOOGLEFINANCE(IF(ISBLANK(E53), D53, E53&"":""&D53), ""changepct"")/100)"),0) | L53: =K53 * H53 | X53: =IFERROR(INDEX(차트데이터!$A:$BZ,31,MATCH($Y$2,차트데이터!$1:$1,0)),"") | Y53: =IFERROR(INDEX(차트데이터!$A:$BZ,31,MATCH($Y$2,차트데이터!$1:$1,0)+1),"") | Z53: =$Y$2
F54: =IFERROR(__xludf.DUMMYFUNCTION("IF(ISBLANK(D54), ""-"", GOOGLEFINANCE(IF(ISBLANK(E54), D54, E54&"":""&D54), ""name""))"),"-") | H54: =IFERROR(__xludf.DUMMYFUNCTION("IF(ISBLANK(D54), 0, GOOGLEFINANCE(IF(ISBLANK(E54), D54, E54&"":""&D54), ""price""))"),0) | I54: =IFERROR(__xludf.DUMMYFUNCTION("IF(ISBLANK(D54), 0, GOOGLEFINANCE(IF(ISBLANK(E54), D54, E54&"":""&D54), ""change""))"),0) | J54: =IFERROR(__xludf.DUMMYFUNCTION("IF(ISBLANK(D54), 0, GOOGLEFINANCE(IF(ISBLANK(E54), D54, E54&"":""&D54), ""changepct"")/100)"),0) | L54: =K54 * H54 | X54: =IFERROR(INDEX(차트데이터!$A:$BZ,32,MATCH($Y$2,차트데이터!$1:$1,0)),"") | Y54: =IFERROR(INDEX(차트데이터!$A:$BZ,32,MATCH($Y$2,차트데이터!$1:$1,0)+1),"") | Z54: =$Y$2
F55: =IFERROR(__xludf.DUMMYFUNCTION("IF(ISBLANK(D55), ""-"", GOOGLEFINANCE(IF(ISBLANK(E55), D55, E55&"":""&D55), ""name""))"),"-") | H55: =IFERROR(__xludf.DUMMYFUNCTION("IF(ISBLANK(D55), 0, GOOGLEFINANCE(IF(ISBLANK(E55), D55, E55&"":""&D55), ""price""))"),0) | I55: =IFERROR(__xludf.DUMMYFUNCTION("IF(ISBLANK(D55), 0, GOOGLEFINANCE(IF(ISBLANK(E55), D55, E55&"":""&D55), ""change""))"),0) | J55: =IFERROR(__xludf.DUMMYFUNCTION("IF(ISBLANK(D55), 0, GOOGLEFINANCE(IF(ISBLANK(E55), D55, E55&"":""&D55), ""changepct"")/100)"),0) | L55: =K55 * H55 | X55: =IFERROR(INDEX(차트데이터!$A:$BZ,33,MATCH($Y$2,차트데이터!$1:$1,0)),"") | Y55: =IFERROR(INDEX(차트데이터!$A:$BZ,33,MATCH($Y$2,차트데이터!$1:$1,0)+1),"") | Z55: =$Y$2
X56: =IFERROR(INDEX(차트데이터!$A:$BZ,34,MATCH($Y$2,차트데이터!$1:$1,0)),"") | Y56: =IFERROR(INDEX(차트데이터!$A:$BZ,34,MATCH($Y$2,차트데이터!$1:$1,0)+1),"") | Z56: =$Y$2
X57: =IFERROR(INDEX(차트데이터!$A:$BZ,35,MATCH($Y$2,차트데이터!$1:$1,0)),"") | Y57: =IFERROR(INDEX(차트데이터!$A:$BZ,35,MATCH($Y$2,차트데이터!$1:$1,0)+1),"") | Z57: =$Y$2
X58: =IFERROR(INDEX(차트데이터!$A:$BZ,36,MATCH($Y$2,차트데이터!$1:$1,0)),"") | Y58: =IFERROR(INDEX(차트데이터!$A:$BZ,36,MATCH($Y$2,차트데이터!$1:$1,0)+1),"") | Z58: =$Y$2
X59: =IFERROR(INDEX(차트데이터!$A:$BZ,37,MATCH($Y$2,차트데이터!$1:$1,0)),"") | Y59: =IFERROR(INDEX(차트데이터!$A:$BZ,37,MATCH($Y$2,차트데이터!$1:$1,0)+1),"") | Z59: =$Y$2
X60: =IFERROR(INDEX(차트데이터!$A:$BZ,38,MATCH($Y$2,차트데이터!$1:$1,0)),"") | Y60: =IFERROR(INDEX(차트데이터!$A:$BZ,38,MATCH($Y$2,차트데이터!$1:$1,0)+1),"") | Z60: =$Y$2
X61: =IFERROR(INDEX(차트데이터!$A:$BZ,39,MATCH($Y$2,차트데이터!$1:$1,0)),"") | Y61: =IFERROR(INDEX(차트데이터!$A:$BZ,39,MATCH($Y$2,차트데이터!$1:$1,0)+1),"") | Z61: =$Y$2
X62: =IFERROR(INDEX(차트데이터!$A:$BZ,40,MATCH($Y$2,차트데이터!$1:$1,0)),"") | Y62: =IFERROR(INDEX(차트데이터!$A:$BZ,40,MATCH($Y$2,차트데이터!$1:$1,0)+1),"") | Z62: =$Y$2
X63: =IFERROR(INDEX(차트데이터!$A:$BZ,41,MATCH($Y$2,차트데이터!$1:$1,0)),"") | Y63: =IFERROR(INDEX(차트데이터!$A:$BZ,41,MATCH($Y$2,차트데이터!$1:$1,0)+1),"") | Z63: =$Y$2
X64: =IFERROR(INDEX(차트데이터!$A:$BZ,42,MATCH($Y$2,차트데이터!$1:$1,0)),"") | Y64: =IFERROR(INDEX(차트데이터!$A:$BZ,42,MATCH($Y$2,차트데이터!$1:$1,0)+1),"") | Z64: =$Y$2
X65: =IFERROR(INDEX(차트데이터!$A:$BZ,43,MATCH($Y$2,차트데이터!$1:$1,0)),"") | Y65: =IFERROR(INDEX(차트데이터!$A:$BZ,43,MATCH($Y$2,차트데이터!$1:$1,0)+1),"") | Z65: =$Y$2
X66: =IFERROR(INDEX(차트데이터!$A:$BZ,44,MATCH($Y$2,차트데이터!$1:$1,0)),"") | Y66: =IFERROR(INDEX(차트데이터!$A:$BZ,44,MATCH($Y$2,차트데이터!$1:$1,0)+1),"") | Z66: =$Y$2
X67: =IFERROR(INDEX(차트데이터!$A:$BZ,45,MATCH($Y$2,차트데이터!$1:$1,0)),"") | Y67: =IFERROR(INDEX(차트데이터!$A:$BZ,45,MATCH($Y$2,차트데이터!$1:$1,0)+1),"") | Z67: =$Y$2
X68: =IFERROR(INDEX(차트데이터!$A:$BZ,46,MATCH($Y$2,차트데이터!$1:$1,0)),"") | Y68: =IFERROR(INDEX(차트데이터!$A:$BZ,46,MATCH($Y$2,차트데이터!$1:$1,0)+1),"") | Z68: =$Y$2
X69: =IFERROR(INDEX(차트데이터!$A:$BZ,47,MATCH($Y$2,차트데이터!$1:$1,0)),"") | Y69: =IFERROR(INDEX(차트데이터!$A:$BZ,47,MATCH($Y$2,차트데이터!$1:$1,0)+1),"") | Z69: =$Y$2
X70: =IFERROR(INDEX(차트데이터!$A:$BZ,48,MATCH($Y$2,차트데이터!$1:$1,0)),"") | Y70: =IFERROR(INDEX(차트데이터!$A:$BZ,48,MATCH($Y$2,차트데이터!$1:$1,0)+1),"") | Z70: =$Y$2
X71: =IFERROR(INDEX(차트데이터!$A:$BZ,49,MATCH($Y$2,차트데이터!$1:$1,0)),"") | Y71: =IFERROR(INDEX(차트데이터!$A:$BZ,49,MATCH($Y$2,차트데이터!$1:$1,0)+1),"") | Z71: =$Y$2
X72: =IFERROR(INDEX(차트데이터!$A:$BZ,50,MATCH($Y$2,차트데이터!$1:$1,0)),"") | Y72: =IFERROR(INDEX(차트데이터!$A:$BZ,50,MATCH($Y$2,차트데이터!$1:$1,0)+1),"") | Z72: =$Y$2
X73: =IFERROR(INDEX(차트데이터!$A:$BZ,51,MATCH($Y$2,차트데이터!$1:$1,0)),"") | Y73: =IFERROR(INDEX(차트데이터!$A:$BZ,51,MATCH($Y$2,차트데이터!$1:$1,0)+1),"") | Z73: =$Y$2
X74: =IFERROR(INDEX(차트데이터!$A:$BZ,52,MATCH($Y$2,차트데이터!$1:$1,0)),"") | Y74: =IFERROR(INDEX(차트데이터!$A:$BZ,52,MATCH($Y$2,차트데이터!$1:$1,0)+1),"") | Z74: =$Y$2
X75: =IFERROR(INDEX(차트데이터!$A:$BZ,53,MATCH($Y$2,차트데이터!$1:$1,0)),"") | Y75: =IFERROR(INDEX(차트데이터!$A:$BZ,53,MATCH($Y$2,차트데이터!$1:$1,0)+1),"") | Z75: =$Y$2
X76: =IFERROR(INDEX(차트데이터!$A:$BZ,54,MATCH($Y$2,차트데이터!$1:$1,0)),"") | Y76: =IFERROR(INDEX(차트데이터!$A:$BZ,54,MATCH($Y$2,차트데이터!$1:$1,0)+1),"") | Z76: =$Y$2
X77: =IFERROR(INDEX(차트데이터!$A:$BZ,55,MATCH($Y$2,차트데이터!$1:$1,0)),"") | Y77: =IFERROR(INDEX(차트데이터!$A:$BZ,55,MATCH($Y$2,차트데이터!$1:$1,0)+1),"") | Z77: =$Y$2
X78: =IFERROR(INDEX(차트데이터!$A:$BZ,56,MATCH($Y$2,차트데이터!$1:$1,0)),"") | Y78: =IFERROR(INDEX(차트데이터!$A:$BZ,56,MATCH($Y$2,차트데이터!$1:$1,0)+1),"") | Z78: =$Y$2
X79: =IFERROR(INDEX(차트데이터!$A:$BZ,57,MATCH($Y$2,차트데이터!$1:$1,0)),"") | Y79: =IFERROR(INDEX(차트데이터!$A:$BZ,57,MATCH($Y$2,차트데이터!$1:$1,0)+1),"") | Z79: =$Y$2
X80: =IFERROR(INDEX(차트데이터!$A:$BZ,58,MATCH($Y$2,차트데이터!$1:$1,0)),"") | Y80: =IFERROR(INDEX(차트데이터!$A:$BZ,58,MATCH($Y$2,차트데이터!$1:$1,0)+1),"") | Z80: =$Y$2
X81: =IFERROR(INDEX(차트데이터!$A:$BZ,59,MATCH($Y$2,차트데이터!$1:$1,0)),"") | Y81: =IFERROR(INDEX(차트데이터!$A:$BZ,59,MATCH($Y$2,차트데이터!$1:$1,0)+1),"") | Z81: =$Y$2
X82: =IFERROR(INDEX(차트데이터!$A:$BZ,60,MATCH($Y$2,차트데이터!$1:$1,0)),"") | Y82: =IFERROR(INDEX(차트데이터!$A:$BZ,60,MATCH($Y$2,차트데이터!$1:$1,0)+1),"") | Z82: =$Y$2
X83: =IFERROR(INDEX(차트데이터!$A:$BZ,61,MATCH($Y$2,차트데이터!$1:$1,0)),"") | Y83: =IFERROR(INDEX(차트데이터!$A:$BZ,61,MATCH($Y$2,차트데이터!$1:$1,0)+1),"") | Z83: =$Y$2
X84: =IFERROR(INDEX(차트데이터!$A:$BZ,62,MATCH($Y$2,차트데이터!$1:$1,0)),"") | Y84: =IFERROR(INDEX(차트데이터!$A:$BZ,62,MATCH($Y$2,차트데이터!$1:$1,0)+1),"") | Z84: =$Y$2
X85: =IFERROR(INDEX(차트데이터!$A:$BZ,63,MATCH($Y$2,차트데이터!$1:$1,0)),"") | Y85: =IFERROR(INDEX(차트데이터!$A:$BZ,63,MATCH($Y$2,차트데이터!$1:$1,0)+1),"") | Z85: =$Y$2
X86: =IFERROR(INDEX(차트데이터!$A:$BZ,64,MATCH($Y$2,차트데이터!$1:$1,0)),"") | Y86: =IFERROR(INDEX(차트데이터!$A:$BZ,64,MATCH($Y$2,차트데이터!$1:$1,0)+1),"") | Z86: =$Y$2
X87: =IFERROR(INDEX(차트데이터!$A:$BZ,65,MATCH($Y$2,차트데이터!$1:$1,0)),"") | Y87: =IFERROR(INDEX(차트데이터!$A:$BZ,65,MATCH($Y$2,차트데이터!$1:$1,0)+1),"") | Z87: =$Y$2
X88: =IFERROR(INDEX(차트데이터!$A:$BZ,66,MATCH($Y$2,차트데이터!$1:$1,0)),"") | Y88: =IFERROR(INDEX(차트데이터!$A:$BZ,66,MATCH($Y$2,차트데이터!$1:$1,0)+1),"") | Z88: =$Y$2
X89: =IFERROR(INDEX(차트데이터!$A:$BZ,67,MATCH($Y$2,차트데이터!$1:$1,0)),"") | Y89: =IFERROR(INDEX(차트데이터!$A:$BZ,67,MATCH($Y$2,차트데이터!$1:$1,0)+1),"") | Z89: =$Y$2
X90: =IFERROR(INDEX(차트데이터!$A:$BZ,68,MATCH($Y$2,차트데이터!$1:$1,0)),"") | Y90: =IFERROR(INDEX(차트데이터!$A:$BZ,68,MATCH($Y$2,차트데이터!$1:$1,0)+1),"") | Z90: =$Y$2
X91: =IFERROR(INDEX(차트데이터!$A:$BZ,69,MATCH($Y$2,차트데이터!$1:$1,0)),"") | Y91: =IFERROR(INDEX(차트데이터!$A:$BZ,69,MATCH($Y$2,차트데이터!$1:$1,0)+1),"") | Z91: =$Y$2
X92: =IFERROR(INDEX(차트데이터!$A:$BZ,70,MATCH($Y$2,차트데이터!$1:$1,0)),"") | Y92: =IFERROR(INDEX(차트데이터!$A:$BZ,70,MATCH($Y$2,차트데이터!$1:$1,0)+1),"") | Z92: =$Y$2
X93: =IFERROR(INDEX(차트데이터!$A:$BZ,71,MATCH($Y$2,차트데이터!$1:$1,0)),"") | Y93: =IFERROR(INDEX(차트데이터!$A:$BZ,71,MATCH($Y$2,차트데이터!$1:$1,0)+1),"") | Z93: =$Y$2
X94: =IFERROR(INDEX(차트데이터!$A:$BZ,72,MATCH($Y$2,차트데이터!$1:$1,0)),"") | Y94: =IFERROR(INDEX(차트데이터!$A:$BZ,72,MATCH($Y$2,차트데이터!$1:$1,0)+1),"") | Z94: =$Y$2
X95: =IFERROR(INDEX(차트데이터!$A:$BZ,73,MATCH($Y$2,차트데이터!$1:$1,0)),"") | Y95: =IFERROR(INDEX(차트데이터!$A:$BZ,73,MATCH($Y$2,차트데이터!$1:$1,0)+1),"") | Z95: =$Y$2
X96: =IFERROR(INDEX(차트데이터!$A:$BZ,74,MATCH($Y$2,차트데이터!$1:$1,0)),"") | Y96: =IFERROR(INDEX(차트데이터!$A:$BZ,74,MATCH($Y$2,차트데이터!$1:$1,0)+1),"") | Z96: =$Y$2
X97: =IFERROR(INDEX(차트데이터!$A:$BZ,75,MATCH($Y$2,차트데이터!$1:$1,0)),"") | Y97: =IFERROR(INDEX(차트데이터!$A:$BZ,75,MATCH($Y$2,차트데이터!$1:$1,0)+1),"") | Z97: =$Y$2
X98: =IFERROR(INDEX(차트데이터!$A:$BZ,76,MATCH($Y$2,차트데이터!$1:$1,0)),"") | Y98: =IFERROR(INDEX(차트데이터!$A:$BZ,76,MATCH($Y$2,차트데이터!$1:$1,0)+1),"") | Z98: =$Y$2
X99: =IFERROR(INDEX(차트데이터!$A:$BZ,77,MATCH($Y$2,차트데이터!$1:$1,0)),"") | Y99: =IFERROR(INDEX(차트데이터!$A:$BZ,77,MATCH($Y$2,차트데이터!$1:$1,0)+1),"") | Z99: =$Y$2
X100: =IFERROR(INDEX(차트데이터!$A:$BZ,78,MATCH($Y$2,차트데이터!$1:$1,0)),"") | Y100: =IFERROR(INDEX(차트데이터!$A:$BZ,78,MATCH($Y$2,차트데이터!$1:$1,0)+1),"") | Z100: =$Y$2
X101: =IFERROR(INDEX(차트데이터!$A:$BZ,79,MATCH($Y$2,차트데이터!$1:$1,0)),"") | Y101: =IFERROR(INDEX(차트데이터!$A:$BZ,79,MATCH($Y$2,차트데이터!$1:$1,0)+1),"") | Z101: =$Y$2
...

Sheet 차트데이터
A1: SPY | D1: VNQ | G1: VEA | J1: EWJ | M1: IWM | P1: VGK | S1: QQQ | V1: DBC | Y1: BND | AB1: VWO | AE1: EMB | AH1: BWX | AK1: HYG | AN1: TIP | AQ1: EFA | AT1: EEM | AW1: AGG | AZ1: LQD | BC1: IEF | BF1: SHY | BI1: TLT | BL1: GLD | BO1: BIL | CB1: SPY
A2: Date | B2: Close | D2: Date | E2: Close | G2: Date | H2: Close | J2: Date | K2: Close | M2: Date | N2: Close | P2: Date | Q2: Close | S2: Date | T2: Close | V2: Date | W2: Close | Y2: Date | Z2: Close | AB2: Date | AC2: Close | AE2: Date | AF2: Close | AH2: Date | AI2: Close | AK2: Date | AL2: Close | AN2: Date | AO2: Close | AQ2: Date | AR2: Close | AT2: Date | AU2: Close | AW2: Date | AX2: Close | AZ2: Date | BA2: Close | BC2: Date | BD2: Close | BF2: Date | BG2: Close | BI2: Date | BJ2: Close | BL2: Date | BM2: Close | BO2: Date | BP2: Close | CB2: QQQ
A3: =IFERROR(__xludf.DUMMYFUNCTION("GOOGLEFINANCE(B18, ""all"", EDATE(TODAY(), -LEFT(G15, FIND("" "", G15))), TODAY(), ""DAILY"")"),"Date") | B3: =IFERROR(__xludf.DUMMYFUNCTION("""COMPUTED_VALUE"""),"Close") | D3: =IFERROR(__xludf.DUMMYFUNCTION("GOOGLEFINANCE(B18, ""all"", EDATE(TODAY(), -LEFT(G15, FIND("" "", G15))), TODAY(), ""DAILY"")"),"Date") | E3: =IFERROR(__xludf.DUMMYFUNCTION("""COMPUTED_VALUE"""),"Close") | G3: =IFERROR(__xludf.DUMMYFUNCTION("GOOGLEFINANCE(B18, ""all"", EDATE(TODAY(), -LEFT(G15, FIND("" "", G15))), TODAY(), ""DAILY"")"),"Date") | H3: =IFERROR(__xludf.DUMMYFUNCTION("""COMPUTED_VALUE"""),"Close") | J3: =IFERROR(__xludf.DUMMYFUNCTION("GOOGLEFINANCE(B18, ""all"", EDATE(TODAY(), -LEFT(G15, FIND("" "", G15))), TODAY(), ""DAILY"")"),"Date") | K3: =IFERROR(__xludf.DUMMYFUNCTION("""COMPUTED_VALUE"""),"Close") | M3: =IFERROR(__xludf.DUMMYFUNCTION("GOOGLEFINANCE(B18, ""all"", EDATE(TODAY(), -LEFT(G15, FIND("" "", G15))), TODAY(), ""DAILY"")"),"Date") | N3: =IFERROR(__xludf.DUMMYFUNCTION("""COMPUTED_VALUE"""),"Close") | P3: =IFERROR(__xludf.DUMMYFUNCTION("GOOGLEFINANCE(B18, ""all"", EDATE(TODAY(), -LEFT(G15, FIND("" "", G15))), TODAY(), ""DAILY"")"),"Date") | Q3: =IFERROR(__xludf.DUMMYFUNCTION("""COMPUTED_VALUE"""),"Close") | S3: =IFERROR(__xludf.DUMMYFUNCTION("GOOGLEFINANCE(B18, ""all"", EDATE(TODAY(), -LEFT(G15, FIND("" "", G15))), TODAY(), ""DAILY"")"),"Date") | T3: =IFERROR(__xludf.DUMMYFUNCTION("""COMPUTED_VALUE"""),"Close") | V3: =IFERROR(__xludf.DUMMYFUNCTION("GOOGLEFINANCE(B18, ""all"", EDATE(TODAY(), -LEFT(G15, FIND("" "", G15))), TODAY(), ""DAILY"")"),"Date") | W3: =IFERROR(__xludf.DUMMYFUNCTION("""COMPUTED_VALUE"""),"Close") | Y3: =IFERROR(__xludf.DUMMYFUNCTION("GOOGLEFINANCE(B18, ""all"", EDATE(TODAY(), -LEFT(G15, FIND("" "", G15))), TODAY(), ""DAILY"")"),"Date") | Z3: =IFERROR(__xludf.DUMMYFUNCTION("""COMPUTED_VALUE"""),"Close") | AB3: =IFERROR(__xludf.DUMMYFUNCTION("GOOGLEFINANCE(B18, ""all"", EDATE(TODAY(), -LEFT(G15, FIND("" "", G15))), TODAY(), ""DAILY"")"),"Date") | AC3: =IFERROR(__xludf.DUMMYFUNCTION("""COMPUTED_VALUE"""),"Close") | AE3: =IFERROR(__xludf.DUMMYFUNCTION("GOOGLEFINANCE(B18, ""all"", EDATE(TODAY(), -LEFT(G15, FIND("" "", G15))), TODAY(), ""DAILY"")"),"Date") | AF3: =IFERROR(__xludf.DUMMYFUNCTION("""COMPUTED_VALUE"""),"Close") | AH3: =IFERROR(__xludf.DUMMYFUNCTION("GOOGLEFINANCE(B18, ""all"", EDATE(TODAY(), -LEFT(G15, FIND("" "", G15))), TODAY(), ""DAILY"")"),"Date") | AI3: =IFERROR(__xludf.DUMMYFUNCTION("""COMPUTED_VALUE"""),"Close") | AK3: =IFERROR(__xludf.DUMMYFUNCTION("GOOGLEFINANCE(B18, ""all"", EDATE(TODAY(), -LEFT(G15, FIND("" "", G15))), TODAY(), ""DAILY"")"),"Date") | AL3: =IFERROR(__xludf.DUMMYFUNCTION("""COMPUTED_VALUE"""),"Close") | AN3: =IFERROR(__xludf.DUMMYFUNCTION("GOOGLEFINANCE(B18, ""all"", EDATE(TODAY(), -LEFT(G15, FIND("" "", G15))), TODAY(), ""DAILY"")"),"Date") | AO3: =IFERROR(__xludf.DUMMYFUNCTION("""COMPUTED_VALUE"""),"Close") | AQ3: =IFERROR(__xludf.DUMMYFUNCTION("GOOGLEFINANCE(B18, ""all"", EDATE(TODAY(), -LEFT(G15, FIND("" "", G15))), TODAY(), ""DAILY"")"),"Date") | AR3: =IFERROR(__xludf.DUMMYFUNCTION("""COMPUTED_VALUE"""),"Close") | AT3: =IFERROR(__xludf.DUMMYFUNCTION("GOOGLEFINANCE(B18, ""all"", EDATE(TODAY(), -LEFT(G15, FIND("" "", G15))), TODAY(), ""DAILY"")"),"Date") | AU3: =IFERROR(__xludf.DUMMYFUNCTION("""COMPUTED_VALUE"""),"Close") | AW3: =IFERROR(__xludf.DUMMYFUNCTION("GOOGLEFINANCE(B18, ""all"", EDATE(TODAY(), -LEFT(G15, FIND("" "", G15))), TODAY(), ""DAILY"")"),"Date") | AX3: =IFERROR(__xludf.DUMMYFUNCTION("""COMPUTED_VALUE"""),"Close") | AZ3: =IFERROR(__xludf.DUMMYFUNCTION("GOOGLEFINANCE(B18, ""all"", EDATE(TODAY(), -LEFT(G15, FIND("" "", G15))), TODAY(), ""DAILY"")"),"Date") | BA3: =IFERROR(__xludf.DUMMYFUNCTION("""COMPUTED_VALUE"""),"Close") | BC3: =IFERROR(__xludf.DUMMYFUNCTION("GOOGLEFINANCE(B18, ""all"", EDATE(TODAY(), -LEFT(G15, FIND("" "", G15))), TODAY(), ""DAILY"")"),"Date") | BD3: =IFERROR(__xludf.DUMMYFUNCTION("""COMPUTED_VALUE"""),"Close") | BF3: =IFERROR(__xludf.DUMMYFUNCTION("GOOGLEFINANCE(B18, ""all"", EDATE(TODAY(), -LEFT(G15, FIND("" "", G15))), TODAY(), ""DAILY"")"),"Date") | BG3: =IFERROR(__xludf.DUMMYFUNCTION("""COMPUTED_VALUE"""),"Close") | BI3: =IFERROR(__xludf.DUMMYFUNCTION("GOOGLEFINANCE(B18, ""all"", EDATE(TODAY(), -LEFT(G15, FIND("" "", G15))), TODAY(), ""DAILY"")"),"Date") | BJ3: =IFERROR(__xludf.DUMMYFUNCTION("""COMPUTED_VALUE"""),"Close") | BL3: =IFERROR(__xludf.DUMMYFUNCTION("GOOGLEFINANCE(B18, ""all"", EDATE(TODAY(), -LEFT(G15, FIND("" "", G15))), TODAY(), ""DAILY"")"),"Date") | BM3: =IFERROR(__xludf.DUMMYFUNCTION("""COMPUTED_VALUE"""),"Close") | BO3: =IFERROR(__xludf.DUMMYFUNCTION("GOOGLEFINANCE(B18, ""all"", EDATE(TODAY(), -LEFT(G15, FIND("" "", G15))), TODAY(), ""DAILY"")"),"Date") | BP3: =IFERROR(__xludf.DUMMYFUNCTION("""COMPUTED_VALUE"""),"Close") | CB3: IWM
A4: =IFERROR(__xludf.DUMMYFUNCTION("""COMPUTED_VALUE"""),45868.6666666666) | B4: =IFERROR(__xludf.DUMMYFUNCTION("""COMPUTED_VALUE"""),634.46) | D4: =IFERROR(__xludf.DUMMYFUNCTION("""COMPUTED_VALUE"""),45868.6666666666) | E4: =IFERROR(__xludf.DUMMYFUNCTION("""COMPUTED_VALUE"""),90.41) | G4: =IFERROR(__xludf.DUMMYFUNCTION("""COMPUTED_VALUE"""),46052.6666666666) | H4: =IFERROR(__xludf.DUMMYFUNCTION("""COMPUTED_VALUE"""),66.2) | J4: =IFERROR(__xludf.DUMMYFUNCTION("""COMPUTED_VALUE"""),45868.6666666666) | K4: =IFERROR(__xludf.DUMMYFUNCTION("""COMPUTED_VALUE"""),73.98) | M4: =IFERROR(__xludf.DUMMYFUNCTION("""COMPUTED_VALUE"""),45868.6666666666) | N4: =IFERROR(__xludf.DUMMYFUNCTION("""COMPUTED_VALUE"""),221.56) | P4: =IFERROR(__xludf.DUMMYFUNCTION("""COMPUTED_VALUE"""),45868.6666666666) | Q4: =IFERROR(__xludf.DUMMYFUNCTION("""COMPUTED_VALUE"""),76.5) | S4: =IFERROR(__xludf.DUMMYFUNCTION("""COMPUTED_VALUE"""),45138.6666666666) | T4: =IFERROR(__xludf.DUMMYFUNCTION("""COMPUTED_VALUE"""),196.45) | V4: =IFERROR(__xludf.DUMMYFUNCTION("""COMPUTED_VALUE"""),45868.6666666666) | W4: =IFERROR(__xludf.DUMMYFUNCTION("""COMPUTED_VALUE"""),22.64) | Y4: =IFERROR(__xludf.DUMMYFUNCTION("""COMPUTED_VALUE"""),45868.6666666666) | Z4: =IFERROR(__xludf.DUMMYFUNCTION("""COMPUTED_VALUE"""),73.19) | AB4: =IFERROR(__xludf.DUMMYFUNCTION("""COMPUTED_VALUE"""),45868.6666666666) | AC4: =IFERROR(__xludf.DUMMYFUNCTION("""COMPUTED_VALUE"""),50.06) | AE4: =IFERROR(__xludf.DUMMYFUNCTION("""COMPUTED_VALUE"""),45868.6666666666) | AF4: =IFERROR(__xludf.DUMMYFUNCTION("""COMPUTED_VALUE"""),92.85) | AH4: =IFERROR(__xludf.DUMMYFUNCTION("""COMPUTED_VALUE"""),45868.6666666666) | AI4: =IFERROR(__xludf.DUMMYFUNCTION("""COMPUTED_VALUE"""),22.62) | AK4: =IFERROR(__xludf.DUMMYFUNCTION("""COMPUTED_VALUE"""),45868.6666666666) | AL4: =IFERROR(__xludf.DUMMYFUNCTION("""COMPUTED_VALUE"""),80.33) | AN4: =IFERROR(__xludf.DUMMYFUNCTION("""COMPUTED_VALUE"""),45868.6666666666) | AO4: =IFERROR(__xludf.DUMMYFUNCTION("""COMPUTED_VALUE"""),109.85) | AQ4: =IFERROR(__xludf.DUMMYFUNCTION("""COMPUTED_VALUE"""),45868.6666666666) | AR4: =IFERROR(__xludf.DUMMYFUNCTION("""COMPUTED_VALUE"""),88.47) | AT4: =IFERROR(__xludf.DUMMYFUNCTION("""COMPUTED_VALUE"""),45868.6666666666) | AU4: =IFERROR(__xludf.DUMMYFUNCTION("""COMPUTED_VALUE"""),48.84) | AW4: =IFERROR(__xludf.DUMMYFUNCTION("""COMPUTED_VALUE"""),45868.6666666666) | AX4: =IFERROR(__xludf.DUMMYFUNCTION("""COMPUTED_VALUE"""),98.57) | AZ4: =IFERROR(__xludf.DUMMYFUNCTION("""COMPUTED_VALUE"""),45868.6666666666) | BA4: =IFERROR(__xludf.DUMMYFUNCTION("""COMPUTED_VALUE"""),109.08) | BC4: =IFERROR(__xludf.DUMMYFUNCTION("""COMPUTED_VALUE"""),45868.6666666666) | BD4: =IFERROR(__xludf.DUMMYFUNCTION("""COMPUTED_VALUE"""),94.82) | BF4: =IFERROR(__xludf.DUMMYFUNCTION("""COMPUTED_VALUE"""),45868.6666666666) | BG4: =IFERROR(__xludf.DUMMYFUNCTION("""COMPUTED_VALUE"""),82.52) | BI4: =IFERROR(__xludf.DUMMYFUNCTION("""COMPUTED_VALUE"""),45868.6666666666) | BJ4: =IFERROR(__xludf.DUMMYFUNCTION("""COMPUTED_VALUE"""),86.87) | BL4: =IFERROR(__xludf.DUMMYFUNCTION("""COMPUTED_VALUE"""),45868.6666666666) | BM4: =IFERROR(__xludf.DUMMYFUNCTION("""COMPUTED_VALUE"""),300.96) | BO4: =IFERROR(__xludf.DUMMYFUNCTION("""COMPUTED_VALUE"""),45868.6666666666) | BP4: =IFERROR(__xludf.DUMMYFUNCTION("""COMPUTED_VALUE"""),91.74) | CB4: VGK
A5: =IFERROR(__xludf.DUMMYFUNCTION("""COMPUTED_VALUE"""),45869.6666666666) | B5: =IFERROR(__xludf.DUMMYFUNCTION("""COMPUTED_VALUE"""),632.08) | D5: =IFERROR(__xludf.DUMMYFUNCTION("""COMPUTED_VALUE"""),45869.6666666666) | E5: =IFERROR(__xludf.DUMMYFUNCTION("""COMPUTED_VALUE"""),89.14) | G5: =IFERROR(__xludf.DUMMYFUNCTION("""COMPUTED_VALUE"""),46055.6666666666) | H5: =IFERROR(__xludf.DUMMYFUNCTION("""COMPUTED_VALUE"""),66.46) | J5: =IFERROR(__xludf.DUMMYFUNCTION("""COMPUTED_VALUE"""),45869.6666666666) | K5: =IFERROR(__xludf.DUMMYFUNCTION("""COMPUTED_VALUE"""),73.62) | M5: =IFERROR(__xludf.DUMMYFUNCTION("""COMPUTED_VALUE"""),45869.6666666666) | N5: =IFERROR(__xludf.DUMMYFUNCTION("""COMPUTED_VALUE"""),219.39) | P5: =IFERROR(__xludf.DUMMYFUNCTION("""COMPUTED_VALUE"""),45869.6666666666) | Q5: =IFERROR(__xludf.DUMMYFUNCTION("""COMPUTED_VALUE"""),75.65) | S5: =IFERROR(__xludf.DUMMYFUNCTION("""COMPUTED_VALUE"""),45139.6666666666) | T5: =IFERROR(__xludf.DUMMYFUNCTION("""COMPUTED_VALUE"""),195.61) | V5: =IFERROR(__xludf.DUMMYFUNCTION("""COMPUTED_VALUE"""),45869.6666666666) | W5: =IFERROR(__xludf.DUMMYFUNCTION("""COMPUTED_VALUE"""),22.45) | Y5: =IFERROR(__xludf.DUMMYFUNCTION("""COMPUTED_VALUE"""),45869.6666666666) | Z5: =IFERROR(__xludf.DUMMYFUNCTION("""COMPUTED_VALUE"""),73.2) | AB5: =IFERROR(__xludf.DUMMYFUNCTION("""COMPUTED_VALUE"""),45869.6666666666) | AC5: =IFERROR(__xludf.DUMMYFUNCTION("""COMPUTED_VALUE"""),49.8) | AE5: =IFERROR(__xludf.DUMMYFUNCTION("""COMPUTED_VALUE"""),45869.6666666666) | AF5: =IFERROR(__xludf.DUMMYFUNCTION("""COMPUTED_VALUE"""),92.87) | AH5: =IFERROR(__xludf.DUMMYFUNCTION("""COMPUTED_VALUE"""),45869.6666666666) | AI5: =IFERROR(__xludf.DUMMYFUNCTION("""COMPUTED_VALUE"""),22.58) | AK5: =IFERROR(__xludf.DUMMYFUNCTION("""COMPUTED_VALUE"""),45869.6666666666) | AL5: =IFERROR(__xludf.DUMMYFUNCTION("""COMPUTED_VALUE"""),80.38) | AN5: =IFERROR(__xludf.DUMMYFUNCTION("""COMPUTED_VALUE"""),45869.6666666666) | AO5: =IFERROR(__xludf.DUMMYFUNCTION("""COMPUTED_VALUE"""),109.67) | AQ5: =IFERROR(__xludf.DUMMYFUNCTION("""COMPUTED_VALUE"""),45869.6666666666) | AR5: =IFERROR(__xludf.DUMMYFUNCTION("""COMPUTED_VALUE"""),87.52) | AT5: =IFERROR(__xludf.DUMMYFUNCTION("""COMPUTED_VALUE"""),45869.6666666666) | AU5: =IFERROR(__xludf.DUMMYFUNCTION("""COMPUTED_VALUE"""),48.56) | AW5: =IFERROR(__xludf.DUMMYFUNCTION("""COMPUTED_VALUE"""),45869.6666666666) | AX5: =IFERROR(__xludf.DUMMYFUNCTION("""COMPUTED_VALUE"""),98.62) | AZ5: =IFERROR(__xludf.DUMMYFUNCTION("""COMPUTED_VALUE"""),45869.6666666666) | BA5: =IFERROR(__xludf.DUMMYFUNCTION("""COMPUTED_VALUE"""),109.11) | BC5: =IFERROR(__xludf.DUMMYFUNCTION("""COMPUTED_VALUE"""),45869.6666666666) | BD5: =IFERROR(__xludf.DUMMYFUNCTION("""COMPUTED_VALUE"""),94.9) | BF5: =IFERROR(__xludf.DUMMYFUNCTION("""COMPUTED_VALUE"""),45869.6666666666) | BG5: =IFERROR(__xludf.DUMMYFUNCTION("""COMPUTED_VALUE"""),82.52) | BI5: =IFERROR(__xludf.DUMMYFUNCTION("""COMPUTED_VALUE"""),45869.6666666666) | BJ5: =IFERROR(__xludf.DUMMYFUNCTION("""COMPUTED_VALUE"""),86.92) | BL5: =IFERROR(__xludf.DUMMYFUNCTION("""COMPUTED_VALUE"""),45869.6666666666) | BM5: =IFERROR(__xludf.DUMMYFUNCTION("""COMPUTED_VALUE"""),302.96) | BO5: =IFERROR(__xludf.DUMMYFUNCTION("""COMPUTED_VALUE"""),45869.6666666666) | BP5: =IFERROR(__xludf.DUMMYFUNCTION("""COMPUTED_VALUE"""),91.75) | CB5: EWJ
A6: =IFERROR(__xludf.DUMMYFUNCTION("""COMPUTED_VALUE"""),45870.6666666666) | B6: =IFERROR(__xludf.DUMMYFUNCTION("""COMPUTED_VALUE"""),621.72) | D6: =IFERROR(__xludf.DUMMYFUNCTION("""COMPUTED_VALUE"""),45870.6666666666) | E6: =IFERROR(__xludf.DUMMYFUNCTION("""COMPUTED_VALUE"""),88.92) | G6: =IFERROR(__xludf.DUMMYFUNCTION("""COMPUTED_VALUE"""),46056.6666666666) | H6: =IFERROR(__xludf.DUMMYFUNCTION("""COMPUTED_VALUE"""),66.72) | J6: =IFERROR(__xludf.DUMMYFUNCTION("""COMPUTED_VALUE"""),45870.6666666666) | K6: =IFERROR(__xludf.DUMMYFUNCTION("""COMPUTED_VALUE"""),74.07) | M6: =IFERROR(__xludf.DUMMYFUNCTION("""COMPUTED_VALUE"""),45870.6666666666) | N6: =IFERROR(__xludf.DUMMYFUNCTION("""COMPUTED_VALUE"""),214.92) | P6: =IFERROR(__xludf.DUMMYFUNCTION("""COMPUTED_VALUE"""),45870.6666666666) | Q6: =IFERROR(__xludf.DUMMYFUNCTION("""COMPUTED_VALUE"""),75.26) | S6: =IFERROR(__xludf.DUMMYFUNCTION("""COMPUTED_VALUE"""),45140.6666666666) | T6: =IFERROR(__xludf.DUMMYFUNCTION("""COMPUTED_VALUE"""),192.58) | V6: =IFERROR(__xludf.DUMMYFUNCTION("""COMPUTED_VALUE"""),45870.6666666666) | W6: =IFERROR(__xludf.DUMMYFUNCTION("""COMPUTED_VALUE"""),22.09) | Y6: =IFERROR(__xludf.DUMMYFUNCTION("""COMPUTED_VALUE"""),45870.6666666666) | Z6: =IFERROR(__xludf.DUMMYFUNCTION("""COMPUTED_VALUE"""),73.59) | AB6: =IFERROR(__xludf.DUMMYFUNCTION("""COMPUTED_VALUE"""),45870.6666666666) | AC6: =IFERROR(__xludf.DUMMYFUNCTION("""COMPUTED_VALUE"""),49.54) | AE6: =IFERROR(__xludf.DUMMYFUNCTION("""COMPUTED_VALUE"""),45870.6666666666) | AF6: =IFERROR(__xludf.DUMMYFUNCTION("""COMPUTED_VALUE"""),92.72) | AH6: =IFERROR(__xludf.DUMMYFUNCTION("""COMPUTED_VALUE"""),45870.6666666666) | AI6: =IFERROR(__xludf.DUMMYFUNCTION("""COMPUTED_VALUE"""),22.9) | AK6: =IFERROR(__xludf.DUMMYFUNCTION("""COMPUTED_VALUE"""),45870.6666666666) | AL6: =IFERROR(__xludf.DUMMYFUNCTION("""COMPUTED_VALUE"""),79.98) | AN6: =IFERROR(__xludf.DUMMYFUNCTION("""COMPUTED_VALUE"""),45870.6666666666) | AO6: =IFERROR(__xludf.DUMMYFUNCTION("""COMPUTED_VALUE"""),110.17) | AQ6: =IFERROR(__xludf.DUMMYFUNCTION("""COMPUTED_VALUE"""),45870.6666666666) | AR6: =IFERROR(__xludf.DUMMYFUNCTION("""COMPUTED_VALUE"""),87.29) | AT6: =IFERROR(__xludf.DUMMYFUNCTION("""COMPUTED_VALUE"""),45870.6666666666) | AU6: =IFERROR(__xludf.DUMMYFUNCTION("""COMPUTED_VALUE"""),48.2) | AW6: =IFERROR(__xludf.DUMMYFUNCTION("""COMPUTED_VALUE"""),45870.6666666666) | AX6: =IFERROR(__xludf.DUMMYFUNCTION("""COMPUTED_VALUE"""),99.14) | AZ6: =IFERROR(__xludf.DUMMYFUNCTION("""COMPUTED_VALUE"""),45870.6666666666) | BA6: =IFERROR(__xludf.DUMMYFUNCTION("""COMPUTED_VALUE"""),109.63) | BC6: =IFERROR(__xludf.DUMMYFUNCTION("""COMPUTED_VALUE"""),45870.6666666666) | BD6: =IFERROR(__xludf.DUMMYFUNCTION("""COMPUTED_VALUE"""),95.68) | BF6: =IFERROR(__xludf.DUMMYFUNCTION("""COMPUTED_VALUE"""),45870.6666666666) | BG6: =IFERROR(__xludf.DUMMYFUNCTION("""COMPUTED_VALUE"""),82.66) | BI6: =IFERROR(__xludf.DUMMYFUNCTION("""COMPUTED_VALUE"""),45870.6666666666) | BJ6: =IFERROR(__xludf.DUMMYFUNCTION("""COMPUTED_VALUE"""),87.82) | BL6: =IFERROR(__xludf.DUMMYFUNCTION("""COMPUTED_VALUE"""),45870.6666666666) | BM6: =IFERROR(__xludf.DUMMYFUNCTION("""COMPUTED_VALUE"""),309.11) | BO6: =IFERROR(__xludf.DUMMYFUNCTION("""COMPUTED_VALUE"""),45870.6666666666) | BP6: =IFERROR(__xludf.DUMMYFUNCTION("""COMPUTED_VALUE"""),91.47) | CB6: VWO
A7: =IFERROR(__xludf.DUMMYFUNCTION("""COMPUTED_VALUE"""),45873.6666666666) | B7: =IFERROR(__xludf.DUMMYFUNCTION("""COMPUTED_VALUE"""),631.17) | D7: =IFERROR(__xludf.DUMMYFUNCTION("""COMPUTED_VALUE"""),45873.6666666666) | E7: =IFERROR(__xludf.DUMMYFUNCTION("""COMPUTED_VALUE"""),89.83) | G7: =IFERROR(__xludf.DUMMYFUNCTION("""COMPUTED_VALUE"""),46057.6666666666) | H7: =IFERROR(__xludf.DUMMYFUNCTION("""COMPUTED_VALUE"""),66.8) | J7: =IFERROR(__xludf.DUMMYFUNCTION("""COMPUTED_VALUE"""),45873.6666666666) | K7: =IFERROR(__xludf.DUMMYFUNCTION("""COMPUTED_VALUE"""),75.29) | M7: =IFERROR(__xludf.DUMMYFUNCTION("""COMPUTED_VALUE"""),45873.6666666666) | N7: =IFERROR(__xludf.DUMMYFUNCTION("""COMPUTED_VALUE"""),219.73) | P7: =IFERROR(__xludf.DUMMYFUNCTION("""COMPUTED_VALUE"""),45873.6666666666) | Q7: =IFERROR(__xludf.DUMMYFUNCTION("""COMPUTED_VALUE"""),76.13) | S7: =IFERROR(__xludf.DUMMYFUNCTION("""COMPUTED_VALUE"""),45141.6666666666) | T7: =IFERROR(__xludf.DUMMYFUNCTION("""COMPUTED_VALUE"""),191.17) | V7: =IFERROR(__xludf.DUMMYFUNCTION("""COMPUTED_VALUE"""),45873.6666666666) | W7: =IFERROR(__xludf.DUMMYFUNCTION("""COMPUTED_VALUE"""),22.01) | Y7: =IFERROR(__xludf.DUMMYFUNCTION("""COMPUTED_VALUE"""),45873.6666666666) | Z7: =IFERROR(__xludf.DUMMYFUNCTION("""COMPUTED_VALUE"""),73.64) | AB7: =IFERROR(__xludf.DUMMYFUNCTION("""COMPUTED_VALUE"""),45873.6666666666) | AC7: =IFERROR(__xludf.DUMMYFUNCTION("""COMPUTED_VALUE"""),50) | AE7: =IFERROR(__xludf.DUMMYFUNCTION("""COMPUTED_VALUE"""),45873.6666666666) | AF7: =IFERROR(__xludf.DUMMYFUNCTION("""COMPUTED_VALUE"""),93.18) | AH7: =IFERROR(__xludf.DUMMYFUNCTION("""COMPUTED_VALUE"""),45873.6666666666) | AI7: =IFERROR(__xludf.DUMMYFUNCTION("""COMPUTED_VALUE"""),22.96) | AK7: =IFERROR(__xludf.DUMMYFUNCTION("""COMPUTED_VALUE"""),45873.6666666666) | AL7: =IFERROR(__xludf.DUMMYFUNCTION("""COMPUTED_VALUE"""),80.25) | AN7: =IFERROR(__xludf.DUMMYFUNCTION("""COMPUTED_VALUE"""),45873.6666666666) | AO7: =IFERROR(__xludf.DUMMYFUNCTION("""COMPUTED_VALUE"""),110.49) | AQ7: =IFERROR(__xludf.DUMMYFUNCTION("""COMPUTED_VALUE"""),45873.6666666666) | AR7: =IFERROR(__xludf.DUMMYFUNCTION("""COMPUTED_VALUE"""),88.45) | AT7: =IFERROR(__xludf.DUMMYFUNCTION("""COMPUTED_VALUE"""),45873.6666666666) | AU7: =IFERROR(__xludf.DUMMYFUNCTION("""COMPUTED_VALUE"""),48.7) | AW7: =IFERROR(__xludf.DUMMYFUNCTION("""COMPUTED_VALUE"""),45873.6666666666) | AX7: =IFERROR(__xludf.DUMMYFUNCTION("""COMPUTED_VALUE"""),99.22) | AZ7: =IFERROR(__xludf.DUMMYFUNCTION("""COMPUTED_VALUE"""),45873.6666666666) | BA7: =IFERROR(__xludf.DUMMYFUNCTION("""COMPUTED_VALUE"""),109.82) | BC7: =IFERROR(__xludf.DUMMYFUNCTION("""COMPUTED_VALUE"""),45873.6666666666) | BD7: =IFERROR(__xludf.DUMMYFUNCTION("""COMPUTED_VALUE"""),95.81) | BF7: =IFERROR(__xludf.DUMMYFUNCTION("""COMPUTED_VALUE"""),45873.6666666666) | BG7: =IFERROR(__xludf.DUMMYFUNCTION("""COMPUTED_VALUE"""),82.68) | BI7: =IFERROR(__xludf.DUMMYFUNCTION("""COMPUTED_VALUE"""),45873.6666666666) | BJ7: =IFERROR(__xludf.DUMMYFUNCTION("""COMPUTED_VALUE"""),88.06) | BL7: =IFERROR(__xludf.DUMMYFUNCTION("""COMPUTED_VALUE"""),45873.6666666666) | BM7: =IFERROR(__xludf.DUMMYFUNCTION("""COMPUTED_VALUE"""),310.91) | BO7: =IFERROR(__xludf.DUMMYFUNCTION("""COMPUTED_VALUE"""),45873.6666666666) | BP7: =IFERROR(__xludf.DUMMYFUNCTION("""COMPUTED_VALUE"""),91.48) | CB7: VEA
A8: =IFERROR(__xludf.DUMMYFUNCTION("""COMPUTED_VALUE"""),45874.6666666666) | B8: =IFERROR(__xludf.DUMMYFUNCTION("""COMPUTED_VALUE"""),627.97) | D8: =IFERROR(__xludf.DUMMYFUNCTION("""COMPUTED_VALUE"""),45874.6666666666) | E8: =IFERROR(__xludf.DUMMYFUNCTION("""COMPUTED_VALUE"""),90.24) | G8: =IFERROR(__xludf.DUMMYFUNCTION("""COMPUTED_VALUE"""),46058.6666666666) | H8: =IFERROR(__xludf.DUMMYFUNCTION("""COMPUTED_VALUE"""),65.9) | J8: =IFERROR(__xludf.DUMMYFUNCTION("""COMPUTED_VALUE"""),45874.6666666666) | K8: =IFERROR(__xludf.DUMMYFUNCTION("""COMPUTED_VALUE"""),75.03) | M8: =IFERROR(__xludf.DUMMYFUNCTION("""COMPUTED_VALUE"""),45874.6666666666) | N8: =IFERROR(__xludf.DUMMYFUNCTION("""COMPUTED_VALUE"""),220.85) | P8: =IFERROR(__xludf.DUMMYFUNCTION("""COMPUTED_VALUE"""),45874.6666666666) | Q8: =IFERROR(__xludf.DUMMYFUNCTION("""COMPUTED_VALUE"""),76.21) | S8: =IFERROR(__xludf.DUMMYFUNCTION("""COMPUTED_VALUE"""),45142.6666666666) | T8: =IFERROR(__xludf.DUMMYFUNCTION("""COMPUTED_VALUE"""),181.99) | V8: =IFERROR(__xludf.DUMMYFUNCTION("""COMPUTED_VALUE"""),45874.6666666666) | W8: =IFERROR(__xludf.DUMMYFUNCTION("""COMPUTED_VALUE"""),21.82) | Y8: =IFERROR(__xludf.DUMMYFUNCTION("""COMPUTED_VALUE"""),45874.6666666666) | Z8: =IFERROR(__xludf.DUMMYFUNCTION("""COMPUTED_VALUE"""),73.67) | AB8: =IFERROR(__xludf.DUMMYFUNCTION("""COMPUTED_VALUE"""),45874.6666666666) | AC8: =IFERROR(__xludf.DUMMYFUNCTION("""COMPUTED_VALUE"""),50.16) | AE8: =IFERROR(__xludf.DUMMYFUNCTION("""COMPUTED_VALUE"""),45874.6666666666) | AF8: =IFERROR(__xludf.DUMMYFUNCTION("""COMPUTED_VALUE"""),93.18) | AH8: =IFERROR(__xludf.DUMMYFUNCTION("""COMPUTED_VALUE"""),45874.6666666666) | AI8: =IFERROR(__xludf.DUMMYFUNCTION("""COMPUTED_VALUE"""),22.93) | AK8: =IFERROR(__xludf.DUMMYFUNCTION("""COMPUTED_VALUE"""),45874.6666666666) | AL8: =IFERROR(__xludf.DUMMYFUNCTION("""COMPUTED_VALUE"""),80.21) | AN8: =IFERROR(__xludf.DUMMYFUNCTION("""COMPUTED_VALUE"""),45874.6666666666) | AO8: =IFERROR(__xludf.DUMMYFUNCTION("""COMPUTED_VALUE"""),110.39) | AQ8: =IFERROR(__xludf.DUMMYFUNCTION("""COMPUTED_VALUE"""),45874.6666666666) | AR8: =IFERROR(__xludf.DUMMYFUNCTION("""COMPUTED_VALUE"""),88.44) | AT8: =IFERROR(__xludf.DUMMYFUNCTION("""COMPUTED_VALUE"""),45874.6666666666) | AU8: =IFERROR(__xludf.DUMMYFUNCTION("""COMPUTED_VALUE"""),48.84) | AW8: =IFERROR(__xludf.DUMMYFUNCTION("""COMPUTED_VALUE"""),45874.6666666666) | AX8: =IFERROR(__xludf.DUMMYFUNCTION("""COMPUTED_VALUE"""),99.25) | AZ8: =IFERROR(__xludf.DUMMYFUNCTION("""COMPUTED_VALUE"""),45874.6666666666) | BA8: =IFERROR(__xludf.DUMMYFUNCTION("""COMPUTED_VALUE"""),109.9) | BC8: =IFERROR(__xludf.DUMMYFUNCTION("""COMPUTED_VALUE"""),45874.6666666666) | BD8: =IFERROR(__xludf.DUMMYFUNCTION("""COMPUTED_VALUE"""),95.74) | BF8: =IFERROR(__xludf.DUMMYFUNCTION("""COMPUTED_VALUE"""),45874.6666666666) | BG8: =IFERROR(__xludf.DUMMYFUNCTION("""COMPUTED_VALUE"""),82.65) | BI8: =IFERROR(__xludf.DUMMYFUNCTION("""COMPUTED_VALUE"""),45874.6666666666) | BJ8: =IFERROR(__xludf.DUMMYFUNCTION("""COMPUTED_VALUE"""),88.33) | BL8: =IFERROR(__xludf.DUMMYFUNCTION("""COMPUTED_VALUE"""),45874.6666666666) | BM8: =IFERROR(__xludf.DUMMYFUNCTION("""COMPUTED_VALUE"""),311.16) | BO8: =IFERROR(__xludf.DUMMYFUNCTION("""COMPUTED_VALUE"""),45874.6666666666) | BP8: =IFERROR(__xludf.DUMMYFUNCTION("""COMPUTED_VALUE"""),91.48) | CB8: VNQ
A9: =IFERROR(__xludf.DUMMYFUNCTION("""COMPUTED_VALUE"""),45875.6666666666) | B9: =IFERROR(__xludf.DUMMYFUNCTION("""COMPUTED_VALUE"""),632.78) | D9: =IFERROR(__xludf.DUMMYFUNCTION("""COMPUTED_VALUE"""),45875.6666666666) | E9: =IFERROR(__xludf.DUMMYFUNCTION("""COMPUTED_VALUE"""),89.54) | G9: =IFERROR(__xludf.DUMMYFUNCTION("""COMPUTED_VALUE"""),46059.6666666666) | H9: =IFERROR(__xludf.DUMMYFUNCTION("""COMPUTED_VALUE"""),67.37) | J9: =IFERROR(__xludf.DUMMYFUNCTION("""COMPUTED_VALUE"""),45875.6666666666) | K9: =IFERROR(__xludf.DUMMYFUNCTION("""COMPUTED_VALUE"""),76.03) | M9: =IFERROR(__xludf.DUMMYFUNCTION("""COMPUTED_VALUE"""),45875.6666666666) | N9: =IFERROR(__xludf.DUMMYFUNCTION("""COMPUTED_VALUE"""),220.56) | P9: =IFERROR(__xludf.DUMMYFUNCTION("""COMPUTED_VALUE"""),45875.6666666666) | Q9: =IFERROR(__xludf.DUMMYFUNCTION("""COMPUTED_VALUE"""),76.57) | S9: =IFERROR(__xludf.DUMMYFUNCTION("""COMPUTED_VALUE"""),45145.6666666666) | T9: =IFERROR(__xludf.DUMMYFUNCTION("""COMPUTED_VALUE"""),178.85) | V9: =IFERROR(__xludf.DUMMYFUNCTION("""COMPUTED_VALUE"""),45875.6666666666) | W9: =IFERROR(__xludf.DUMMYFUNCTION("""COMPUTED_VALUE"""),21.77) | Y9: =IFERROR(__xludf.DUMMYFUNCTION("""COMPUTED_VALUE"""),45875.6666666666) | Z9: =IFERROR(__xludf.DUMMYFUNCTION("""COMPUTED_VALUE"""),73.61) | AB9: =IFERROR(__xludf.DUMMYFUNCTION("""COMPUTED_VALUE"""),45875.6666666666) | AC9: =IFERROR(__xludf.DUMMYFUNCTION("""COMPUTED_VALUE"""),50.38) | AE9: =IFERROR(__xludf.DUMMYFUNCTION("""COMPUTED_VALUE"""),45875.6666666666) | AF9: =IFERROR(__xludf.DUMMYFUNCTION("""COMPUTED_VALUE"""),93.24) | AH9: =IFERROR(__xludf.DUMMYFUNCTION("""COMPUTED_VALUE"""),45875.6666666666) | AI9: =IFERROR(__xludf.DUMMYFUNCTION("""COMPUTED_VALUE"""),23.03) | AK9: =IFERROR(__xludf.DUMMYFUNCTION("""COMPUTED_VALUE"""),45875.6666666666) | AL9: =IFERROR(__xludf.DUMMYFUNCTION("""COMPUTED_VALUE"""),80.29) | AN9: =IFERROR(__xludf.DUMMYFUNCTION("""COMPUTED_VALUE"""),45875.6666666666) | AO9: =IFERROR(__xludf.DUMMYFUNCTION("""COMPUTED_VALUE"""),110.3) | AQ9: =IFERROR(__xludf.DUMMYFUNCTION("""COMPUTED_VALUE"""),45875.6666666666) | AR9: =IFERROR(__xludf.DUMMYFUNCTION("""COMPUTED_VALUE"""),89.02) | AT9: =IFERROR(__xludf.DUMMYFUNCTION("""COMPUTED_VALUE"""),45875.6666666666) | AU9: =IFERROR(__xludf.DUMMYFUNCTION("""COMPUTED_VALUE"""),49.07) | AW9: =IFERROR(__xludf.DUMMYFUNCTION("""COMPUTED_VALUE"""),45875.6666666666) | AX9: =IFERROR(__xludf.DUMMYFUNCTION("""COMPUTED_VALUE"""),99.21) | AZ9: =IFERROR(__xludf.DUMMYFUNCTION("""COMPUTED_VALUE"""),45875.6666666666) | BA9: =IFERROR(__xludf.DUMMYFUNCTION("""COMPUTED_VALUE"""),109.87) | BC9: =IFERROR(__xludf.DUMMYFUNCTION("""COMPUTED_VALUE"""),45875.6666666666) | BD9: =IFERROR(__xludf.DUMMYFUNCTION("""COMPUTED_VALUE"""),95.67) | BF9: =IFERROR(__xludf.DUMMYFUNCTION("""COMPUTED_VALUE"""),45875.6666666666) | BG9: =IFERROR(__xludf.DUMMYFUNCTION("""COMPUTED_VALUE"""),82.68) | BI9: =IFERROR(__xludf.DUMMYFUNCTION("""COMPUTED_VALUE"""),45875.6666666666) | BJ9: =IFERROR(__xludf.DUMMYFUNCTION("""COMPUTED_VALUE"""),87.82) | BL9: =IFERROR(__xludf.DUMMYFUNCTION("""COMPUTED_VALUE"""),45875.6666666666) | BM9: =IFERROR(__xludf.DUMMYFUNCTION("""COMPUTED_VALUE"""),310.5) | BO9: =IFERROR(__xludf.DUMMYFUNCTION("""COMPUTED_VALUE"""),45875.6666666666) | BP9: =IFERROR(__xludf.DUMMYFUNCTION("""COMPUTED_VALUE"""),91.51) | CB9: DBC
A10: =IFERROR(__xludf.DUMMYFUNCTION("""COMPUTED_VALUE"""),45876.6666666666) | B10: =IFERROR(__xludf.DUMMYFUNCTION("""COMPUTED_VALUE"""),632.25) | D10: =IFERROR(__xludf.DUMMYFUNCTION("""COMPUTED_VALUE"""),45876.6666666666) | E10: =IFERROR(__xludf.DUMMYFUNCTION("""COMPUTED_VALUE"""),89.8) | G10: =IFERROR(__xludf.DUMMYFUNCTION("""COMPUTED_VALUE"""),46062.6666666666) | H10: =IFERROR(__xludf.DUMMYFUNCTION("""COMPUTED_VALUE"""),68.37) | J10: =IFERROR(__xludf.DUMMYFUNCTION("""COMPUTED_VALUE"""),45876.6666666666) | K10: =IFERROR(__xludf.DUMMYFUNCTION("""COMPUTED_VALUE"""),76.62) | M10: =IFERROR(__xludf.DUMMYFUNCTION("""COMPUTED_VALUE"""),45876.6666666666) | N10: =IFERROR(__xludf.DUMMYFUNCTION("""COMPUTED_VALUE"""),219.84) | P10: =IFERROR(__xludf.DUMMYFUNCTION("""COMPUTED_VALUE"""),45876.6666666666) | Q10: =IFERROR(__xludf.DUMMYFUNCTION("""COMPUTED_VALUE"""),77.38) | S10: =IFERROR(__xludf.DUMMYFUNCTION("""COMPUTED_VALUE"""),45146.6666666666) | T10: =IFERROR(__xludf.DUMMYFUNCTION("""COMPUTED_VALUE"""),179.8) | V10: =IFERROR(__xludf.DUMMYFUNCTION("""COMPUTED_VALUE"""),45876.6666666666) | W10: =IFERROR(__xludf.DUMMYFUNCTION("""COMPUTED_VALUE"""),21.84) | Y10: =IFERROR(__xludf.DUMMYFUNCTION("""COMPUTED_VALUE"""),45876.6666666666) | Z10: =IFERROR(__xludf.DUMMYFUNCTION("""COMPUTED_VALUE"""),73.58) | AB10: =IFERROR(__xludf.DUMMYFUNCTION("""COMPUTED_VALUE"""),45876.6666666666) | AC10: =IFERROR(__xludf.DUMMYFUNCTION("""COMPUTED_VALUE"""),50.75) | AE10: =IFERROR(__xludf.DUMMYFUNCTION("""COMPUTED_VALUE"""),45876.6666666666) | AF10: =IFERROR(__xludf.DUMMYFUNCTION("""COMPUTED_VALUE"""),93.38) | AH10: =IFERROR(__xludf.DUMMYFUNCTION("""COMPUTED_VALUE"""),45876.6666666666) | AI10: =IFERROR(__xludf.DUMMYFUNCTION("""COMPUTED_VALUE"""),23.05) | AK10: =IFERROR(__xludf.DUMMYFUNCTION("""COMPUTED_VALUE"""),45876.6666666666) | AL10: =IFERROR(__xludf.DUMMYFUNCTION("""COMPUTED_VALUE"""),80.21) | AN10: =IFERROR(__xludf.DUMMYFUNCTION("""COMPUTED_VALUE"""),45876.6666666666) | AO10: =IFERROR(__xludf.DUMMYFUNCTION("""COMPUTED_VALUE"""),110.42) | AQ10: =IFERROR(__xludf.DUMMYFUNCTION("""COMPUTED_VALUE"""),45876.6666666666) | AR10: =IFERROR(__xludf.DUMMYFUNCTION("""COMPUTED_VALUE"""),89.82) | AT10: =IFERROR(__xludf.DUMMYFUNCTION("""COMPUTED_VALUE"""),45876.6666666666) | AU10: =IFERROR(__xludf.DUMMYFUNCTION("""COMPUTED_VALUE"""),49.48) | AW10: =IFERROR(__xludf.DUMMYFUNCTION("""COMPUTED_VALUE"""),45876.6666666666) | AX10: =IFERROR(__xludf.DUMMYFUNCTION("""COMPUTED_VALUE"""),99.13) | AZ10: =IFERROR(__xludf.DUMMYFUNCTION("""COMPUTED_VALUE"""),45876.6666666666) | BA10: =IFERROR(__xludf.DUMMYFUNCTION("""COMPUTED_VALUE"""),109.76) | BC10: =IFERROR(__xludf.DUMMYFUNCTION("""COMPUTED_VALUE"""),45876.6666666666) | BD10: =IFERROR(__xludf.DUMMYFUNCTION("""COMPUTED_VALUE"""),95.6) | BF10: =IFERROR(__xludf.DUMMYFUNCTION("""COMPUTED_VALUE"""),45876.6666666666) | BG10: =IFERROR(__xludf.DUMMYFUNCTION("""COMPUTED_VALUE"""),82.64) | BI10: =IFERROR(__xludf.DUMMYFUNCTION("""COMPUTED_VALUE"""),45876.6666666666) | BJ10: =IFERROR(__xludf.DUMMYFUNCTION("""COMPUTED_VALUE"""),87.67) | BL10: =IFERROR(__xludf.DUMMYFUNCTION("""COMPUTED_VALUE"""),45876.6666666666) | BM10: =IFERROR(__xludf.DUMMYFUNCTION("""COMPUTED_VALUE"""),313.12) | BO10: =IFERROR(__xludf.DUMMYFUNCTION("""COMPUTED_VALUE"""),45876.6666666666) | BP10: =IFERROR(__xludf.DUMMYFUNCTION("""COMPUTED_VALUE"""),91.51) | CB10: GLD
A11: =IFERROR(__xludf.DUMMYFUNCTION("""COMPUTED_VALUE"""),45877.6666666666) | B11: =IFERROR(__xludf.DUMMYFUNCTION("""COMPUTED_VALUE"""),637.18) | D11: =IFERROR(__xludf.DUMMYFUNCTION("""COMPUTED_VALUE"""),45877.6666666666) | E11: =IFERROR(__xludf.DUMMYFUNCTION("""COMPUTED_VALUE"""),89.06) | G11: =IFERROR(__xludf.DUMMYFUNCTION("""COMPUTED_VALUE"""),46063.6666666666) | H11: =IFERROR(__xludf.DUMMYFUNCTION("""COMPUTED_VALUE"""),68.54) | J11: =IFERROR(__xludf.DUMMYFUNCTION("""COMPUTED_VALUE"""),45877.6666666666) | K11: =IFERROR(__xludf.DUMMYFUNCTION("""COMPUTED_VALUE"""),77.93) | M11: =IFERROR(__xludf.DUMMYFUNCTION("""COMPUTED_VALUE"""),45877.6666666666) | N11: =IFERROR(__xludf.DUMMYFUNCTION("""COMPUTED_VALUE"""),220.32) | P11: =IFERROR(__xludf.DUMMYFUNCTION("""COMPUTED_VALUE"""),45877.6666666666) | Q11: =IFERROR(__xludf.DUMMYFUNCTION("""COMPUTED_VALUE"""),77.63) | S11: =IFERROR(__xludf.DUMMYFUNCTION("""COMPUTED_VALUE"""),45147.6666666666) | T11: =IFERROR(__xludf.DUMMYFUNCTION("""COMPUTED_VALUE"""),178.19) | V11: =IFERROR(__xludf.DUMMYFUNCTION("""COMPUTED_VALUE"""),45877.6666666666) | W11: =IFERROR(__xludf.DUMMYFUNCTION("""COMPUTED_VALUE"""),21.84) | Y11: =IFERROR(__xludf.DUMMYFUNCTION("""COMPUTED_VALUE"""),45877.6666666666) | Z11: =IFERROR(__xludf.DUMMYFUNCTION("""COMPUTED_VALUE"""),73.42) | AB11: =IFERROR(__xludf.DUMMYFUNCTION("""COMPUTED_VALUE"""),45877.6666666666) | AC11: =IFERROR(__xludf.DUMMYFUNCTION("""COMPUTED_VALUE"""),50.69) | AE11: =IFERROR(__xludf.DUMMYFUNCTION("""COMPUTED_VALUE"""),45877.6666666666) | AF11: =IFERROR(__xludf.DUMMYFUNCTION("""COMPUTED_VALUE"""),93.38) | AH11: =IFERROR(__xludf.DUMMYFUNCTION("""COMPUTED_VALUE"""),45877.6666666666) | AI11: =IFERROR(__xludf.DUMMYFUNCTION("""COMPUTED_VALUE"""),22.98) | AK11: =IFERROR(__xludf.DUMMYFUNCTION("""COMPUTED_VALUE"""),45877.6666666666) | AL11: =IFERROR(__xludf.DUMMYFUNCTION("""COMPUTED_VALUE"""),80.22) | AN11: =IFERROR(__xludf.DUMMYFUNCTION("""COMPUTED_VALUE"""),45877.6666666666) | AO11: =IFERROR(__xludf.DUMMYFUNCTION("""COMPUTED_VALUE"""),110.35) | AQ11: =IFERROR(__xludf.DUMMYFUNCTION("""COMPUTED_VALUE"""),45877.6666666666) | AR11: =IFERROR(__xludf.DUMMYFUNCTION("""COMPUTED_VALUE"""),90.37) | AT11: =IFERROR(__xludf.DUMMYFUNCTION("""COMPUTED_VALUE"""),45877.6666666666) | AU11: =IFERROR(__xludf.DUMMYFUNCTION("""COMPUTED_VALUE"""),49.44) | AW11: =IFERROR(__xludf.DUMMYFUNCTION("""COMPUTED_VALUE"""),45877.6666666666) | AX11: =IFERROR(__xludf.DUMMYFUNCTION("""COMPUTED_VALUE"""),98.94) | AZ11: =IFERROR(__xludf.DUMMYFUNCTION("""COMPUTED_VALUE"""),45877.6666666666) | BA11: =IFERROR(__xludf.DUMMYFUNCTION("""COMPUTED_VALUE"""),109.41) | BC11: =IFERROR(__xludf.DUMMYFUNCTION("""COMPUTED_VALUE"""),45877.6666666666) | BD11: =IFERROR(__xludf.DUMMYFUNCTION("""COMPUTED_VALUE"""),95.38) | BF11: =IFERROR(__xludf.DUMMYFUNCTION("""COMPUTED_VALUE"""),45877.6666666666) | BG11: =IFERROR(__xludf.DUMMYFUNCTION("""COMPUTED_VALUE"""),82.62) | BI11: =IFERROR(__xludf.DUMMYFUNCTION("""COMPUTED_VALUE"""),45877.6666666666) | BJ11: =IFERROR(__xludf.DUMMYFUNCTION("""COMPUTED_VALUE"""),87.29) | BL11: =IFERROR(__xludf.DUMMYFUNCTION("""COMPUTED_VALUE"""),45877.6666666666) | BM11: =IFERROR(__xludf.DUMMYFUNCTION("""COMPUTED_VALUE"""),313.05) | BO11: =IFERROR(__xludf.DUMMYFUNCTION("""COMPUTED_VALUE"""),45877.6666666666) | BP11: =IFERROR(__xludf.DUMMYFUNCTION("""COMPUTED_VALUE"""),91.54) | CB11: LQD
A12: =IFERROR(__xludf.DUMMYFUNCTION("""COMPUTED_VALUE"""),45880.6666666666) | B12: =IFERROR(__xludf.DUMMYFUNCTION("""COMPUTED_VALUE"""),635.92) | D12: =IFERROR(__xludf.DUMMYFUNCTION("""COMPUTED_VALUE"""),45880.6666666666) | E12: =IFERROR(__xludf.DUMMYFUNCTION("""COMPUTED_VALUE"""),88.47) | G12: =IFERROR(__xludf.DUMMYFUNCTION("""COMPUTED_VALUE"""),46064.6666666666) | H12: =IFERROR(__xludf.DUMMYFUNCTION("""COMPUTED_VALUE"""),69.05) | J12: =IFERROR(__xludf.DUMMYFUNCTION("""COMPUTED_VALUE"""),45880.6666666666) | K12: =IFERROR(__xludf.DUMMYFUNCTION("""COMPUTED_VALUE"""),77.79) | M12: =IFERROR(__xludf.DUMMYFUNCTION("""COMPUTED_VALUE"""),45880.6666666666) | N12: =IFERROR(__xludf.DUMMYFUNCTION("""COMPUTED_VALUE"""),220.27) | P12: =IFERROR(__xludf.DUMMYFUNCTION("""COMPUTED_VALUE"""),45880.6666666666) | Q12: =IFERROR(__xludf.DUMMYFUNCTION("""COMPUTED_VALUE"""),77.23) | S12: =IFERROR(__xludf.DUMMYFUNCTION("""COMPUTED_VALUE"""),45148.6666666666) | T12: =IFERROR(__xludf.DUMMYFUNCTION("""COMPUTED_VALUE"""),177.97) | V12: =IFERROR(__xludf.DUMMYFUNCTION("""COMPUTED_VALUE"""),45880.6666666666) | W12: =IFERROR(__xludf.DUMMYFUNCTION("""COMPUTED_VALUE"""),21.87) | Y12: =IFERROR(__xludf.DUMMYFUNCTION("""COMPUTED_VALUE"""),45880.6666666666) | Z12: =IFERROR(__xludf.DUMMYFUNCTION("""COMPUTED_VALUE"""),73.47) | AB12: =IFERROR(__xludf.DUMMYFUNCTION("""COMPUTED_VALUE"""),45880.6666666666) | AC12: =IFERROR(__xludf.DUMMYFUNCTION("""COMPUTED_VALUE"""),50.63) | AE12: =IFERROR(__xludf.DUMMYFUNCTION("""COMPUTED_VALUE"""),45880.6666666666) | AF12: =IFERROR(__xludf.DUMMYFUNCTION("""COMPUTED_VALUE"""),93.5) | AH12: =IFERROR(__xludf.DUMMYFUNCTION("""COMPUTED_VALUE"""),45880.6666666666) | AI12: =IFERROR(__xludf.DUMMYFUNCTION("""COMPUTED_VALUE"""),22.91) | AK12: =IFERROR(__xludf.DUMMYFUNCTION("""COMPUTED_VALUE"""),45880.6666666666) | AL12: =IFERROR(__xludf.DUMMYFUNCTION("""COMPUTED_VALUE"""),80.22) | AN12: =IFERROR(__xludf.DUMMYFUNCTION("""COMPUTED_VALUE"""),45880.6666666666) | AO12: =IFERROR(__xludf.DUMMYFUNCTION("""COMPUTED_VALUE"""),110.35) | AQ12: =IFERROR(__xludf.DUMMYFUNCTION("""COMPUTED_VALUE"""),45880.6666666666) | AR12: =IFERROR(__xludf.DUMMYFUNCTION("""COMPUTED_VALUE"""),89.99) | AT12: =IFERROR(__xludf.DUMMYFUNCTION("""COMPUTED_VALUE"""),45880.6666666666) | AU12: =IFERROR(__xludf.DUMMYFUNCTION("""COMPUTED_VALUE"""),49.3) | AW12: =IFERROR(__xludf.DUMMYFUNCTION("""COMPUTED_VALUE"""),45880.6666666666) | AX12: =IFERROR(__xludf.DUMMYFUNCTION("""COMPUTED_VALUE"""),99.01) | AZ12: =IFERROR(__xludf.DUMMYFUNCTION("""COMPUTED_VALUE"""),45880.6666666666) | BA12: =IFERROR(__xludf.DUMMYFUNCTION("""COMPUTED_VALUE"""),109.58) | BC12: =IFERROR(__xludf.DUMMYFUNCTION("""COMPUTED_VALUE"""),45880.6666666666) | BD12: =IFERROR(__xludf.DUMMYFUNCTION("""COMPUTED_VALUE"""),95.41) | BF12: =IFERROR(__xludf.DUMMYFUNCTION("""COMPUTED_VALUE"""),45880.6666666666) | BG12: =IFERROR(__xludf.DUMMYFUNCTION("""COMPUTED_VALUE"""),82.62) | BI12: =IFERROR(__xludf.DUMMYFUNCTION("""COMPUTED_VALUE"""),45880.6666666666) | BJ12: =IFERROR(__xludf.DUMMYFUNCTION("""COMPUTED_VALUE"""),87.39) | BL12: =IFERROR(__xludf.DUMMYFUNCTION("""COMPUTED_VALUE"""),45880.6666666666) | BM12: =IFERROR(__xludf.DUMMYFUNCTION("""COMPUTED_VALUE"""),308.55) | BO12: =IFERROR(__xludf.DUMMYFUNCTION("""COMPUTED_VALUE"""),45880.6666666666) | BP12: =IFERROR(__xludf.DUMMYFUNCTION("""COMPUTED_VALUE"""),91.55) | CB12: HYG
A13: =IFERROR(__xludf.DUMMYFUNCTION("""COMPUTED_VALUE"""),45881.6666666666) | B13: =IFERROR(__xludf.DUMMYFUNCTION("""COMPUTED_VALUE"""),642.69) | D13: =IFERROR(__xludf.DUMMYFUNCTION("""COMPUTED_VALUE"""),45881.6666666666) | E13: =IFERROR(__xludf.DUMMYFUNCTION("""COMPUTED_VALUE"""),88.97) | G13: =IFERROR(__xludf.DUMMYFUNCTION("""COMPUTED_VALUE"""),46065.6666666666) | H13: =IFERROR(__xludf.DUMMYFUNCTION("""COMPUTED_VALUE"""),68.5) | J13: =IFERROR(__xludf.DUMMYFUNCTION("""COMPUTED_VALUE"""),45881.6666666666) | K13: =IFERROR(__xludf.DUMMYFUNCTION("""COMPUTED_VALUE"""),79.23) | M13: =IFERROR(__xludf.DUMMYFUNCTION("""COMPUTED_VALUE"""),45881.6666666666) | N13: =IFERROR(__xludf.DUMMYFUNCTION("""COMPUTED_VALUE"""),226.81) | P13: =IFERROR(__xludf.DUMMYFUNCTION("""COMPUTED_VALUE"""),45881.6666666666) | Q13: =IFERROR(__xludf.DUMMYFUNCTION("""COMPUTED_VALUE"""),78.02) | S13: =IFERROR(__xludf.DUMMYFUNCTION("""COMPUTED_VALUE"""),45149.6666666666) | T13: =IFERROR(__xludf.DUMMYFUNCTION("""COMPUTED_VALUE"""),177.79) | V13: =IFERROR(__xludf.DUMMYFUNCTION("""COMPUTED_VALUE"""),45881.6666666666) | W13: =IFERROR(__xludf.DUMMYFUNCTION("""COMPUTED_VALUE"""),21.78) | Y13: =IFERROR(__xludf.DUMMYFUNCTION("""COMPUTED_VALUE"""),45881.6666666666) | Z13: =IFERROR(__xludf.DUMMYFUNCTION("""COMPUTED_VALUE"""),73.48) | AB13: =IFERROR(__xludf.DUMMYFUNCTION("""COMPUTED_VALUE"""),45881.6666666666) | AC13: =IFERROR(__xludf.DUMMYFUNCTION("""COMPUTED_VALUE"""),51.21) | AE13: =IFERROR(__xludf.DUMMYFUNCTION("""COMPUTED_VALUE"""),45881.6666666666) | AF13: =IFERROR(__xludf.DUMMYFUNCTION("""COMPUTED_VALUE"""),93.68) | AH13: =IFERROR(__xludf.DUMMYFUNCTION("""COMPUTED_VALUE"""),45881.6666666666) | AI13: =IFERROR(__xludf.DUMMYFUNCTION("""COMPUTED_VALUE"""),22.97) | AK13: =IFERROR(__xludf.DUMMYFUNCTION("""COMPUTED_VALUE"""),45881.6666666666) | AL13: =IFERROR(__xludf.DUMMYFUNCTION("""COMPUTED_VALUE"""),80.4) | AN13: =IFERROR(__xludf.DUMMYFUNCTION("""COMPUTED_VALUE"""),45881.6666666666) | AO13: =IFERROR(__xludf.DUMMYFUNCTION("""COMPUTED_VALUE"""),110.16) | AQ13: =IFERROR(__xludf.DUMMYFUNCTION("""COMPUTED_VALUE"""),45881.6666666666) | AR13: =IFERROR(__xludf.DUMMYFUNCTION("""COMPUTED_VALUE"""),91.09) | AT13: =IFERROR(__xludf.DUMMYFUNCTION("""COMPUTED_VALUE"""),45881.6666666666) | AU13: =IFERROR(__xludf.DUMMYFUNCTION("""COMPUTED_VALUE"""),49.9) | AW13: =IFERROR(__xludf.DUMMYFUNCTION("""COMPUTED_VALUE"""),45881.6666666666) | AX13: =IFERROR(__xludf.DUMMYFUNCTION("""COMPUTED_VALUE"""),99.01) | AZ13: =IFERROR(__xludf.DUMMYFUNCTION("""COMPUTED_VALUE"""),45881.6666666666) | BA13: =IFERROR(__xludf.DUMMYFUNCTION("""COMPUTED_VALUE"""),109.68) | BC13: =IFERROR(__xludf.DUMMYFUNCTION("""COMPUTED_VALUE"""),45881.6666666666) | BD13: =IFERROR(__xludf.DUMMYFUNCTION("""COMPUTED_VALUE"""),95.39) | BF13: =IFERROR(__xludf.DUMMYFUNCTION("""COMPUTED_VALUE"""),45881.6666666666) | BG13: =IFERROR(__xludf.DUMMYFUNCTION("""COMPUTED_VALUE"""),82.68) | BI13: =IFERROR(__xludf.DUMMYFUNCTION("""COMPUTED_VALUE"""),45881.6666666666) | BJ13: =IFERROR(__xludf.DUMMYFUNCTION("""COMPUTED_VALUE"""),86.95) | BL13: =IFERROR(__xludf.DUMMYFUNCTION("""COMPUTED_VALUE"""),45881.6666666666) | BM13: =IFERROR(__xludf.DUMMYFUNCTION("""COMPUTED_VALUE"""),308.27) | BO13: =IFERROR(__xludf.DUMMYFUNCTION("""COMPUTED_VALUE"""),45881.6666666666) | BP13: =IFERROR(__xludf.DUMMYFUNCTION("""COMPUTED_VALUE"""),91.56) | CB13: EFA
A14: =IFERROR(__xludf.DUMMYFUNCTION("""COMPUTED_VALUE"""),45882.6666666666) | B14: =IFERROR(__xludf.DUMMYFUNCTION("""COMPUTED_VALUE"""),644.89) | D14: =IFERROR(__xludf.DUMMYFUNCTION("""COMPUTED_VALUE"""),45882.6666666666) | E14: =IFERROR(__xludf.DUMMYFUNCTION("""COMPUTED_VALUE"""),89.8) | G14: =IFERROR(__xludf.DUMMYFUNCTION("""COMPUTED_VALUE"""),46066.6666666666) | H14: =IFERROR(__xludf.DUMMYFUNCTION("""COMPUTED_VALUE"""),68.76) | J14: =IFERROR(__xludf.DUMMYFUNCTION("""COMPUTED_VALUE"""),45882.6666666666) | K14: =IFERROR(__xludf.DUMMYFUNCTION("""COMPUTED_VALUE"""),79.27) | M14: =IFERROR(__xludf.DUMMYFUNCTION("""COMPUTED_VALUE"""),45882.6666666666) | N14: =IFERROR(__xludf.DUMMYFUNCTION("""COMPUTED_VALUE"""),231.22) | P14: =IFERROR(__xludf.DUMMYFUNCTION("""COMPUTED_VALUE"""),45882.6666666666) | Q14: =IFERROR(__xludf.DUMMYFUNCTION("""COMPUTED_VALUE"""),78.59) | S14: =IFERROR(__xludf.DUMMYFUNCTION("""COMPUTED_VALUE"""),45152.6666666666) | T14: =IFERROR(__xludf.DUMMYFUNCTION("""COMPUTED_VALUE"""),179.46) | V14: =IFERROR(__xludf.DUMMYFUNCTION("""COMPUTED_VALUE"""),45882.6666666666) | W14: =IFERROR(__xludf.DUMMYFUNCTION("""COMPUTED_VALUE"""),21.75) | Y14: =IFERROR(__xludf.DUMMYFUNCTION("""COMPUTED_VALUE"""),45882.6666666666) | Z14: =IFERROR(__xludf.DUMMYFUNCTION("""COMPUTED_VALUE"""),73.75) | AB14: =IFERROR(__xludf.DUMMYFUNCTION("""COMPUTED_VALUE"""),45882.6666666666) | AC14: =IFERROR(__xludf.DUMMYFUNCTION("""COMPUTED_VALUE"""),51.79) | AE14: =IFERROR(__xludf.DUMMYFUNCTION("""COMPUTED_VALUE"""),45882.6666666666) | AF14: =IFERROR(__xludf.DUMMYFUNCTION("""COMPUTED_VALUE"""),94.14) | AH14: =IFERROR(__xludf.DUMMYFUNCTION("""COMPUTED_VALUE"""),45882.6666666666) | AI14: =IFERROR(__xludf.DUMMYFUNCTION("""COMPUTED_VALUE"""),23.09) | AK14: =IFERROR(__xludf.DUMMYFUNCTION("""COMPUTED_VALUE"""),45882.6666666666) | AL14: =IFERROR(__xludf.DUMMYFUNCTION("""COMPUTED_VALUE"""),80.61) | AN14: =IFERROR(__xludf.DUMMYFUNCTION("""COMPUTED_VALUE"""),45882.6666666666) | AO14: =IFERROR(__xludf.DUMMYFUNCTION("""COMPUTED_VALUE"""),110.58) | AQ14: =IFERROR(__xludf.DUMMYFUNCTION("""COMPUTED_VALUE"""),45882.6666666666) | AR14: =IFERROR(__xludf.DUMMYFUNCTION("""COMPUTED_VALUE"""),91.64) | AT14: =IFERROR(__xludf.DUMMYFUNCTION("""COMPUTED_VALUE"""),45882.6666666666) | AU14: =IFERROR(__xludf.DUMMYFUNCTION("""COMPUTED_VALUE"""),50.5) | AW14: =IFERROR(__xludf.DUMMYFUNCTION("""COMPUTED_VALUE"""),45882.6666666666) | AX14: =IFERROR(__xludf.DUMMYFUNCTION("""COMPUTED_VALUE"""),99.37) | AZ14: =IFERROR(__xludf.DUMMYFUNCTION("""COMPUTED_VALUE"""),45882.6666666666) | BA14: =IFERROR(__xludf.DUMMYFUNCTION("""COMPUTED_VALUE"""),110.26) | BC14: =IFERROR(__xludf.DUMMYFUNCTION("""COMPUTED_VALUE"""),45882.6666666666) | BD14: =IFERROR(__xludf.DUMMYFUNCTION("""COMPUTED_VALUE"""),95.73) | BF14: =IFERROR(__xludf.DUMMYFUNCTION("""COMPUTED_VALUE"""),45882.6666666666) | BG14: =IFERROR(__xludf.DUMMYFUNCTION("""COMPUTED_VALUE"""),82.79) | BI14: =IFERROR(__xludf.DUMMYFUNCTION("""COMPUTED_VALUE"""),45882.6666666666) | BJ14: =IFERROR(__xludf.DUMMYFUNCTION("""COMPUTED_VALUE"""),87.67) | BL14: =IFERROR(__xludf.DUMMYFUNCTION("""COMPUTED_VALUE"""),45882.6666666666) | BM14: =IFERROR(__xludf.DUMMYFUNCTION("""COMPUTED_VALUE"""),309.21) | BO14: =IFERROR(__xludf.DUMMYFUNCTION("""COMPUTED_VALUE"""),45882.6666666666) | BP14: =IFERROR(__xludf.DUMMYFUNCTION("""COMPUTED_VALUE"""),91.57) | CB14: EEM
A15: =IFERROR(__xludf.DUMMYFUNCTION("""COMPUTED_VALUE"""),45883.6666666666) | B15: =IFERROR(__xludf.DUMMYFUNCTION("""COMPUTED_VALUE"""),644.95) | D15: =IFERROR(__xludf.DUMMYFUNCTION("""COMPUTED_VALUE"""),45883.6666666666) | E15: =IFERROR(__xludf.DUMMYFUNCTION("""COMPUTED_VALUE"""),89.16) | G15: =IFERROR(__xludf.DUMMYFUNCTION("""COMPUTED_VALUE"""),46070.6666666666) | H15: =IFERROR(__xludf.DUMMYFUNCTION("""COMPUTED_VALUE"""),68.58) | J15: =IFERROR(__xludf.DUMMYFUNCTION("""COMPUTED_VALUE"""),45883.6666666666) | K15: =IFERROR(__xludf.DUMMYFUNCTION("""COMPUTED_VALUE"""),78.8) | M15: =IFERROR(__xludf.DUMMYFUNCTION("""COMPUTED_VALUE"""),45883.6666666666) | N15: =IFERROR(__xludf.DUMMYFUNCTION("""COMPUTED_VALUE"""),228.24) | P15: =IFERROR(__xludf.DUMMYFUNCTION("""COMPUTED_VALUE"""),45883.6666666666) | Q15: =IFERROR(__xludf.DUMMYFUNCTION("""COMPUTED_VALUE"""),78.74) | S15: =IFERROR(__xludf.DUMMYFUNCTION("""COMPUTED_VALUE"""),45153.6666666666) | T15: =IFERROR(__xludf.DUMMYFUNCTION("""COMPUTED_VALUE"""),177.45) | V15: =IFERROR(__xludf.DUMMYFUNCTION("""COMPUTED_VALUE"""),45883.6666666666) | W15: =IFERROR(__xludf.DUMMYFUNCTION("""COMPUTED_VALUE"""),21.84) | Y15: =IFERROR(__xludf.DUMMYFUNCTION("""COMPUTED_VALUE"""),45883.6666666666) | Z15: =IFERROR(__xludf.DUMMYFUNCTION("""COMPUTED_VALUE"""),73.54) | AB15: =IFERROR(__xludf.DUMMYFUNCTION("""COMPUTED_VALUE"""),45883.6666666666) | AC15: =IFERROR(__xludf.DUMMYFUNCTION("""COMPUTED_VALUE"""),51.21) | AE15: =IFERROR(__xludf.DUMMYFUNCTION("""COMPUTED_VALUE"""),45883.6666666666) | AF15: =IFERROR(__xludf.DUMMYFUNCTION("""COMPUTED_VALUE"""),93.93) | AH15: =IFERROR(__xludf.DUMMYFUNCTION("""COMPUTED_VALUE"""),45883.6666666666) | AI15: =IFERROR(__xludf.DUMMYFUNCTION("""COMPUTED_VALUE"""),22.94) | AK15: =IFERROR(__xludf.DUMMYFUNCTION("""COMPUTED_VALUE"""),45883.6666666666) | AL15: =IFERROR(__xludf.DUMMYFUNCTION("""COMPUTED_VALUE"""),80.4) | AN15: =IFERROR(__xludf.DUMMYFUNCTION("""COMPUTED_VALUE"""),45883.6666666666) | AO15: =IFERROR(__xludf.DUMMYFUNCTION("""COMPUTED_VALUE"""),110.25) | AQ15: =IFERROR(__xludf.DUMMYFUNCTION("""COMPUTED_VALUE"""),45883.6666666666) | AR15: =IFERROR(__xludf.DUMMYFUNCTION("""COMPUTED_VALUE"""),91.65) | AT15: =IFERROR(__xludf.DUMMYFUNCTION("""COMPUTED_VALUE"""),45883.6666666666) | AU15: =IFERROR(__xludf.DUMMYFUNCTION("""COMPUTED_VALUE"""),49.88) | AW15: =IFERROR(__xludf.DUMMYFUNCTION("""COMPUTED_VALUE"""),45883.6666666666) | AX15: =IFERROR(__xludf.DUMMYFUNCTION("""COMPUTED_VALUE"""),99.09) | AZ15: =IFERROR(__xludf.DUMMYFUNCTION("""COMPUTED_VALUE"""),45883.6666666666) | BA15: =IFERROR(__xludf.DUMMYFUNCTION("""COMPUTED_VALUE"""),109.88) | BC15: =IFERROR(__xludf.DUMMYFUNCTION("""COMPUTED_VALUE"""),45883.6666666666) | BD15: =IFERROR(__xludf.DUMMYFUNCTION("""COMPUTED_VALUE"""),95.42) | BF15: =IFERROR(__xludf.DUMMYFUNCTION("""COMPUTED_VALUE"""),45883.6666666666) | BG15: =IFERROR(__xludf.DUMMYFUNCTION("""COMPUTED_VALUE"""),82.7) | BI15: =IFERROR(__xludf.DUMMYFUNCTION("""COMPUTED_VALUE"""),45883.6666666666) | BJ15: =IFERROR(__xludf.DUMMYFUNCTION("""COMPUTED_VALUE"""),87.02) | BL15: =IFERROR(__xludf.DUMMYFUNCTION("""COMPUTED_VALUE"""),45883.6666666666) | BM15: =IFERROR(__xludf.DUMMYFUNCTION("""COMPUTED_VALUE"""),307.25) | BO15: =IFERROR(__xludf.DUMMYFUNCTION("""COMPUTED_VALUE"""),45883.6666666666) | BP15: =IFERROR(__xludf.DUMMYFUNCTION("""COMPUTED_VALUE"""),91.58) | CB15: AGG
A16: =IFERROR(__xludf.DUMMYFUNCTION("""COMPUTED_VALUE"""),45884.6666666666) | B16: =IFERROR(__xludf.DUMMYFUNCTION("""COMPUTED_VALUE"""),643.44) | D16: =IFERROR(__xludf.DUMMYFUNCTION("""COMPUTED_VALUE"""),45884.6666666666) | E16: =IFERROR(__xludf.DUMMYFUNCTION("""COMPUTED_VALUE"""),89.67) | G16: =IFERROR(__xludf.DUMMYFUNCTION("""COMPUTED_VALUE"""),46071.6666666666) | H16: =IFERROR(__xludf.DUMMYFUNCTION("""COMPUTED_VALUE"""),68.81) | J16: =IFERROR(__xludf.DUMMYFUNCTION("""COMPUTED_VALUE"""),45884.6666666666) | K16: =IFERROR(__xludf.DUMMYFUNCTION("""COMPUTED_VALUE"""),80.15) | M16: =IFERROR(__xludf.DUMMYFUNCTION("""COMPUTED_VALUE"""),45884.6666666666) | N16: =IFERROR(__xludf.DUMMYFUNCTION("""COMPUTED_VALUE"""),227.13) | P16: =IFERROR(__xludf.DUMMYFUNCTION("""COMPUTED_VALUE"""),45884.6666666666) | Q16: =IFERROR(__xludf.DUMMYFUNCTION("""COMPUTED_VALUE"""),78.95) | S16: =IFERROR(__xludf.DUMMYFUNCTION("""COMPUTED_VALUE"""),45154.6666666666) | T16: =IFERROR(__xludf.DUMMYFUNCTION("""COMPUTED_VALUE"""),176.57) | V16: =IFERROR(__xludf.DUMMYFUNCTION("""COMPUTED_VALUE"""),45884.6666666666) | W16: =IFERROR(__xludf.DUMMYFUNCTION("""COMPUTED_VALUE"""),21.77) | Y16: =IFERROR(__xludf.DUMMYFUNCTION("""COMPUTED_VALUE"""),45884.6666666666) | Z16: =IFERROR(__xludf.DUMMYFUNCTION("""COMPUTED_VALUE"""),73.44) | AB16: =IFERROR(__xludf.DUMMYFUNCTION("""COMPUTED_VALUE"""),45884.6666666666) | AC16: =IFERROR(__xludf.DUMMYFUNCTION("""COMPUTED_VALUE"""),51.36) | AE16: =IFERROR(__xludf.DUMMYFUNCTION("""COMPUTED_VALUE"""),45884.6666666666) | AF16: =IFERROR(__xludf.DUMMYFUNCTION("""COMPUTED_VALUE"""),93.85) | AH16: =IFERROR(__xludf.DUMMYFUNCTION("""COMPUTED_VALUE"""),45884.6666666666) | AI16: =IFERROR(__xludf.DUMMYFUNCTION("""COMPUTED_VALUE"""),22.94) | AK16: =IFERROR(__xludf.DUMMYFUNCTION("""COMPUTED_VALUE"""),45884.6666666666) | AL16: =IFERROR(__xludf.DUMMYFUNCTION("""COMPUTED_VALUE"""),80.46) | AN16: =IFERROR(__xludf.DUMMYFUNCTION("""COMPUTED_VALUE"""),45884.6666666666) | AO16: =IFERROR(__xludf.DUMMYFUNCTION("""COMPUTED_VALUE"""),110.04) | AQ16: =IFERROR(__xludf.DUMMYFUNCTION("""COMPUTED_VALUE"""),45884.6666666666) | AR16: =IFERROR(__xludf.DUMMYFUNCTION("""COMPUTED_VALUE"""),92.19) | AT16: =IFERROR(__xludf.DUMMYFUNCTION("""COMPUTED_VALUE"""),45884.6666666666) | AU16: =IFERROR(__xludf.DUMMYFUNCTION("""COMPUTED_VALUE"""),49.94) | AW16: =IFERROR(__xludf.DUMMYFUNCTION("""COMPUTED_VALUE"""),45884.6666666666) | AX16: =IFERROR(__xludf.DUMMYFUNCTION("""COMPUTED_VALUE"""),98.94) | AZ16: =IFERROR(__xludf.DUMMYFUNCTION("""COMPUTED_VALUE"""),45884.6666666666) | BA16: =IFERROR(__xludf.DUMMYFUNCTION("""COMPUTED_VALUE"""),109.74) | BC16: =IFERROR(__xludf.DUMMYFUNCTION("""COMPUTED_VALUE"""),45884.6666666666) | BD16: =IFERROR(__xludf.DUMMYFUNCTION("""COMPUTED_VALUE"""),95.23) | BF16: =IFERROR(__xludf.DUMMYFUNCTION("""COMPUTED_VALUE"""),45884.6666666666) | BG16: =IFERROR(__xludf.DUMMYFUNCTION("""COMPUTED_VALUE"""),82.67) | BI16: =IFERROR(__xludf.DUMMYFUNCTION("""COMPUTED_VALUE"""),45884.6666666666) | BJ16: =IFERROR(__xludf.DUMMYFUNCTION("""COMPUTED_VALUE"""),86.4) | BL16: =IFERROR(__xludf.DUMMYFUNCTION("""COMPUTED_VALUE"""),45884.6666666666) | BM16: =IFERROR(__xludf.DUMMYFUNCTION("""COMPUTED_VALUE"""),307.43) | BO16: =IFERROR(__xludf.DUMMYFUNCTION("""COMPUTED_VALUE"""),45884.6666666666) | BP16: =IFERROR(__xludf.DUMMYFUNCTION("""COMPUTED_VALUE"""),91.62) | CB16: IEF
A17: =IFERROR(__xludf.DUMMYFUNCTION("""COMPUTED_VALUE"""),45887.6666666666) | B17: =IFERROR(__xludf.DUMMYFUNCTION("""COMPUTED_VALUE"""),643.3) | D17: =IFERROR(__xludf.DUMMYFUNCTION("""COMPUTED_VALUE"""),45887.6666666666) | E17: =IFERROR(__xludf.DUMMYFUNCTION("""COMPUTED_VALUE"""),88.91) | G17: =IFERROR(__xludf.DUMMYFUNCTION("""COMPUTED_VALUE"""),46072.6666666666) | H17: =IFERROR(__xludf.DUMMYFUNCTION("""COMPUTED_VALUE"""),68.79) | J17: =IFERROR(__xludf.DUMMYFUNCTION("""COMPUTED_VALUE"""),45887.6666666666) | K17: =IFERROR(__xludf.DUMMYFUNCTION("""COMPUTED_VALUE"""),80.3) | M17: =IFERROR(__xludf.DUMMYFUNCTION("""COMPUTED_VALUE"""),45887.6666666666) | N17: =IFERROR(__xludf.DUMMYFUNCTION("""COMPUTED_VALUE"""),227.96) | P17: =IFERROR(__xludf.DUMMYFUNCTION("""COMPUTED_VALUE"""),45887.6666666666) | Q17: =IFERROR(__xludf.DUMMYFUNCTION("""COMPUTED_VALUE"""),78.8) | S17: =IFERROR(__xludf.DUMMYFUNCTION("""COMPUTED_VALUE"""),45155.6666666666) | T17: =IFERROR(__xludf.DUMMYFUNCTION("""COMPUTED_VALUE"""),174) | V17: =IFERROR(__xludf.DUMMYFUNCTION("""COMPUTED_VALUE"""),45887.6666666666) | W17: =IFERROR(__xludf.DUMMYFUNCTION("""COMPUTED_VALUE"""),21.79) | Y17: =IFERROR(__xludf.DUMMYFUNCTION("""COMPUTED_VALUE"""),45887.6666666666) | Z17: =IFERROR(__xludf.DUMMYFUNCTION("""COMPUTED_VALUE"""),73.36) | AB17: =IFERROR(__xludf.DUMMYFUNCTION("""COMPUTED_VALUE"""),45887.6666666666) | AC17: =IFERROR(__xludf.DUMMYFUNCTION("""COMPUTED_VALUE"""),51.75) | AE17: =IFERROR(__xludf.DUMMYFUNCTION("""COMPUTED_VALUE"""),45887.6666666666) | AF17: =IFERROR(__xludf.DUMMYFUNCTION("""COMPUTED_VALUE"""),93.94) | AH17: =IFERROR(__xludf.DUMMYFUNCTION("""COMPUTED_VALUE"""),45887.6666666666) | AI17: =IFERROR(__xludf.DUMMYFUNCTION("""COMPUTED_VALUE"""),22.89) | AK17: =IFERROR(__xludf.DUMMYFUNCTION("""COMPUTED_VALUE"""),45887.6666666666) | AL17: =IFERROR(__xludf.DUMMYFUNCTION("""COMPUTED_VALUE"""),80.4) | AN17: =IFERROR(__xludf.DUMMYFUNCTION("""COMPUTED_VALUE"""),45887.6666666666) | AO17: =IFERROR(__xludf.DUMMYFUNCTION("""COMPUTED_VALUE"""),109.92) | AQ17: =IFERROR(__xludf.DUMMYFUNCTION("""COMPUTED_VALUE"""),45887.6666666666) | AR17: =IFERROR(__xludf.DUMMYFUNCTION("""COMPUTED_VALUE"""),92.09) | AT17: =IFERROR(__xludf.DUMMYFUNCTION("""COMPUTED_VALUE"""),45887.6666666666) | AU17: =IFERROR(__xludf.DUMMYFUNCTION("""COMPUTED_VALUE"""),50.23) | AW17: =IFERROR(__xludf.DUMMYFUNCTION("""COMPUTED_VALUE"""),45887.6666666666) | AX17: =IFERROR(__xludf.DUMMYFUNCTION("""COMPUTED_VALUE"""),98.83) | AZ17: =IFERROR(__xludf.DUMMYFUNCTION("""COMPUTED_VALUE"""),45887.6666666666) | BA17: =IFERROR(__xludf.DUMMYFUNCTION("""COMPUTED_VALUE"""),109.54) | BC17: =IFERROR(__xludf.DUMMYFUNCTION("""COMPUTED_VALUE"""),45887.6666666666) | BD17: =IFERROR(__xludf.DUMMYFUNCTION("""COMPUTED_VALUE"""),95.14) | BF17: =IFERROR(__xludf.DUMMYFUNCTION("""COMPUTED_VALUE"""),45887.6666666666) | BG17: =IFERROR(__xludf.DUMMYFUNCTION("""COMPUTED_VALUE"""),82.67) | BI17: =IFERROR(__xludf.DUMMYFUNCTION("""COMPUTED_VALUE"""),45887.6666666666) | BJ17: =IFERROR(__xludf.DUMMYFUNCTION("""COMPUTED_VALUE"""),86.15) | BL17: =IFERROR(__xludf.DUMMYFUNCTION("""COMPUTED_VALUE"""),45887.6666666666) | BM17: =IFERROR(__xludf.DUMMYFUNCTION("""COMPUTED_VALUE"""),306.95) | BO17: =IFERROR(__xludf.DUMMYFUNCTION("""COMPUTED_VALUE"""),45887.6666666666) | BP17: =IFERROR(__xludf.DUMMYFUNCTION("""COMPUTED_VALUE"""),91.62) | CB17: BIL
A18: =IFERROR(__xludf.DUMMYFUNCTION("""COMPUTED_VALUE"""),45888.6666666666) | B18: =IFERROR(__xludf.DUMMYFUNCTION("""COMPUTED_VALUE"""),639.81) | D18: =IFERROR(__xludf.DUMMYFUNCTION("""COMPUTED_VALUE"""),45888.6666666666) | E18: =IFERROR(__xludf.DUMMYFUNCTION("""COMPUTED_VALUE"""),90.44) | G18: =IFERROR(__xludf.DUMMYFUNCTION("""COMPUTED_VALUE"""),46073.6666666666) | H18: =IFERROR(__xludf.DUMMYFUNCTION("""COMPUTED_VALUE"""),69.52) | J18: =IFERROR(__xludf.DUMMYFUNCTION("""COMPUTED_VALUE"""),45888.6666666666) | K18: =IFERROR(__xludf.DUMMYFUNCTION("""COMPUTED_VALUE"""),80.02) | M18: =IFERROR(__xludf.DUMMYFUNCTION("""COMPUTED_VALUE"""),45888.6666666666) | N18: =IFERROR(__xludf.DUMMYFUNCTION("""COMPUTED_VALUE"""),226.21) | P18: =IFERROR(__xludf.DUMMYFUNCTION("""COMPUTED_VALUE"""),45888.6666666666) | Q18: =IFERROR(__xludf.DUMMYFUNCTION("""COMPUTED_VALUE"""),78.97) | S18: =IFERROR(__xludf.DUMMYFUNCTION("""COMPUTED_VALUE"""),45156.6666666666) | T18: =IFERROR(__xludf.DUMMYFUNCTION("""COMPUTED_VALUE"""),174.49) | V18: =IFERROR(__xludf.DUMMYFUNCTION("""COMPUTED_VALUE"""),45888.6666666666) | W18: =IFERROR(__xludf.DUMMYFUNCTION("""COMPUTED_VALUE"""),21.62) | Y18: =IFERROR(__xludf.DUMMYFUNCTION("""COMPUTED_VALUE"""),45888.6666666666) | Z18: =IFERROR(__xludf.DUMMYFUNCTION("""COMPUTED_VALUE"""),73.5) | AB18: =IFERROR(__xludf.DUMMYFUNCTION("""COMPUTED_VALUE"""),45888.6666666666) | AC18: =IFERROR(__xludf.DUMMYFUNCTION("""COMPUTED_VALUE"""),51.38) | AE18: =IFERROR(__xludf.DUMMYFUNCTION("""COMPUTED_VALUE"""),45888.6666666666) | AF18: =IFERROR(__xludf.DUMMYFUNCTION("""COMPUTED_VALUE"""),93.98) | AH18: =IFERROR(__xludf.DUMMYFUNCTION("""COMPUTED_VALUE"""),45888.6666666666) | AI18: =IFERROR(__xludf.DUMMYFUNCTION("""COMPUTED_VALUE"""),22.87) | AK18: =IFERROR(__xludf.DUMMYFUNCTION("""COMPUTED_VALUE"""),45888.6666666666) | AL18: =IFERROR(__xludf.DUMMYFUNCTION("""COMPUTED_VALUE"""),80.38) | AN18: =IFERROR(__xludf.DUMMYFUNCTION("""COMPUTED_VALUE"""),45888.6666666666) | AO18: =IFERROR(__xludf.DUMMYFUNCTION("""COMPUTED_VALUE"""),110.03) | AQ18: =IFERROR(__xludf.DUMMYFUNCTION("""COMPUTED_VALUE"""),45888.6666666666) | AR18: =IFERROR(__xludf.DUMMYFUNCTION("""COMPUTED_VALUE"""),92.1) | AT18: =IFERROR(__xludf.DUMMYFUNCTION("""COMPUTED_VALUE"""),45888.6666666666) | AU18: =IFERROR(__xludf.DUMMYFUNCTION("""COMPUTED_VALUE"""),49.82) | AW18: =IFERROR(__xludf.DUMMYFUNCTION("""COMPUTED_VALUE"""),45888.6666666666) | AX18: =IFERROR(__xludf.DUMMYFUNCTION("""COMPUTED_VALUE"""),99.02) | AZ18: =IFERROR(__xludf.DUMMYFUNCTION("""COMPUTED_VALUE"""),45888.6666666666) | BA18: =IFERROR(__xludf.DUMMYFUNCTION("""COMPUTED_VALUE"""),109.71) | BC18: =IFERROR(__xludf.DUMMYFUNCTION("""COMPUTED_VALUE"""),45888.6666666666) | BD18: =IFERROR(__xludf.DUMMYFUNCTION("""COMPUTED_VALUE"""),95.38) | BF18: =IFERROR(__xludf.DUMMYFUNCTION("""COMPUTED_VALUE"""),45888.6666666666) | BG18: =IFERROR(__xludf.DUMMYFUNCTION("""COMPUTED_VALUE"""),82.71) | BI18: =IFERROR(__xludf.DUMMYFUNCTION("""COMPUTED_VALUE"""),45888.6666666666) | BJ18: =IFERROR(__xludf.DUMMYFUNCTION("""COMPUTED_VALUE"""),86.65) | BL18: =IFERROR(__xludf.DUMMYFUNCTION("""COMPUTED_VALUE"""),45888.6666666666) | BM18: =IFERROR(__xludf.DUMMYFUNCTION("""COMPUTED_VALUE"""),305.27) | BO18: =IFERROR(__xludf.DUMMYFUNCTION("""COMPUTED_VALUE"""),45888.6666666666) | BP18: =IFERROR(__xludf.DUMMYFUNCTION("""COMPUTED_VALUE"""),91.64) | CB18: TLT
A19: =IFERROR(__xludf.DUMMYFUNCTION("""COMPUTED_VALUE"""),45889.6666666666) | B19: =IFERROR(__xludf.DUMMYFUNCTION("""COMPUTED_VALUE"""),638.11) | D19: =IFERROR(__xludf.DUMMYFUNCTION("""COMPUTED_VALUE"""),45889.6666666666) | E19: =IFERROR(__xludf.DUMMYFUNCTION("""COMPUTED_VALUE"""),90.7) | G19: =IFERROR(__xludf.DUMMYFUNCTION("""COMPUTED_VALUE"""),46076.6666666666) | H19: =IFERROR(__xludf.DUMMYFUNCTION("""COMPUTED_VALUE"""),69.18) | J19: =IFERROR(__xludf.DUMMYFUNCTION("""COMPUTED_VALUE"""),45889.6666666666) | K19: =IFERROR(__xludf.DUMMYFUNCTION("""COMPUTED_VALUE"""),79.64) | M19: =IFERROR(__xludf.DUMMYFUNCTION("""COMPUTED_VALUE"""),45889.6666666666) | N19: =IFERROR(__xludf.DUMMYFUNCTION("""COMPUTED_VALUE"""),225.41) | P19: =IFERROR(__xludf.DUMMYFUNCTION("""COMPUTED_VALUE"""),45889.6666666666) | Q19: =IFERROR(__xludf.DUMMYFUNCTION("""COMPUTED_VALUE"""),79.4) | S19: =IFERROR(__xludf.DUMMYFUNCTION("""COMPUTED_VALUE"""),45159.6666666666) | T19: =IFERROR(__xludf.DUMMYFUNCTION("""COMPUTED_VALUE"""),175.84) | V19: =IFERROR(__xludf.DUMMYFUNCTION("""COMPUTED_VALUE"""),45889.6666666666) | W19: =IFERROR(__xludf.DUMMYFUNCTION("""COMPUTED_VALUE"""),21.86) | Y19: =IFERROR(__xludf.DUMMYFUNCTION("""COMPUTED_VALUE"""),45889.6666666666) | Z19: =IFERROR(__xludf.DUMMYFUNCTION("""COMPUTED_VALUE"""),73.55) | AB19: =IFERROR(__xludf.DUMMYFUNCTION("""COMPUTED_VALUE"""),45889.6666666666) | AC19: =IFERROR(__xludf.DUMMYFUNCTION("""COMPUTED_VALUE"""),51.36) | AE19: =IFERROR(__xludf.DUMMYFUNCTION("""COMPUTED_VALUE"""),45889.6666666666) | AF19: =IFERROR(__xludf.DUMMYFUNCTION("""COMPUTED_VALUE"""),93.83) | AH19: =IFERROR(__xludf.DUMMYFUNCTION("""COMPUTED_VALUE"""),45889.6666666666) | AI19: =IFERROR(__xludf.DUMMYFUNCTION("""COMPUTED_VALUE"""),22.9) | AK19: =IFERROR(__xludf.DUMMYFUNCTION("""COMPUTED_VALUE"""),45889.6666666666) | AL19: =IFERROR(__xludf.DUMMYFUNCTION("""COMPUTED_VALUE"""),80.35) | AN19: =IFERROR(__xludf.DUMMYFUNCTION("""COMPUTED_VALUE"""),45889.6666666666) | AO19: =IFERROR(__xludf.DUMMYFUNCTION("""COMPUTED_VALUE"""),110.15) | AQ19: =IFERROR(__xludf.DUMMYFUNCTION("""COMPUTED_VALUE"""),45889.6666666666) | AR19: =IFERROR(__xludf.DUMMYFUNCTION("""COMPUTED_VALUE"""),92.43) | AT19: =IFERROR(__xludf.DUMMYFUNCTION("""COMPUTED_VALUE"""),45889.6666666666) | AU19: =IFERROR(__xludf.DUMMYFUNCTION("""COMPUTED_VALUE"""),49.75) | AW19: =IFERROR(__xludf.DUMMYFUNCTION("""COMPUTED_VALUE"""),45889.6666666666) | AX19: =IFERROR(__xludf.DUMMYFUNCTION("""COMPUTED_VALUE"""),99.08) | AZ19: =IFERROR(__xludf.DUMMYFUNCTION("""COMPUTED_VALUE"""),45889.6666666666) | BA19: =IFERROR(__xludf.DUMMYFUNCTION("""COMPUTED_VALUE"""),109.76) | BC19: =IFERROR(__xludf.DUMMYFUNCTION("""COMPUTED_VALUE"""),45889.6666666666) | BD19: =IFERROR(__xludf.DUMMYFUNCTION("""COMPUTED_VALUE"""),95.52) | BF19: =IFERROR(__xludf.DUMMYFUNCTION("""COMPUTED_VALUE"""),45889.6666666666) | BG19: =IFERROR(__xludf.DUMMYFUNCTION("""COMPUTED_VALUE"""),82.74) | BI19: =IFERROR(__xludf.DUMMYFUNCTION("""COMPUTED_VALUE"""),45889.6666666666) | BJ19: =IFERROR(__xludf.DUMMYFUNCTION("""COMPUTED_VALUE"""),86.84) | BL19: =IFERROR(__xludf.DUMMYFUNCTION("""COMPUTED_VALUE"""),45889.6666666666) | BM19: =IFERROR(__xludf.DUMMYFUNCTION("""COMPUTED_VALUE"""),308.36) | BO19: =IFERROR(__xludf.DUMMYFUNCTION("""COMPUTED_VALUE"""),45889.6666666666) | BP19: =IFERROR(__xludf.DUMMYFUNCTION("""COMPUTED_VALUE"""),91.66) | CB19: TIP
A20: =IFERROR(__xludf.DUMMYFUNCTION("""COMPUTED_VALUE"""),45890.6666666666) | B20: =IFERROR(__xludf.DUMMYFUNCTION("""COMPUTED_VALUE"""),635.55) | D20: =IFERROR(__xludf.DUMMYFUNCTION("""COMPUTED_VALUE"""),45890.6666666666) | E20: =IFERROR(__xludf.DUMMYFUNCTION("""COMPUTED_VALUE"""),90.43) | G20: =IFERROR(__xludf.DUMMYFUNCTION("""COMPUTED_VALUE"""),46077.6666666666) | H20: =IFERROR(__xludf.DUMMYFUNCTION("""COMPUTED_VALUE"""),69.46) | J20: =IFERROR(__xludf.DUMMYFUNCTION("""COMPUTED_VALUE"""),45890.6666666666) | K20: =IFERROR(__xludf.DUMMYFUNCTION("""COMPUTED_VALUE"""),78.7) | M20: =IFERROR(__xludf.DUMMYFUNCTION("""COMPUTED_VALUE"""),45890.6666666666) | N20: =IFERROR(__xludf.DUMMYFUNCTION("""COMPUTED_VALUE"""),225.97) | P20: =IFERROR(__xludf.DUMMYFUNCTION("""COMPUTED_VALUE"""),45890.6666666666) | Q20: =IFERROR(__xludf.DUMMYFUNCTION("""COMPUTED_VALUE"""),78.92) | S20: =IFERROR(__xludf.DUMMYFUNCTION("""COMPUTED_VALUE"""),45160.6666666666) | T20: =IFERROR(__xludf.DUMMYFUNCTION("""COMPUTED_VALUE"""),177.23) | V20: =IFERROR(__xludf.DUMMYFUNCTION("""COMPUTED_VALUE"""),45890.6666666666) | W20: =IFERROR(__xludf.DUMMYFUNCTION("""COMPUTED_VALUE"""),21.99) | Y20: =IFERROR(__xludf.DUMMYFUNCTION("""COMPUTED_VALUE"""),45890.6666666666) | Z20: =IFERROR(__xludf.DUMMYFUNCTION("""COMPUTED_VALUE"""),73.37) | AB20: =IFERROR(__xludf.DUMMYFUNCTION("""COMPUTED_VALUE"""),45890.6666666666) | AC20: =IFERROR(__xludf.DUMMYFUNCTION("""COMPUTED_VALUE"""),51.27) | AE20: =IFERROR(__xludf.DUMMYFUNCTION("""COMPUTED_VALUE"""),45890.6666666666) | AF20: =IFERROR(__xludf.DUMMYFUNCTION("""COMPUTED_VALUE"""),93.53) | AH20: =IFERROR(__xludf.DUMMYFUNCTION("""COMPUTED_VALUE"""),45890.6666666666) | AI20: =IFERROR(__xludf.DUMMYFUNCTION("""COMPUTED_VALUE"""),22.76) | AK20: =IFERROR(__xludf.DUMMYFUNCTION("""COMPUTED_VALUE"""),45890.6666666666) | AL20: =IFERROR(__xludf.DUMMYFUNCTION("""COMPUTED_VALUE"""),80.2) | AN20: =IFERROR(__xludf.DUMMYFUNCTION("""COMPUTED_VALUE"""),45890.6666666666) | AO20: =IFERROR(__xludf.DUMMYFUNCTION("""COMPUTED_VALUE"""),110.17) | AQ20: =IFERROR(__xludf.DUMMYFUNCTION("""COMPUTED_VALUE"""),45890.6666666666) | AR20: =IFERROR(__xludf.DUMMYFUNCTION("""COMPUTED_VALUE"""),91.85) | AT20: =IFERROR(__xludf.DUMMYFUNCTION("""COMPUTED_VALUE"""),45890.6666666666) | AU20: =IFERROR(__xludf.DUMMYFUNCTION("""COMPUTED_VALUE"""),49.64) | AW20: =IFERROR(__xludf.DUMMYFUNCTION("""COMPUTED_VALUE"""),45890.6666666666) | AX20: =IFERROR(__xludf.DUMMYFUNCTION("""COMPUTED_VALUE"""),98.85) | AZ20: =IFERROR(__xludf.DUMMYFUNCTION("""COMPUTED_VALUE"""),45890.6666666666) | BA20: =IFERROR(__xludf.DUMMYFUNCTION("""COMPUTED_VALUE"""),109.34) | BC20: =IFERROR(__xludf.DUMMYFUNCTION("""COMPUTED_VALUE"""),45890.6666666666) | BD20: =IFERROR(__xludf.DUMMYFUNCTION("""COMPUTED_VALUE"""),95.24) | BF20: =IFERROR(__xludf.DUMMYFUNCTION("""COMPUTED_VALUE"""),45890.6666666666) | BG20: =IFERROR(__xludf.DUMMYFUNCTION("""COMPUTED_VALUE"""),82.67) | BI20: =IFERROR(__xludf.DUMMYFUNCTION("""COMPUTED_VALUE"""),45890.6666666666) | BJ20: =IFERROR(__xludf.DUMMYFUNCTION("""COMPUTED_VALUE"""),86.41) | BL20: =IFERROR(__xludf.DUMMYFUNCTION("""COMPUTED_VALUE"""),45890.6666666666) | BM20: =IFERROR(__xludf.DUMMYFUNCTION("""COMPUTED_VALUE"""),307.29) | BO20: =IFERROR(__xludf.DUMMYFUNCTION("""COMPUTED_VALUE"""),45890.6666666666) | BP20: =IFERROR(__xludf.DUMMYFUNCTION("""COMPUTED_VALUE"""),91.66) | CB20: BND
A21: =IFERROR(__xludf.DUMMYFUNCTION("""COMPUTED_VALUE"""),45891.6666666666) | B21: =IFERROR(__xludf.DUMMYFUNCTION("""COMPUTED_VALUE"""),645.31) | D21: =IFERROR(__xludf.DUMMYFUNCTION("""COMPUTED_VALUE"""),45891.6666666666) | E21: =IFERROR(__xludf.DUMMYFUNCTION("""COMPUTED_VALUE"""),92.18) | G21: =IFERROR(__xludf.DUMMYFUNCTION("""COMPUTED_VALUE"""),46078.6666666666) | H21: =IFERROR(__xludf.DUMMYFUNCTION("""COMPUTED_VALUE"""),70.26) | J21: =IFERROR(__xludf.DUMMYFUNCTION("""COMPUTED_VALUE"""),45891.6666666666) | K21: =IFERROR(__xludf.DUMMYFUNCTION("""COMPUTED_VALUE"""),80.02) | M21: =IFERROR(__xludf.DUMMYFUNCTION("""COMPUTED_VALUE"""),45891.6666666666) | N21: =IFERROR(__xludf.DUMMYFUNCTION("""COMPUTED_VALUE"""),234.83) | P21: =IFERROR(__xludf.DUMMYFUNCTION("""COMPUTED_VALUE"""),45891.6666666666) | Q21: =IFERROR(__xludf.DUMMYFUNCTION("""COMPUTED_VALUE"""),80.19) | S21: =IFERROR(__xludf.DUMMYFUNCTION("""COMPUTED_VALUE"""),45161.6666666666) | T21: =IFERROR(__xludf.DUMMYFUNCTION("""COMPUTED_VALUE"""),181.12) | V21: =IFERROR(__xludf.DUMMYFUNCTION("""COMPUTED_VALUE"""),45891.6666666666) | W21: =IFERROR(__xludf.DUMMYFUNCTION("""COMPUTED_VALUE"""),22.08) | Y21: =IFERROR(__xludf.DUMMYFUNCTION("""COMPUTED_VALUE"""),45891.6666666666) | Z21: =IFERROR(__xludf.DUMMYFUNCTION("""COMPUTED_VALUE"""),73.74) | AB21: =IFERROR(__xludf.DUMMYFUNCTION("""COMPUTED_VALUE"""),45891.6666666666) | AC21: =IFERROR(__xludf.DUMMYFUNCTION("""COMPUTED_VALUE"""),52.17) | AE21: =IFERROR(__xludf.DUMMYFUNCTION("""COMPUTED_VALUE"""),45891.6666666666) | AF21: =IFERROR(__xludf.DUMMYFUNCTION("""COMPUTED_VALUE"""),94.21) | AH21: =IFERROR(__xludf.DUMMYFUNCTION("""COMPUTED_VALUE"""),45891.6666666666) | AI21: =IFERROR(__xludf.DUMMYFUNCTION("""COMPUTED_VALUE"""),23) | AK21: =IFERROR(__xludf.DUMMYFUNCTION("""COMPUTED_VALUE"""),45891.6666666666) | AL21: =IFERROR(__xludf.DUMMYFUNCTION("""COMPUTED_VALUE"""),80.85) | AN21: =IFERROR(__xludf.DUMMYFUNCTION("""COMPUTED_VALUE"""),45891.6666666666) | AO21: =IFERROR(__xludf.DUMMYFUNCTION("""COMPUTED_VALUE"""),110.92) | AQ21: =IFERROR(__xludf.DUMMYFUNCTION("""COMPUTED_VALUE"""),45891.6666666666) | AR21: =IFERROR(__xludf.DUMMYFUNCTION("""COMPUTED_VALUE"""),93.23) | AT21: =IFERROR(__xludf.DUMMYFUNCTION("""COMPUTED_VALUE"""),45891.6666666666) | AU21: =IFERROR(__xludf.DUMMYFUNCTION("""COMPUTED_VALUE"""),50.63) | AW21: =IFERROR(__xludf.DUMMYFUNCTION("""COMPUTED_VALUE"""),45891.6666666666) | AX21: =IFERROR(__xludf.DUMMYFUNCTION("""COMPUTED_VALUE"""),99.4) | AZ21: =IFERROR(__xludf.DUMMYFUNCTION("""COMPUTED_VALUE"""),45891.6666666666) | BA21: =IFERROR(__xludf.DUMMYFUNCTION("""COMPUTED_VALUE"""),110.2) | BC21: =IFERROR(__xludf.DUMMYFUNCTION("""COMPUTED_VALUE"""),45891.6666666666) | BD21: =IFERROR(__xludf.DUMMYFUNCTION("""COMPUTED_VALUE"""),95.77) | BF21: =IFERROR(__xludf.DUMMYFUNCTION("""COMPUTED_VALUE"""),45891.6666666666) | BG21: =IFERROR(__xludf.DUMMYFUNCTION("""COMPUTED_VALUE"""),82.85) | BI21: =IFERROR(__xludf.DUMMYFUNCTION("""COMPUTED_VALUE"""),45891.6666666666) | BJ21: =IFERROR(__xludf.DUMMYFUNCTION("""COMPUTED_VALUE"""),87.05) | BL21: =IFERROR(__xludf.DUMMYFUNCTION("""COMPUTED_VALUE"""),45891.6666666666) | BM21: =IFERROR(__xludf.DUMMYFUNCTION("""COMPUTED_VALUE"""),310.58) | BO21: =IFERROR(__xludf.DUMMYFUNCTION("""COMPUTED_VALUE"""),45891.6666666666) | BP21: =IFERROR(__xludf.DUMMYFUNCTION("""COMPUTED_VALUE"""),91.69) | CB21: SHY
A22: =IFERROR(__xludf.DUMMYFUNCTION("""COMPUTED_VALUE"""),45894.6666666666) | B22: =IFERROR(__xludf.DUMMYFUNCTION("""COMPUTED_VALUE"""),642.47) | D22: =IFERROR(__xludf.DUMMYFUNCTION("""COMPUTED_VALUE"""),45894.6666666666) | E22: =IFERROR(__xludf.DUMMYFUNCTION("""COMPUTED_VALUE"""),91.65) | G22: =IFERROR(__xludf.DUMMYFUNCTION("""COMPUTED_VALUE"""),46079.6666666666) | H22: =IFERROR(__xludf.DUMMYFUNCTION("""COMPUTED_VALUE"""),70.31) | J22: =IFERROR(__xludf.DUMMYFUNCTION("""COMPUTED_VALUE"""),45894.6666666666) | K22: =IFERROR(__xludf.DUMMYFUNCTION("""COMPUTED_VALUE"""),79.05) | M22: =IFERROR(__xludf.DUMMYFUNCTION("""COMPUTED_VALUE"""),45894.6666666666) | N22: =IFERROR(__xludf.DUMMYFUNCTION("""COMPUTED_VALUE"""),232.36) | P22: =IFERROR(__xludf.DUMMYFUNCTION("""COMPUTED_VALUE"""),45894.6666666666) | Q22: =IFERROR(__xludf.DUMMYFUNCTION("""COMPUTED_VALUE"""),79) | S22: =IFERROR(__xludf.DUMMYFUNCTION("""COMPUTED_VALUE"""),45162.6666666666) | T22: =IFERROR(__xludf.DUMMYFUNCTION("""COMPUTED_VALUE"""),176.38) | V22: =IFERROR(__xludf.DUMMYFUNCTION("""COMPUTED_VALUE"""),45894.6666666666) | W22: =IFERROR(__xludf.DUMMYFUNCTION("""COMPUTED_VALUE"""),22.19) | Y22: =IFERROR(__xludf.DUMMYFUNCTION("""COMPUTED_VALUE"""),45894.6666666666) | Z22: =IFERROR(__xludf.DUMMYFUNCTION("""COMPUTED_VALUE"""),73.64) | AB22: =IFERROR(__xludf.DUMMYFUNCTION("""COMPUTED_VALUE"""),45894.6666666666) | AC22: =IFERROR(__xludf.DUMMYFUNCTION("""COMPUTED_VALUE"""),51.95) | AE22: =IFERROR(__xludf.DUMMYFUNCTION("""COMPUTED_VALUE"""),45894.6666666666) | AF22: =IFERROR(__xludf.DUMMYFUNCTION("""COMPUTED_VALUE"""),93.84) | AH22: =IFERROR(__xludf.DUMMYFUNCTION("""COMPUTED_VALUE"""),45894.6666666666) | AI22: =IFERROR(__xludf.DUMMYFUNCTION("""COMPUTED_VALUE"""),22.82) | AK22: =IFERROR(__xludf.DUMMYFUNCTION("""COMPUTED_VALUE"""),45894.6666666666) | AL22: =IFERROR(__xludf.DUMMYFUNCTION("""COMPUTED_VALUE"""),80.69) | AN22: =IFERROR(__xludf.DUMMYFUNCTION("""COMPUTED_VALUE"""),45894.6666666666) | AO22: =IFERROR(__xludf.DUMMYFUNCTION("""COMPUTED_VALUE"""),110.71) | AQ22: =IFERROR(__xludf.DUMMYFUNCTION("""COMPUTED_VALUE"""),45894.6666666666) | AR22: =IFERROR(__xludf.DUMMYFUNCTION("""COMPUTED_VALUE"""),92) | AT22: =IFERROR(__xludf.DUMMYFUNCTION("""COMPUTED_VALUE"""),45894.6666666666) | AU22: =IFERROR(__xludf.DUMMYFUNCTION("""COMPUTED_VALUE"""),50.34) | AW22: =IFERROR(__xludf.DUMMYFUNCTION("""COMPUTED_VALUE"""),45894.6666666666) | AX22: =IFERROR(__xludf.DUMMYFUNCTION("""COMPUTED_VALUE"""),99.25) | AZ22: =IFERROR(__xludf.DUMMYFUNCTION("""COMPUTED_VALUE"""),45894.6666666666) | BA22: =IFERROR(__xludf.DUMMYFUNCTION("""COMPUTED_VALUE"""),109.91) | BC22: =IFERROR(__xludf.DUMMYFUNCTION("""COMPUTED_VALUE"""),45894.6666666666) | BD22: =IFERROR(__xludf.DUMMYFUNCTION("""COMPUTED_VALUE"""),95.58) | BF22: =IFERROR(__xludf.DUMMYFUNCTION("""COMPUTED_VALUE"""),45894.6666666666) | BG22: =IFERROR(__xludf.DUMMYFUNCTION("""COMPUTED_VALUE"""),82.81) | BI22: =IFERROR(__xludf.DUMMYFUNCTION("""COMPUTED_VALUE"""),45894.6666666666) | BJ22: =IFERROR(__xludf.DUMMYFUNCTION("""COMPUTED_VALUE"""),86.8) | BL22: =IFERROR(__xludf.DUMMYFUNCTION("""COMPUTED_VALUE"""),45894.6666666666) | BM22: =IFERROR(__xludf.DUMMYFUNCTION("""COMPUTED_VALUE"""),309.83) | BO22: =IFERROR(__xludf.DUMMYFUNCTION("""COMPUTED_VALUE"""),45894.6666666666) | BP22: =IFERROR(__xludf.DUMMYFUNCTION("""COMPUTED_VALUE"""),91.7) | CB22: BWX
A23: =IFERROR(__xludf.DUMMYFUNCTION("""COMPUTED_VALUE"""),45895.6666666666) | B23: =IFERROR(__xludf.DUMMYFUNCTION("""COMPUTED_VALUE"""),645.16) | D23: =IFERROR(__xludf.DUMMYFUNCTION("""COMPUTED_VALUE"""),45895.6666666666) | E23: =IFERROR(__xludf.DUMMYFUNCTION("""COMPUTED_VALUE"""),91.41) | G23: =IFERROR(__xludf.DUMMYFUNCTION("""COMPUTED_VALUE"""),46080.6666666666) | H23: =IFERROR(__xludf.DUMMYFUNCTION("""COMPUTED_VALUE"""),70.24) | J23: =IFERROR(__xludf.DUMMYFUNCTION("""COMPUTED_VALUE"""),45895.6666666666) | K23: =IFERROR(__xludf.DUMMYFUNCTION("""COMPUTED_VALUE"""),78.92) | M23: =IFERROR(__xludf.DUMMYFUNCTION("""COMPUTED_VALUE"""),45895.6666666666) | N23: =IFERROR(__xludf.DUMMYFUNCTION("""COMPUTED_VALUE"""),234.28) | P23: =IFERROR(__xludf.DUMMYFUNCTION("""COMPUTED_VALUE"""),45895.6666666666) | Q23: =IFERROR(__xludf.DUMMYFUNCTION("""COMPUTED_VALUE"""),78.88) | S23: =IFERROR(__xludf.DUMMYFUNCTION("""COMPUTED_VALUE"""),45163.6666666666) | T23: =IFERROR(__xludf.DUMMYFUNCTION("""COMPUTED_VALUE"""),178.61) | V23: =IFERROR(__xludf.DUMMYFUNCTION("""COMPUTED_VALUE"""),45895.6666666666) | W23: =IFERROR(__xludf.DUMMYFUNCTION("""COMPUTED_VALUE"""),22.02) | Y23: =IFERROR(__xludf.DUMMYFUNCTION("""COMPUTED_VALUE"""),45895.6666666666) | Z23: =IFERROR(__xludf.DUMMYFUNCTION("""COMPUTED_VALUE"""),73.73) | AB23: =IFERROR(__xludf.DUMMYFUNCTION("""COMPUTED_VALUE"""),45895.6666666666) | AC23: =IFERROR(__xludf.DUMMYFUNCTION("""COMPUTED_VALUE"""),51.84) | AE23: =IFERROR(__xludf.DUMMYFUNCTION("""COMPUTED_VALUE"""),45895.6666666666) | AF23: =IFERROR(__xludf.DUMMYFUNCTION("""COMPUTED_VALUE"""),93.82) | AH23: =IFERROR(__xludf.DUMMYFUNCTION("""COMPUTED_VALUE"""),45895.6666666666) | AI23: =IFERROR(__xludf.DUMMYFUNCTION("""COMPUTED_VALUE"""),22.91) | AK23: =IFERROR(__xludf.DUMMYFUNCTION("""COMPUTED_VALUE"""),45895.6666666666) | AL23: =IFERROR(__xludf.DUMMYFUNCTION("""COMPUTED_VALUE"""),80.87) | AN23: =IFERROR(__xludf.DUMMYFUNCTION("""COMPUTED_VALUE"""),45895.6666666666) | AO23: =IFERROR(__xludf.DUMMYFUNCTION("""COMPUTED_VALUE"""),110.97) | AQ23: =IFERROR(__xludf.DUMMYFUNCTION("""COMPUTED_VALUE"""),45895.6666666666) | AR23: =IFERROR(__xludf.DUMMYFUNCTION("""COMPUTED_VALUE"""),91.9) | AT23: =IFERROR(__xludf.DUMMYFUNCTION("""COMPUTED_VALUE"""),45895.6666666666) | AU23: =IFERROR(__xludf.DUMMYFUNCTION("""COMPUTED_VALUE"""),50.21) | AW23: =IFERROR(__xludf.DUMMYFUNCTION("""COMPUTED_VALUE"""),45895.6666666666) | AX23: =IFERROR(__xludf.DUMMYFUNCTION("""COMPUTED_VALUE"""),99.37) | AZ23: =IFERROR(__xludf.DUMMYFUNCTION("""COMPUTED_VALUE"""),45895.6666666666) | BA23: =IFERROR(__xludf.DUMMYFUNCTION("""COMPUTED_VALUE"""),109.99) | BC23: =IFERROR(__xludf.DUMMYFUNCTION("""COMPUTED_VALUE"""),45895.6666666666) | BD23: =IFERROR(__xludf.DUMMYFUNCTION("""COMPUTED_VALUE"""),95.83) | BF23: =IFERROR(__xludf.DUMMYFUNCTION("""COMPUTED_VALUE"""),45895.6666666666) | BG23: =IFERROR(__xludf.DUMMYFUNCTION("""COMPUTED_VALUE"""),82.88) | BI23: =IFERROR(__xludf.DUMMYFUNCTION("""COMPUTED_VALUE"""),45895.6666666666) | BJ23: =IFERROR(__xludf.DUMMYFUNCTION("""COMPUTED_VALUE"""),86.75) | BL23: =IFERROR(__xludf.DUMMYFUNCTION("""COMPUTED_VALUE"""),45895.6666666666) | BM23: =IFERROR(__xludf.DUMMYFUNCTION("""COMPUTED_VALUE"""),312.08) | BO23: =IFERROR(__xludf.DUMMYFUNCTION("""COMPUTED_VALUE"""),45895.6666666666) | BP23: =IFERROR(__xludf.DUMMYFUNCTION("""COMPUTED_VALUE"""),91.71) | CB23: EMB
A24: =IFERROR(__xludf.DUMMYFUNCTION("""COMPUTED_VALUE"""),45896.6666666666) | B24: =IFERROR(__xludf.DUMMYFUNCTION("""COMPUTED_VALUE"""),646.63) | D24: =IFERROR(__xludf.DUMMYFUNCTION("""COMPUTED_VALUE"""),45896.6666666666) | E24: =IFERROR(__xludf.DUMMYFUNCTION("""COMPUTED_VALUE"""),91.98) | G24: =IFERROR(__xludf.DUMMYFUNCTION("""COMPUTED_VALUE"""),46083.6666666666) | H24: =IFERROR(__xludf.DUMMYFUNCTION("""COMPUTED_VALUE"""),69.01) | J24: =IFERROR(__xludf.DUMMYFUNCTION("""COMPUTED_VALUE"""),45896.6666666666) | K24: =IFERROR(__xludf.DUMMYFUNCTION("""COMPUTED_VALUE"""),78.63) | M24: =IFERROR(__xludf.DUMMYFUNCTION("""COMPUTED_VALUE"""),45896.6666666666) | N24: =IFERROR(__xludf.DUMMYFUNCTION("""COMPUTED_VALUE"""),235.94) | P24: =IFERROR(__xludf.DUMMYFUNCTION("""COMPUTED_VALUE"""),45896.6666666666) | Q24: =IFERROR(__xludf.DUMMYFUNCTION("""COMPUTED_VALUE"""),78.66) | S24: =IFERROR(__xludf.DUMMYFUNCTION("""COMPUTED_VALUE"""),45166.6666666666) | T24: =IFERROR(__xludf.DUMMYFUNCTION("""COMPUTED_VALUE"""),180.19) | V24: =IFERROR(__xludf.DUMMYFUNCTION("""COMPUTED_VALUE"""),45896.6666666666) | W24: =IFERROR(__xludf.DUMMYFUNCTION("""COMPUTED_VALUE"""),22.04) | Y24: =IFERROR(__xludf.DUMMYFUNCTION("""COMPUTED_VALUE"""),45896.6666666666) | Z24: =IFERROR(__xludf.DUMMYFUNCTION("""COMPUTED_VALUE"""),73.8) | AB24: =IFERROR(__xludf.DUMMYFUNCTION("""COMPUTED_VALUE"""),45896.6666666666) | AC24: =IFERROR(__xludf.DUMMYFUNCTION("""COMPUTED_VALUE"""),51.49) | AE24: =IFERROR(__xludf.DUMMYFUNCTION("""COMPUTED_VALUE"""),45896.6666666666) | AF24: =IFERROR(__xludf.DUMMYFUNCTION("""COMPUTED_VALUE"""),93.71) | AH24: =IFERROR(__xludf.DUMMYFUNCTION("""COMPUTED_VALUE"""),45896.6666666666) | AI24: =IFERROR(__xludf.DUMMYFUNCTION("""COMPUTED_VALUE"""),22.92) | AK24: =IFERROR(__xludf.DUMMYFUNCTION("""COMPUTED_VALUE"""),45896.6666666666) | AL24: =IFERROR(__xludf.DUMMYFUNCTION("""COMPUTED_VALUE"""),80.97) | AN24: =IFERROR(__xludf.DUMMYFUNCTION("""COMPUTED_VALUE"""),45896.6666666666) | AO24: =IFERROR(__xludf.DUMMYFUNCTION("""COMPUTED_VALUE"""),111.22) | AQ24: =IFERROR(__xludf.DUMMYFUNCTION("""COMPUTED_VALUE"""),45896.6666666666) | AR24: =IFERROR(__xludf.DUMMYFUNCTION("""COMPUTED_VALUE"""),91.68) | AT24: =IFERROR(__xludf.DUMMYFUNCTION("""COMPUTED_VALUE"""),45896.6666666666) | AU24: =IFERROR(__xludf.DUMMYFUNCTION("""COMPUTED_VALUE"""),49.91) | AW24: =IFERROR(__xludf.DUMMYFUNCTION("""COMPUTED_VALUE"""),45896.6666666666) | AX24: =IFERROR(__xludf.DUMMYFUNCTION("""COMPUTED_VALUE"""),99.47) | AZ24: =IFERROR(__xludf.DUMMYFUNCTION("""COMPUTED_VALUE"""),45896.6666666666) | BA24: =IFERROR(__xludf.DUMMYFUNCTION("""COMPUTED_VALUE"""),110.03) | BC24: =IFERROR(__xludf.DUMMYFUNCTION("""COMPUTED_VALUE"""),45896.6666666666) | BD24: =IFERROR(__xludf.DUMMYFUNCTION("""COMPUTED_VALUE"""),96.01) | BF24: =IFERROR(__xludf.DUMMYFUNCTION("""COMPUTED_VALUE"""),45896.6666666666) | BG24: =IFERROR(__xludf.DUMMYFUNCTION("""COMPUTED_VALUE"""),82.94) | BI24: =IFERROR(__xludf.DUMMYFUNCTION("""COMPUTED_VALUE"""),45896.6666666666) | BJ24: =IFERROR(__xludf.DUMMYFUNCTION("""COMPUTED_VALUE"""),86.65) | BL24: =IFERROR(__xludf.DUMMYFUNCTION("""COMPUTED_VALUE"""),45896.6666666666) | BM24: =IFERROR(__xludf.DUMMYFUNCTION("""COMPUTED_VALUE"""),312.71) | BO24: =IFERROR(__xludf.DUMMYFUNCTION("""COMPUTED_VALUE"""),45896.6666666666) | BP24: =IFERROR(__xludf.DUMMYFUNCTION("""COMPUTED_VALUE"""),91.72)
A25: =IFERROR(__xludf.DUMMYFUNCTION("""COMPUTED_VALUE"""),45897.6666666666) | B25: =IFERROR(__xludf.DUMMYFUNCTION("""COMPUTED_VALUE"""),648.92) | D25: =IFERROR(__xludf.DUMMYFUNCTION("""COMPUTED_VALUE"""),45897.6666666666) | E25: =IFERROR(__xludf.DUMMYFUNCTION("""COMPUTED_VALUE"""),91.74) | G25: =IFERROR(__xludf.DUMMYFUNCTION("""COMPUTED_VALUE"""),46084.6666666666) | H25: =IFERROR(__xludf.DUMMYFUNCTION("""COMPUTED_VALUE"""),66.61) | J25: =IFERROR(__xludf.DUMMYFUNCTION("""COMPUTED_VALUE"""),45897.6666666666) | K25: =IFERROR(__xludf.DUMMYFUNCTION("""COMPUTED_VALUE"""),79.29) | M25: =IFERROR(__xludf.DUMMYFUNCTION("""COMPUTED_VALUE"""),45897.6666666666) | N25: =IFERROR(__xludf.DUMMYFUNCTION("""COMPUTED_VALUE"""),236.22) | P25: =IFERROR(__xludf.DUMMYFUNCTION("""COMPUTED_VALUE"""),45897.6666666666) | Q25: =IFERROR(__xludf.DUMMYFUNCTION("""COMPUTED_VALUE"""),78.85) | S25: =IFERROR(__xludf.DUMMYFUNCTION("""COMPUTED_VALUE"""),45167.6666666666) | T25: =IFERROR(__xludf.DUMMYFUNCTION("""COMPUTED_VALUE"""),184.12) | V25: =IFERROR(__xludf.DUMMYFUNCTION("""COMPUTED_VALUE"""),45897.6666666666) | W25: =IFERROR(__xludf.DUMMYFUNCTION("""COMPUTED_VALUE"""),22.18) | Y25: =IFERROR(__xludf.DUMMYFUNCTION("""COMPUTED_VALUE"""),45897.6666666666) | Z25: =IFERROR(__xludf.DUMMYFUNCTION("""COMPUTED_VALUE"""),73.89) | AB25: =IFERROR(__xludf.DUMMYFUNCTION("""COMPUTED_VALUE"""),45897.6666666666) | AC25: =IFERROR(__xludf.DUMMYFUNCTION("""COMPUTED_VALUE"""),51.68) | AE25: =IFERROR(__xludf.DUMMYFUNCTION("""COMPUTED_VALUE"""),45897.6666666666) | AF25: =IFERROR(__xludf.DUMMYFUNCTION("""COMPUTED_VALUE"""),94.26) | AH25: =IFERROR(__xludf.DUMMYFUNCTION("""COMPUTED_VALUE"""),45897.6666666666) | AI25: =IFERROR(__xludf.DUMMYFUNCTION("""COMPUTED_VALUE"""),23) | AK25: =IFERROR(__xludf.DUMMYFUNCTION("""COMPUTED_VALUE"""),45897.6666666666) | AL25: =IFERROR(__xludf.DUMMYFUNCTION("""COMPUTED_VALUE"""),81.01) | AN25: =IFERROR(__xludf.DUMMYFUNCTION("""COMPUTED_VALUE"""),45897.6666666666) | AO25: =IFERROR(__xludf.DUMMYFUNCTION("""COMPUTED_VALUE"""),111.29) | AQ25: =IFERROR(__xludf.DUMMYFUNCTION("""COMPUTED_VALUE"""),45897.6666666666) | AR25: =IFERROR(__xludf.DUMMYFUNCTION("""COMPUTED_VALUE"""),92.02) | AT25: =IFERROR(__xludf.DUMMYFUNCTION("""COMPUTED_VALUE"""),45897.6666666666) | AU25: =IFERROR(__xludf.DUMMYFUNCTION("""COMPUTED_VALUE"""),50.1) | AW25: =IFERROR(__xludf.DUMMYFUNCTION("""COMPUTED_VALUE"""),45897.6666666666) | AX25: =IFERROR(__xludf.DUMMYFUNCTION("""COMPUTED_VALUE"""),99.59) | AZ25: =IFERROR(__xludf.DUMMYFUNCTION("""COMPUTED_VALUE"""),45897.6666666666) | BA25: =IFERROR(__xludf.DUMMYFUNCTION("""COMPUTED_VALUE"""),110.2) | BC25: =IFERROR(__xludf.DUMMYFUNCTION("""COMPUTED_VALUE"""),45897.6666666666) | BD25: =IFERROR(__xludf.DUMMYFUNCTION("""COMPUTED_VALUE"""),96.23) | BF25: =IFERROR(__xludf.DUMMYFUNCTION("""COMPUTED_VALUE"""),45897.6666666666) | BG25: =IFERROR(__xludf.DUMMYFUNCTION("""COMPUTED_VALUE"""),82.91) | BI25: =IFERROR(__xludf.DUMMYFUNCTION("""COMPUTED_VALUE"""),45897.6666666666) | BJ25: =IFERROR(__xludf.DUMMYFUNCTION("""COMPUTED_VALUE"""),87.22) | BL25: =IFERROR(__xludf.DUMMYFUNCTION("""COMPUTED_VALUE"""),45897.6666666666) | BM25: =IFERROR(__xludf.DUMMYFUNCTION("""COMPUTED_VALUE"""),315.03) | BO25: =IFERROR(__xludf.DUMMYFUNCTION("""COMPUTED_VALUE"""),45897.6666666666) | BP25: =IFERROR(__xludf.DUMMYFUNCTION("""COMPUTED_VALUE"""),91.73)
A26: =IFERROR(__xludf.DUMMYFUNCTION("""COMPUTED_VALUE"""),45898.6666666666) | B26: =IFERROR(__xludf.DUMMYFUNCTION("""COMPUTED_VALUE"""),645.05) | D26: =IFERROR(__xludf.DUMMYFUNCTION("""COMPUTED_VALUE"""),45898.6666666666) | E26: =IFERROR(__xludf.DUMMYFUNCTION("""COMPUTED_VALUE"""),92.24) | G26: =IFERROR(__xludf.DUMMYFUNCTION("""COMPUTED_VALUE"""),46085.6666666666) | H26: =IFERROR(__xludf.DUMMYFUNCTION("""COMPUTED_VALUE"""),67.38) | J26: =IFERROR(__xludf.DUMMYFUNCTION("""COMPUTED_VALUE"""),45898.6666666666) | K26: =IFERROR(__xludf.DUMMYFUNCTION("""COMPUTED_VALUE"""),78.28) | M26: =IFERROR(__xludf.DUMMYFUNCTION("""COMPUTED_VALUE"""),45898.6666666666) | N26: =IFERROR(__xludf.DUMMYFUNCTION("""COMPUTED_VALUE"""),235.17) | P26: =IFERROR(__xludf.DUMMYFUNCTION("""COMPUTED_VALUE"""),45898.6666666666) | Q26: =IFERROR(__xludf.DUMMYFUNCTION("""COMPUTED_VALUE"""),78.5) | S26: =IFERROR(__xludf.DUMMYFUNCTION("""COMPUTED_VALUE"""),45168.6666666666) | T26: =IFERROR(__xludf.DUMMYFUNCTION("""COMPUTED_VALUE"""),187.65) | V26: =IFERROR(__xludf.DUMMYFUNCTION("""COMPUTED_VALUE"""),45898.6666666666) | W26: =IFERROR(__xludf.DUMMYFUNCTION("""COMPUTED_VALUE"""),22.21) | Y26: =IFERROR(__xludf.DUMMYFUNCTION("""COMPUTED_VALUE"""),45898.6666666666) | Z26: =IFERROR(__xludf.DUMMYFUNCTION("""COMPUTED_VALUE"""),73.8) | AB26: =IFERROR(__xludf.DUMMYFUNCTION("""COMPUTED_VALUE"""),45898.6666666666) | AC26: =IFERROR(__xludf.DUMMYFUNCTION("""COMPUTED_VALUE"""),51.53) | AE26: =IFERROR(__xludf.DUMMYFUNCTION("""COMPUTED_VALUE"""),45898.6666666666) | AF26: =IFERROR(__xludf.DUMMYFUNCTION("""COMPUTED_VALUE"""),94.12) | AH26: =IFERROR(__xludf.DUMMYFUNCTION("""COMPUTED_VALUE"""),45898.6666666666) | AI26: =IFERROR(__xludf.DUMMYFUNCTION("""COMPUTED_VALUE"""),23) | AK26: =IFERROR(__xludf.DUMMYFUNCTION("""COMPUTED_VALUE"""),45898.6666666666) | AL26: =IFERROR(__xludf.DUMMYFUNCTION("""COMPUTED_VALUE"""),80.86) | AN26: =IFERROR(__xludf.DUMMYFUNCTION("""COMPUTED_VALUE"""),45898.6666666666) | AO26: =IFERROR(__xludf.DUMMYFUNCTION("""COMPUTED_VALUE"""),111.17) | AQ26: =IFERROR(__xludf.DUMMYFUNCTION("""COMPUTED_VALUE"""),45898.6666666666) | AR26: =IFERROR(__xludf.DUMMYFUNCTION("""COMPUTED_VALUE"""),91.48) | AT26: =IFERROR(__xludf.DUMMYFUNCTION("""COMPUTED_VALUE"""),45898.6666666666) | AU26: =IFERROR(__xludf.DUMMYFUNCTION("""COMPUTED_VALUE"""),49.86) | AW26: =IFERROR(__xludf.DUMMYFUNCTION("""COMPUTED_VALUE"""),45898.6666666666) | AX26: =IFERROR(__xludf.DUMMYFUNCTION("""COMPUTED_VALUE"""),99.46) | AZ26: =IFERROR(__xludf.DUMMYFUNCTION("""COMPUTED_VALUE"""),45898.6666666666) | BA26: =IFERROR(__xludf.DUMMYFUNCTION("""COMPUTED_VALUE"""),109.8) | BC26: =IFERROR(__xludf.DUMMYFUNCTION("""COMPUTED_VALUE"""),45898.6666666666) | BD26: =IFERROR(__xludf.DUMMYFUNCTION("""COMPUTED_VALUE"""),96.15) | BF26: =IFERROR(__xludf.DUMMYFUNCTION("""COMPUTED_VALUE"""),45898.6666666666) | BG26: =IFERROR(__xludf.DUMMYFUNCTION("""COMPUTED_VALUE"""),82.98) | BI26: =IFERROR(__xludf.DUMMYFUNCTION("""COMPUTED_VALUE"""),45898.6666666666) | BJ26: =IFERROR(__xludf.DUMMYFUNCTION("""COMPUTED_VALUE"""),86.6) | BL26: =IFERROR(__xludf.DUMMYFUNCTION("""COMPUTED_VALUE"""),45898.6666666666) | BM26: =IFERROR(__xludf.DUMMYFUNCTION("""COMPUTED_VALUE"""),318.07) | BO26: =IFERROR(__xludf.DUMMYFUNCTION("""COMPUTED_VALUE"""),45898.6666666666) | BP26: =IFERROR(__xludf.DUMMYFUNCTION("""COMPUTED_VALUE"""),91.77)
A27: =IFERROR(__xludf.DUMMYFUNCTION("""COMPUTED_VALUE"""),45902.6666666666) | B27: =IFERROR(__xludf.DUMMYFUNCTION("""COMPUTED_VALUE"""),640.27) | D27: =IFERROR(__xludf.DUMMYFUNCTION("""COMPUTED_VALUE"""),45902.6666666666) | E27: =IFERROR(__xludf.DUMMYFUNCTION("""COMPUTED_VALUE"""),90.71) | G27: =IFERROR(__xludf.DUMMYFUNCTION("""COMPUTED_VALUE"""),46086.6666666666) | H27: =IFERROR(__xludf.DUMMYFUNCTION("""COMPUTED_VALUE"""),65.79) | J27: =IFERROR(__xludf.DUMMYFUNCTION("""COMPUTED_VALUE"""),45902.6666666666) | K27: =IFERROR(__xludf.DUMMYFUNCTION("""COMPUTED_VALUE"""),78.15) | M27: =IFERROR(__xludf.DUMMYFUNCTION("""COMPUTED_VALUE"""),45902.6666666666) | N27: =IFERROR(__xludf.DUMMYFUNCTION("""COMPUTED_VALUE"""),233.9) | P27: =IFERROR(__xludf.DUMMYFUNCTION("""COMPUTED_VALUE"""),45902.6666666666) | Q27: =IFERROR(__xludf.DUMMYFUNCTION("""COMPUTED_VALUE"""),77.41) | S27: =IFERROR(__xludf.DUMMYFUNCTION("""COMPUTED_VALUE"""),45169.6666666666) | T27: =IFERROR(__xludf.DUMMYFUNCTION("""COMPUTED_VALUE"""),187.87) | V27: =IFERROR(__xludf.DUMMYFUNCTION("""COMPUTED_VALUE"""),45902.6666666666) | W27: =IFERROR(__xludf.DUMMYFUNCTION("""COMPUTED_VALUE"""),22.57) | Y27: =IFERROR(__xludf.DUMMYFUNCTION("""COMPUTED_VALUE"""),45902.6666666666) | Z27: =IFERROR(__xludf.DUMMYFUNCTION("""COMPUTED_VALUE"""),73.4) | AB27: =IFERROR(__xludf.DUMMYFUNCTION("""COMPUTED_VALUE"""),45902.6666666666) | AC27: =IFERROR(__xludf.DUMMYFUNCTION("""COMPUTED_VALUE"""),51.46) | AE27: =IFERROR(__xludf.DUMMYFUNCTION("""COMPUTED_VALUE"""),45902.6666666666) | AF27: =IFERROR(__xludf.DUMMYFUNCTION("""COMPUTED_VALUE"""),93.36) | AH27: =IFERROR(__xludf.DUMMYFUNCTION("""COMPUTED_VALUE"""),45902.6666666666) | AI27: =IFERROR(__xludf.DUMMYFUNCTION("""COMPUTED_VALUE"""),22.76) | AK27: =IFERROR(__xludf.DUMMYFUNCTION("""COMPUTED_VALUE"""),45902.6666666666) | AL27: =IFERROR(__xludf.DUMMYFUNCTION("""COMPUTED_VALUE"""),80.39) | AN27: =IFERROR(__xludf.DUMMYFUNCTION("""COMPUTED_VALUE"""),45902.6666666666) | AO27: =IFERROR(__xludf.DUMMYFUNCTION("""COMPUTED_VALUE"""),110.55) | AQ27: =IFERROR(__xludf.DUMMYFUNCTION("""COMPUTED_VALUE"""),45902.6666666666) | AR27: =IFERROR(__xludf.DUMMYFUNCTION("""COMPUTED_VALUE"""),90.58) | AT27: =IFERROR(__xludf.DUMMYFUNCTION("""COMPUTED_VALUE"""),45902.6666666666) | AU27: =IFERROR(__xludf.DUMMYFUNCTION("""COMPUTED_VALUE"""),49.82) | AW27: =IFERROR(__xludf.DUMMYFUNCTION("""COMPUTED_VALUE"""),45902.6666666666) | AX27: =IFERROR(__xludf.DUMMYFUNCTION("""COMPUTED_VALUE"""),98.87) | AZ27: =IFERROR(__xludf.DUMMYFUNCTION("""COMPUTED_VALUE"""),45902.6666666666) | BA27: =IFERROR(__xludf.DUMMYFUNCTION("""COMPUTED_VALUE"""),109.05) | BC27: =IFERROR(__xludf.DUMMYFUNCTION("""COMPUTED_VALUE"""),45902.6666666666) | BD27: =IFERROR(__xludf.DUMMYFUNCTION("""COMPUTED_VALUE"""),95.55) | BF27: =IFERROR(__xludf.DUMMYFUNCTION("""COMPUTED_VALUE"""),45902.6666666666) | BG27: =IFERROR(__xludf.DUMMYFUNCTION("""COMPUTED_VALUE"""),82.68) | BI27: =IFERROR(__xludf.DUMMYFUNCTION("""COMPUTED_VALUE"""),45902.6666666666) | BJ27: =IFERROR(__xludf.DUMMYFUNCTION("""COMPUTED_VALUE"""),85.63) | BL27: =IFERROR(__xludf.DUMMYFUNCTION("""COMPUTED_VALUE"""),45902.6666666666) | BM27: =IFERROR(__xludf.DUMMYFUNCTION("""COMPUTED_VALUE"""),325.59) | BO27: =IFERROR(__xludf.DUMMYFUNCTION("""COMPUTED_VALUE"""),45902.6666666666) | BP27: =IFERROR(__xludf.DUMMYFUNCTION("""COMPUTED_VALUE"""),91.47)
A28: =IFERROR(__xludf.DUMMYFUNCTION("""COMPUTED_VALUE"""),45903.6666666666) | B28: =IFERROR(__xludf.DUMMYFUNCTION("""COMPUTED_VALUE"""),643.74) | D28: =IFERROR(__xludf.DUMMYFUNCTION("""COMPUTED_VALUE"""),45903.6666666666) | E28: =IFERROR(__xludf.DUMMYFUNCTION("""COMPUTED_VALUE"""),90.76) | G28: =IFERROR(__xludf.DUMMYFUNCTION("""COMPUTED_VALUE"""),46087.6666666666) | H28: =IFERROR(__xludf.DUMMYFUNCTION("""COMPUTED_VALUE"""),65.28) | J28: =IFERROR(__xludf.DUMMYFUNCTION("""COMPUTED_VALUE"""),45903.6666666666) | K28: =IFERROR(__xludf.DUMMYFUNCTION("""COMPUTED_VALUE"""),77.93) | M28: =IFERROR(__xludf.DUMMYFUNCTION("""COMPUTED_VALUE"""),45903.6666666666) | N28: =IFERROR(__xludf.DUMMYFUNCTION("""COMPUTED_VALUE"""),233.67) | P28: =IFERROR(__xludf.DUMMYFUNCTION("""COMPUTED_VALUE"""),45903.6666666666) | Q28: =IFERROR(__xludf.DUMMYFUNCTION("""COMPUTED_VALUE"""),77.73) | S28: =IFERROR(__xludf.DUMMYFUNCTION("""COMPUTED_VALUE"""),45170.6666666666) | T28: =IFERROR(__xludf.DUMMYFUNCTION("""COMPUTED_VALUE"""),189.46) | V28: =IFERROR(__xludf.DUMMYFUNCTION("""COMPUTED_VALUE"""),45903.6666666666) | W28: =IFERROR(__xludf.DUMMYFUNCTION("""COMPUTED_VALUE"""),22.37) | Y28: =IFERROR(__xludf.DUMMYFUNCTION("""COMPUTED_VALUE"""),45903.6666666666) | Z28: =IFERROR(__xludf.DUMMYFUNCTION("""COMPUTED_VALUE"""),73.64) | AB28: =IFERROR(__xludf.DUMMYFUNCTION("""COMPUTED_VALUE"""),45903.6666666666) | AC28: =IFERROR(__xludf.DUMMYFUNCTION("""COMPUTED_VALUE"""),51.6) | AE28: =IFERROR(__xludf.DUMMYFUNCTION("""COMPUTED_VALUE"""),45903.6666666666) | AF28: =IFERROR(__xludf.DUMMYFUNCTION("""COMPUTED_VALUE"""),93.76) | AH28: =IFERROR(__xludf.DUMMYFUNCTION("""COMPUTED_VALUE"""),45903.6666666666) | AI28: =IFERROR(__xludf.DUMMYFUNCTION("""COMPUTED_VALUE"""),22.82) | AK28: =IFERROR(__xludf.DUMMYFUNCTION("""COMPUTED_VALUE"""),45903.6666666666) | AL28: =IFERROR(__xludf.DUMMYFUNCTION("""COMPUTED_VALUE"""),80.61) | AN28: =IFERROR(__xludf.DUMMYFUNCTION("""COMPUTED_VALUE"""),45903.6666666666) | AO28: =IFERROR(__xludf.DUMMYFUNCTION("""COMPUTED_VALUE"""),110.8) | AQ28: =IFERROR(__xludf.DUMMYFUNCTION("""COMPUTED_VALUE"""),45903.6666666666) | AR28: =IFERROR(__xludf.DUMMYFUNCTION("""COMPUTED_VALUE"""),90.72) | AT28: =IFERROR(__xludf.DUMMYFUNCTION("""COMPUTED_VALUE"""),45903.6666666666) | AU28: =IFERROR(__xludf.DUMMYFUNCTION("""COMPUTED_VALUE"""),50.01) | AW28: =IFERROR(__xludf.DUMMYFUNCTION("""COMPUTED_VALUE"""),45903.6666666666) | AX28: =IFERROR(__xludf.DUMMYFUNCTION("""COMPUTED_VALUE"""),99.23) | AZ28: =IFERROR(__xludf.DUMMYFUNCTION("""COMPUTED_VALUE"""),45903.6666666666) | BA28: =IFERROR(__xludf.DUMMYFUNCTION("""COMPUTED_VALUE"""),109.7) | BC28: =IFERROR(__xludf.DUMMYFUNCTION("""COMPUTED_VALUE"""),45903.6666666666) | BD28: =IFERROR(__xludf.DUMMYFUNCTION("""COMPUTED_VALUE"""),95.88) | BF28: =IFERROR(__xludf.DUMMYFUNCTION("""COMPUTED_VALUE"""),45903.6666666666) | BG28: =IFERROR(__xludf.DUMMYFUNCTION("""COMPUTED_VALUE"""),82.74) | BI28: =IFERROR(__xludf.DUMMYFUNCTION("""COMPUTED_VALUE"""),45903.6666666666) | BJ28: =IFERROR(__xludf.DUMMYFUNCTION("""COMPUTED_VALUE"""),86.57) | BL28: =IFERROR(__xludf.DUMMYFUNCTION("""COMPUTED_VALUE"""),45903.6666666666) | BM28: =IFERROR(__xludf.DUMMYFUNCTION("""COMPUTED_VALUE"""),328.14) | BO28: =IFERROR(__xludf.DUMMYFUNCTION("""COMPUTED_VALUE"""),45903.6666666666) | BP28: =IFERROR(__xludf.DUMMYFUNCTION("""COMPUTED_VALUE"""),91.48)
A29: =IFERROR(__xludf.DUMMYFUNCTION("""COMPUTED_VALUE"""),45904.6666666666) | B29: =IFERROR(__xludf.DUMMYFUNCTION("""COMPUTED_VALUE"""),649.12) | D29: =IFERROR(__xludf.DUMMYFUNCTION("""COMPUTED_VALUE"""),45904.6666666666) | E29: =IFERROR(__xludf.DUMMYFUNCTION("""COMPUTED_VALUE"""),91.44) | G29: =IFERROR(__xludf.DUMMYFUNCTION("""COMPUTED_VALUE"""),46090.6666666666) | H29: =IFERROR(__xludf.DUMMYFUNCTION("""COMPUTED_VALUE"""),65.91) | J29: =IFERROR(__xludf.DUMMYFUNCTION("""COMPUTED_VALUE"""),45904.6666666666) | K29: =IFERROR(__xludf.DUMMYFUNCTION("""COMPUTED_VALUE"""),78.73) | M29: =IFERROR(__xludf.DUMMYFUNCTION("""COMPUTED_VALUE"""),45904.6666666666) | N29: =IFERROR(__xludf.DUMMYFUNCTION("""COMPUTED_VALUE"""),236.59) | P29: =IFERROR(__xludf.DUMMYFUNCTION("""COMPUTED_VALUE"""),45904.6666666666) | Q29: =IFERROR(__xludf.DUMMYFUNCTION("""COMPUTED_VALUE"""),78.19) | S29: =IFERROR(__xludf.DUMMYFUNCTION("""COMPUTED_VALUE"""),45174.6666666666) | T29: =IFERROR(__xludf.DUMMYFUNCTION("""COMPUTED_VALUE"""),189.7) | V29: =IFERROR(__xludf.DUMMYFUNCTION("""COMPUTED_VALUE"""),45904.6666666666) | W29: =IFERROR(__xludf.DUMMYFUNCTION("""COMPUTED_VALUE"""),22.21) | Y29: =IFERROR(__xludf.DUMMYFUNCTION("""COMPUTED_VALUE"""),45904.6666666666) | Z29: =IFERROR(__xludf.DUMMYFUNCTION("""COMPUTED_VALUE"""),73.92) | AB29: =IFERROR(__xludf.DUMMYFUNCTION("""COMPUTED_VALUE"""),45904.6666666666) | AC29: =IFERROR(__xludf.DUMMYFUNCTION("""COMPUTED_VALUE"""),51.38) | AE29: =IFERROR(__xludf.DUMMYFUNCTION("""COMPUTED_VALUE"""),45904.6666666666) | AF29: =IFERROR(__xludf.DUMMYFUNCTION("""COMPUTED_VALUE"""),94.13) | AH29: =IFERROR(__xludf.DUMMYFUNCTION("""COMPUTED_VALUE"""),45904.6666666666) | AI29: =IFERROR(__xludf.DUMMYFUNCTION("""COMPUTED_VALUE"""),22.86) | AK29: =IFERROR(__xludf.DUMMYFUNCTION("""COMPUTED_VALUE"""),45904.6666666666) | AL29: =IFERROR(__xludf.DUMMYFUNCTION("""COMPUTED_VALUE"""),80.83) | AN29: =IFERROR(__xludf.DUMMYFUNCTION("""COMPUTED_VALUE"""),45904.6666666666) | AO29: =IFERROR(__xludf.DUMMYFUNCTION("""COMPUTED_VALUE"""),110.97) | AQ29: =IFERROR(__xludf.DUMMYFUNCTION("""COMPUTED_VALUE"""),45904.6666666666) | AR29: =IFERROR(__xludf.DUMMYFUNCTION("""COMPUTED_VALUE"""),91.38) | AT29: =IFERROR(__xludf.DUMMYFUNCTION("""COMPUTED_VALUE"""),45904.6666666666) | AU29: =IFERROR(__xludf.DUMMYFUNCTION("""COMPUTED_VALUE"""),49.85) | AW29: =IFERROR(__xludf.DUMMYFUNCTION("""COMPUTED_VALUE"""),45904.6666666666) | AX29: =IFERROR(__xludf.DUMMYFUNCTION("""COMPUTED_VALUE"""),99.63) | AZ29: =IFERROR(__xludf.DUMMYFUNCTION("""COMPUTED_VALUE"""),45904.6666666666) | BA29: =IFERROR(__xludf.DUMMYFUNCTION("""COMPUTED_VALUE"""),110.45) | BC29: =IFERROR(__xludf.DUMMYFUNCTION("""COMPUTED_VALUE"""),45904.6666666666) | BD29: =IFERROR(__xludf.DUMMYFUNCTION("""COMPUTED_VALUE"""),96.31) | BF29: =IFERROR(__xludf.DUMMYFUNCTION("""COMPUTED_VALUE"""),45904.6666666666) | BG29: =IFERROR(__xludf.DUMMYFUNCTION("""COMPUTED_VALUE"""),82.8) | BI29: =IFERROR(__xludf.DUMMYFUNCTION("""COMPUTED_VALUE"""),45904.6666666666) | BJ29: =IFERROR(__xludf.DUMMYFUNCTION("""COMPUTED_VALUE"""),87.23) | BL29: =IFERROR(__xludf.DUMMYFUNCTION("""COMPUTED_VALUE"""),45904.6666666666) | BM29: =IFERROR(__xludf.DUMMYFUNCTION("""COMPUTED_VALUE"""),326.69) | BO29: =IFERROR(__xludf.DUMMYFUNCTION("""COMPUTED_VALUE"""),45904.6666666666) | BP29: =IFERROR(__xludf.DUMMYFUNCTION("""COMPUTED_VALUE"""),91.5)
A30: =IFERROR(__xludf.DUMMYFUNCTION("""COMPUTED_VALUE"""),45905.6666666666) | B30: =IFERROR(__xludf.DUMMYFUNCTION("""COMPUTED_VALUE"""),647.24) | D30: =IFERROR(__xludf.DUMMYFUNCTION("""COMPUTED_VALUE"""),45905.6666666666) | E30: =IFERROR(__xludf.DUMMYFUNCTION("""COMPUTED_VALUE"""),92.47) | G30: =IFERROR(__xludf.DUMMYFUNCTION("""COMPUTED_VALUE"""),46091.6666666666) | H30: =IFERROR(__xludf.DUMMYFUNCTION("""COMPUTED_VALUE"""),65.97) | J30: =IFERROR(__xludf.DUMMYFUNCTION("""COMPUTED_VALUE"""),45905.6666666666) | K30: =IFERROR(__xludf.DUMMYFUNCTION("""COMPUTED_VALUE"""),79.18) | M30: =IFERROR(__xludf.DUMMYFUNCTION("""COMPUTED_VALUE"""),45905.6666666666) | N30: =IFERROR(__xludf.DUMMYFUNCTION("""COMPUTED_VALUE"""),237.77) | P30: =IFERROR(__xludf.DUMMYFUNCTION("""COMPUTED_VALUE"""),45905.6666666666) | Q30: =IFERROR(__xludf.DUMMYFUNCTION("""COMPUTED_VALUE"""),78.57) | S30: =IFERROR(__xludf.DUMMYFUNCTION("""COMPUTED_VALUE"""),45175.6666666666) | T30: =IFERROR(__xludf.DUMMYFUNCTION("""COMPUTED_VALUE"""),182.91) | V30: =IFERROR(__xludf.DUMMYFUNCTION("""COMPUTED_VALUE"""),45905.6666666666) | W30: =IFERROR(__xludf.DUMMYFUNCTION("""COMPUTED_VALUE"""),22.03) | Y30: =IFERROR(__xludf.DUMMYFUNCTION("""COMPUTED_VALUE"""),45905.6666666666) | Z30: =IFERROR(__xludf.DUMMYFUNCTION("""COMPUTED_VALUE"""),74.27) | AB30: =IFERROR(__xludf.DUMMYFUNCTION("""COMPUTED_VALUE"""),45905.6666666666) | AC30: =IFERROR(__xludf.DUMMYFUNCTION("""COMPUTED_VALUE"""),51.97) | AE30: =IFERROR(__xludf.DUMMYFUNCTION("""COMPUTED_VALUE"""),45905.6666666666) | AF30: =IFERROR(__xludf.DUMMYFUNCTION("""COMPUTED_VALUE"""),94.76) | AH30: =IFERROR(__xludf.DUMMYFUNCTION("""COMPUTED_VALUE"""),45905.6666666666) | AI30: =IFERROR(__xludf.DUMMYFUNCTION("""COMPUTED_VALUE"""),23.06) | AK30: =IFERROR(__xludf.DUMMYFUNCTION("""COMPUTED_VALUE"""),45905.6666666666) | AL30: =IFERROR(__xludf.DUMMYFUNCTION("""COMPUTED_VALUE"""),80.87) | AN30: =IFERROR(__xludf.DUMMYFUNCTION("""COMPUTED_VALUE"""),45905.6666666666) | AO30: =IFERROR(__xludf.DUMMYFUNCTION("""COMPUTED_VALUE"""),111.46) | AQ30: =IFERROR(__xludf.DUMMYFUNCTION("""COMPUTED_VALUE"""),45905.6666666666) | AR30: =IFERROR(__xludf.DUMMYFUNCTION("""COMPUTED_VALUE"""),91.79) | AT30: =IFERROR(__xludf.DUMMYFUNCTION("""COMPUTED_VALUE"""),45905.6666666666) | AU30: =IFERROR(__xludf.DUMMYFUNCTION("""COMPUTED_VALUE"""),50.45) | AW30: =IFERROR(__xludf.DUMMYFUNCTION("""COMPUTED_VALUE"""),45905.6666666666) | AX30: =IFERROR(__xludf.DUMMYFUNCTION("""COMPUTED_VALUE"""),100.1) | AZ30: =IFERROR(__xludf.DUMMYFUNCTION("""COMPUTED_VALUE"""),45905.6666666666) | BA30: =IFERROR(__xludf.DUMMYFUNCTION("""COMPUTED_VALUE"""),111.17) | BC30: =IFERROR(__xludf.DUMMYFUNCTION("""COMPUTED_VALUE"""),45905.6666666666) | BD30: =IFERROR(__xludf.DUMMYFUNCTION("""COMPUTED_VALUE"""),96.78) | BF30: =IFERROR(__xludf.DUMMYFUNCTION("""COMPUTED_VALUE"""),45905.6666666666) | BG30: =IFERROR(__xludf.DUMMYFUNCTION("""COMPUTED_VALUE"""),82.92) | BI30: =IFERROR(__xludf.DUMMYFUNCTION("""COMPUTED_VALUE"""),45905.6666666666) | BJ30: =IFERROR(__xludf.DUMMYFUNCTION("""COMPUTED_VALUE"""),88.56) | BL30: =IFERROR(__xludf.DUMMYFUNCTION("""COMPUTED_VALUE"""),45905.6666666666) | BM30: =IFERROR(__xludf.DUMMYFUNCTION("""COMPUTED_VALUE"""),331.05) | BO30: =IFERROR(__xludf.DUMMYFUNCTION("""COMPUTED_VALUE"""),45905.6666666666) | BP30: =IFERROR(__xludf.DUMMYFUNCTION("""COMPUTED_VALUE"""),91.53)
A31: =IFERROR(__xludf.DUMMYFUNCTION("""COMPUTED_VALUE"""),45908.6666666666) | B31: =IFERROR(__xludf.DUMMYFUNCTION("""COMPUTED_VALUE"""),648.83) | D31: =IFERROR(__xludf.DUMMYFUNCTION("""COMPUTED_VALUE"""),45908.6666666666) | E31: =IFERROR(__xludf.DUMMYFUNCTION("""COMPUTED_VALUE"""),91.93) | G31: =IFERROR(__xludf.DUMMYFUNCTION("""COMPUTED_VALUE"""),46092.6666666666) | H31: =IFERROR(__xludf.DUMMYFUNCTION("""COMPUTED_VALUE"""),65.86) | J31: =IFERROR(__xludf.DUMMYFUNCTION("""COMPUTED_VALUE"""),45908.6666666666) | K31: =IFERROR(__xludf.DUMMYFUNCTION("""COMPUTED_VALUE"""),80.96) | M31: =IFERROR(__xludf.DUMMYFUNCTION("""COMPUTED_VALUE"""),45908.6666666666) | N31: =IFERROR(__xludf.DUMMYFUNCTION("""COMPUTED_VALUE"""),238.25) | P31: =IFERROR(__xludf.DUMMYFUNCTION("""COMPUTED_VALUE"""),45908.6666666666) | Q31: =IFERROR(__xludf.DUMMYFUNCTION("""COMPUTED_VALUE"""),79.13) | S31: =IFERROR(__xludf.DUMMYFUNCTION("""COMPUTED_VALUE"""),45176.6666666666) | T31: =IFERROR(__xludf.DUMMYFUNCTION("""COMPUTED_VALUE"""),177.56) | V31: =IFERROR(__xludf.DUMMYFUNCTION("""COMPUTED_VALUE"""),45908.6666666666) | W31: =IFERROR(__xludf.DUMMYFUNCTION("""COMPUTED_VALUE"""),22.18) | Y31: =IFERROR(__xludf.DUMMYFUNCTION("""COMPUTED_VALUE"""),45908.6666666666) | Z31: =IFERROR(__xludf.DUMMYFUNCTION("""COMPUTED_VALUE"""),74.51) | AB31: =IFERROR(__xludf.DUMMYFUNCTION("""COMPUTED_VALUE"""),45908.6666666666) | AC31: =IFERROR(__xludf.DUMMYFUNCTION("""COMPUTED_VALUE"""),52.48) | AE31: =IFERROR(__xludf.DUMMYFUNCTION("""COMPUTED_VALUE"""),45908.6666666666) | AF31: =IFERROR(__xludf.DUMMYFUNCTION("""COMPUTED_VALUE"""),94.75) | AH31: =IFERROR(__xludf.DUMMYFUNCTION("""COMPUTED_VALUE"""),45908.6666666666) | AI31: =IFERROR(__xludf.DUMMYFUNCTION("""COMPUTED_VALUE"""),23.11) | AK31: =IFERROR(__xludf.DUMMYFUNCTION("""COMPUTED_VALUE"""),45908.6666666666) | AL31: =IFERROR(__xludf.DUMMYFUNCTION("""COMPUTED_VALUE"""),80.87) | AN31: =IFERROR(__xludf.DUMMYFUNCTION("""COMPUTED_VALUE"""),45908.6666666666) | AO31: =IFERROR(__xludf.DUMMYFUNCTION("""COMPUTED_VALUE"""),111.69) | AQ31: =IFERROR(__xludf.DUMMYFUNCTION("""COMPUTED_VALUE"""),45908.6666666666) | AR31: =IFERROR(__xludf.DUMMYFUNCTION("""COMPUTED_VALUE"""),92.71) | AT31: =IFERROR(__xludf.DUMMYFUNCTION("""COMPUTED_VALUE"""),45908.6666666666) | AU31: =IFERROR(__xludf.DUMMYFUNCTION("""COMPUTED_VALUE"""),50.91) | AW31: =IFERROR(__xludf.DUMMYFUNCTION("""COMPUTED_VALUE"""),45908.6666666666) | AX31: =IFERROR(__xludf.DUMMYFUNCTION("""COMPUTED_VALUE"""),100.44) | AZ31: =IFERROR(__xludf.DUMMYFUNCTION("""COMPUTED_VALUE"""),45908.6666666666) | BA31: =IFERROR(__xludf.DUMMYFUNCTION("""COMPUTED_VALUE"""),111.56) | BC31: =IFERROR(__xludf.DUMMYFUNCTION("""COMPUTED_VALUE"""),45908.6666666666) | BD31: =IFERROR(__xludf.DUMMYFUNCTION("""COMPUTED_VALUE"""),97.08) | BF31: =IFERROR(__xludf.DUMMYFUNCTION("""COMPUTED_VALUE"""),45908.6666666666) | BG31: =IFERROR(__xludf.DUMMYFUNCTION("""COMPUTED_VALUE"""),82.97) | BI31: =IFERROR(__xludf.DUMMYFUNCTION("""COMPUTED_VALUE"""),45908.6666666666) | BJ31: =IFERROR(__xludf.DUMMYFUNCTION("""COMPUTED_VALUE"""),89.74) | BL31: =IFERROR(__xludf.DUMMYFUNCTION("""COMPUTED_VALUE"""),45908.6666666666) | BM31: =IFERROR(__xludf.DUMMYFUNCTION("""COMPUTED_VALUE"""),334.82) | BO31: =IFERROR(__xludf.DUMMYFUNCTION("""COMPUTED_VALUE"""),45908.6666666666) | BP31: =IFERROR(__xludf.DUMMYFUNCTION("""COMPUTED_VALUE"""),91.54)
A32: =IFERROR(__xludf.DUMMYFUNCTION("""COMPUTED_VALUE"""),45909.6666666666) | B32: =IFERROR(__xludf.DUMMYFUNCTION("""COMPUTED_VALUE"""),650.33) | D32: =IFERROR(__xludf.DUMMYFUNCTION("""COMPUTED_VALUE"""),45909.6666666666) | E32: =IFERROR(__xludf.DUMMYFUNCTION("""COMPUTED_VALUE"""),91.72) | G32: =IFERROR(__xludf.DUMMYFUNCTION("""COMPUTED_VALUE"""),46093.6666666666) | H32: =IFERROR(__xludf.DUMMYFUNCTION("""COMPUTED_VALUE"""),64.57) | J32: =IFERROR(__xludf.DUMMYFUNCTION("""COMPUTED_VALUE"""),45909.6666666666) | K32: =IFERROR(__xludf.DUMMYFUNCTION("""COMPUTED_VALUE"""),80.06) | M32: =IFERROR(__xludf.DUMMYFUNCTION("""COMPUTED_VALUE"""),45909.6666666666) | N32: =IFERROR(__xludf.DUMMYFUNCTION("""COMPUTED_VALUE"""),236.85) | P32: =IFERROR(__xludf.DUMMYFUNCTION("""COMPUTED_VALUE"""),45909.6666666666) | Q32: =IFERROR(__xludf.DUMMYFUNCTION("""COMPUTED_VALUE"""),78.99) | S32: =IFERROR(__xludf.DUMMYFUNCTION("""COMPUTED_VALUE"""),45177.6666666666) | T32: =IFERROR(__xludf.DUMMYFUNCTION("""COMPUTED_VALUE"""),178.18) | V32: =IFERROR(__xludf.DUMMYFUNCTION("""COMPUTED_VALUE"""),45909.6666666666) | W32: =IFERROR(__xludf.DUMMYFUNCTION("""COMPUTED_VALUE"""),22.24) | Y32: =IFERROR(__xludf.DUMMYFUNCTION("""COMPUTED_VALUE"""),45909.6666666666) | Z32: =IFERROR(__xludf.DUMMYFUNCTION("""COMPUTED_VALUE"""),74.37) | AB32: =IFERROR(__xludf.DUMMYFUNCTION("""COMPUTED_VALUE"""),45909.6666666666) | AC32: =IFERROR(__xludf.DUMMYFUNCTION("""COMPUTED_VALUE"""),52.68) | AE32: =IFERROR(__xludf.DUMMYFUNCTION("""COMPUTED_VALUE"""),45909.6666666666) | AF32: =IFERROR(__xludf.DUMMYFUNCTION("""COMPUTED_VALUE"""),94.66) | AH32: =IFERROR(__xludf.DUMMYFUNCTION("""COMPUTED_VALUE"""),45909.6666666666) | AI32: =IFERROR(__xludf.DUMMYFUNCTION("""COMPUTED_VALUE"""),23.06) | AK32: =IFERROR(__xludf.DUMMYFUNCTION("""COMPUTED_VALUE"""),45909.6666666666) | AL32: =IFERROR(__xludf.DUMMYFUNCTION("""COMPUTED_VALUE"""),80.78) | AN32: =IFERROR(__xludf.DUMMYFUNCTION("""COMPUTED_VALUE"""),45909.6666666666) | AO32: =IFERROR(__xludf.DUMMYFUNCTION("""COMPUTED_VALUE"""),111.47) | AQ32: =IFERROR(__xludf.DUMMYFUNCTION("""COMPUTED_VALUE"""),45909.6666666666) | AR32: =IFERROR(__xludf.DUMMYFUNCTION("""COMPUTED_VALUE"""),92.4) | AT32: =IFERROR(__xludf.DUMMYFUNCTION("""COMPUTED_VALUE"""),45909.6666666666) | AU32: =IFERROR(__xludf.DUMMYFUNCTION("""COMPUTED_VALUE"""),51.19) | AW32: =IFERROR(__xludf.DUMMYFUNCTION("""COMPUTED_VALUE"""),45909.6666666666) | AX32: =IFERROR(__xludf.DUMMYFUNCTION("""COMPUTED_VALUE"""),100.24) | AZ32: =IFERROR(__xludf.DUMMYFUNCTION("""COMPUTED_VALUE"""),45909.6666666666) | BA32: =IFERROR(__xludf.DUMMYFUNCTION("""COMPUTED_VALUE"""),111.36) | BC32: =IFERROR(__xludf.DUMMYFUNCTION("""COMPUTED_VALUE"""),45909.6666666666) | BD32: =IFERROR(__xludf.DUMMYFUNCTION("""COMPUTED_VALUE"""),96.85) | BF32: =IFERROR(__xludf.DUMMYFUNCTION("""COMPUTED_VALUE"""),45909.6666666666) | BG32: =IFERROR(__xludf.DUMMYFUNCTION("""COMPUTED_VALUE"""),82.9) | BI32: =IFERROR(__xludf.DUMMYFUNCTION("""COMPUTED_VALUE"""),45909.6666666666) | BJ32: =IFERROR(__xludf.DUMMYFUNCTION("""COMPUTED_VALUE"""),89.23) | BL32: =IFERROR(__xludf.DUMMYFUNCTION("""COMPUTED_VALUE"""),45909.6666666666) | BM32: =IFERROR(__xludf.DUMMYFUNCTION("""COMPUTED_VALUE"""),334.06) | BO32: =IFERROR(__xludf.DUMMYFUNCTION("""COMPUTED_VALUE"""),45909.6666666666) | BP32: =IFERROR(__xludf.DUMMYFUNCTION("""COMPUTED_VALUE"""),91.55)
A33: =IFERROR(__xludf.DUMMYFUNCTION("""COMPUTED_VALUE"""),45910.6666666666) | B33: =IFERROR(__xludf.DUMMYFUNCTION("""COMPUTED_VALUE"""),652.21) | D33: =IFERROR(__xludf.DUMMYFUNCTION("""COMPUTED_VALUE"""),45910.6666666666) | E33: =IFERROR(__xludf.DUMMYFUNCTION("""COMPUTED_VALUE"""),91.57) | G33: =IFERROR(__xludf.DUMMYFUNCTION("""COMPUTED_VALUE"""),46094.6666666666) | H33: =IFERROR(__xludf.DUMMYFUNCTION("""COMPUTED_VALUE"""),63.82) | J33: =IFERROR(__xludf.DUMMYFUNCTION("""COMPUTED_VALUE"""),45910.6666666666) | K33: =IFERROR(__xludf.DUMMYFUNCTION("""COMPUTED_VALUE"""),80.36) | M33: =IFERROR(__xludf.DUMMYFUNCTION("""COMPUTED_VALUE"""),45910.6666666666) | N33: =IFERROR(__xludf.DUMMYFUNCTION("""COMPUTED_VALUE"""),236.43) | P33: =IFERROR(__xludf.DUMMYFUNCTION("""COMPUTED_VALUE"""),45910.6666666666) | Q33: =IFERROR(__xludf.DUMMYFUNCTION("""COMPUTED_VALUE"""),78.78) | S33: =IFERROR(__xludf.DUMMYFUNCTION("""COMPUTED_VALUE"""),45180.6666666666) | T33: =IFERROR(__xludf.DUMMYFUNCTION("""COMPUTED_VALUE"""),179.36) | V33: =IFERROR(__xludf.DUMMYFUNCTION("""COMPUTED_VALUE"""),45910.6666666666) | W33: =IFERROR(__xludf.DUMMYFUNCTION("""COMPUTED_VALUE"""),22.39) | Y33: =IFERROR(__xludf.DUMMYFUNCTION("""COMPUTED_VALUE"""),45910.6666666666) | Z33: =IFERROR(__xludf.DUMMYFUNCTION("""COMPUTED_VALUE"""),74.5) | AB33: =IFERROR(__xludf.DUMMYFUNCTION("""COMPUTED_VALUE"""),45910.6666666666) | AC33: =IFERROR(__xludf.DUMMYFUNCTION("""COMPUTED_VALUE"""),52.92) | AE33: =IFERROR(__xludf.DUMMYFUNCTION("""COMPUTED_VALUE"""),45910.6666666666) | AF33: =IFERROR(__xludf.DUMMYFUNCTION("""COMPUTED_VALUE"""),95.18) | AH33: =IFERROR(__xludf.DUMMYFUNCTION("""COMPUTED_VALUE"""),45910.6666666666) | AI33: =IFERROR(__xludf.DUMMYFUNCTION("""COMPUTED_VALUE"""),23.06) | AK33: =IFERROR(__xludf.DUMMYFUNCTION("""COMPUTED_VALUE"""),45910.6666666666) | AL33: =IFERROR(__xludf.DUMMYFUNCTION("""COMPUTED_VALUE"""),80.84) | AN33: =IFERROR(__xludf.DUMMYFUNCTION("""COMPUTED_VALUE"""),45910.6666666666) | AO33: =IFERROR(__xludf.DUMMYFUNCTION("""COMPUTED_VALUE"""),111.64) | AQ33: =IFERROR(__xludf.DUMMYFUNCTION("""COMPUTED_VALUE"""),45910.6666666666) | AR33: =IFERROR(__xludf.DUMMYFUNCTION("""COMPUTED_VALUE"""),92.38) | AT33: =IFERROR(__xludf.DUMMYFUNCTION("""COMPUTED_VALUE"""),45910.6666666666) | AU33: =IFERROR(__xludf.DUMMYFUNCTION("""COMPUTED_VALUE"""),51.54) | AW33: =IFERROR(__xludf.DUMMYFUNCTION("""COMPUTED_VALUE"""),45910.6666666666) | AX33: =IFERROR(__xludf.DUMMYFUNCTION("""COMPUTED_VALUE"""),100.44) | AZ33: =IFERROR(__xludf.DUMMYFUNCTION("""COMPUTED_VALUE"""),45910.6666666666) | BA33: =IFERROR(__xludf.DUMMYFUNCTION("""COMPUTED_VALUE"""),111.69) | BC33: =IFERROR(__xludf.DUMMYFUNCTION("""COMPUTED_VALUE"""),45910.6666666666) | BD33: =IFERROR(__xludf.DUMMYFUNCTION("""COMPUTED_VALUE"""),97.11) | BF33: =IFERROR(__xludf.DUMMYFUNCTION("""COMPUTED_VALUE"""),45910.6666666666) | BG33: =IFERROR(__xludf.DUMMYFUNCTION("""COMPUTED_VALUE"""),82.91) | BI33: =IFERROR(__xludf.DUMMYFUNCTION("""COMPUTED_VALUE"""),45910.6666666666) | BJ33: =IFERROR(__xludf.DUMMYFUNCTION("""COMPUTED_VALUE"""),89.74) | BL33: =IFERROR(__xludf.DUMMYFUNCTION("""COMPUTED_VALUE"""),45910.6666666666) | BM33: =IFERROR(__xludf.DUMMYFUNCTION("""COMPUTED_VALUE"""),335.26) | BO33: =IFERROR(__xludf.DUMMYFUNCTION("""COMPUTED_VALUE"""),45910.6666666666) | BP33: =IFERROR(__xludf.DUMMYFUNCTION("""COMPUTED_VALUE"""),91.56)
A34: =IFERROR(__xludf.DUMMYFUNCTION("""COMPUTED_VALUE"""),45911.6666666666) | B34: =IFERROR(__xludf.DUMMYFUNCTION("""COMPUTED_VALUE"""),657.63) | D34: =IFERROR(__xludf.DUMMYFUNCTION("""COMPUTED_VALUE"""),45911.6666666666) | E34: =IFERROR(__xludf.DUMMYFUNCTION("""COMPUTED_VALUE"""),93.24) | G34: =IFERROR(__xludf.DUMMYFUNCTION("""COMPUTED_VALUE"""),46097.6666666666) | H34: =IFERROR(__xludf.DUMMYFUNCTION("""COMPUTED_VALUE"""),65.19) | J34: =IFERROR(__xludf.DUMMYFUNCTION("""COMPUTED_VALUE"""),45911.6666666666) | K34: =IFERROR(__xludf.DUMMYFUNCTION("""COMPUTED_VALUE"""),81.32) | M34: =IFERROR(__xludf.DUMMYFUNCTION("""COMPUTED_VALUE"""),45911.6666666666) | N34: =IFERROR(__xludf.DUMMYFUNCTION("""COMPUTED_VALUE"""),240.8) | P34: =IFERROR(__xludf.DUMMYFUNCTION("""COMPUTED_VALUE"""),45911.6666666666) | Q34: =IFERROR(__xludf.DUMMYFUNCTION("""COMPUTED_VALUE"""),79.63) | S34: =IFERROR(__xludf.DUMMYFUNCTION("""COMPUTED_VALUE"""),45181.6666666666) | T34: =IFERROR(__xludf.DUMMYFUNCTION("""COMPUTED_VALUE"""),176.3) | V34: =IFERROR(__xludf.DUMMYFUNCTION("""COMPUTED_VALUE"""),45911.6666666666) | W34: =IFERROR(__xludf.DUMMYFUNCTION("""COMPUTED_VALUE"""),22.22) | Y34: =IFERROR(__xludf.DUMMYFUNCTION("""COMPUTED_VALUE"""),45911.6666666666) | Z34: =IFERROR(__xludf.DUMMYFUNCTION("""COMPUTED_VALUE"""),74.66) | AB34: =IFERROR(__xludf.DUMMYFUNCTION("""COMPUTED_VALUE"""),45911.6666666666) | AC34: =IFERROR(__xludf.DUMMYFUNCTION("""COMPUTED_VALUE"""),53.58) | AE34: =IFERROR(__xludf.DUMMYFUNCTION("""COMPUTED_VALUE"""),45911.6666666666) | AF34: =IFERROR(__xludf.DUMMYFUNCTION("""COMPUTED_VALUE"""),95.53) | AH34: =IFERROR(__xludf.DUMMYFUNCTION("""COMPUTED_VALUE"""),45911.6666666666) | AI34: =IFERROR(__xludf.DUMMYFUNCTION("""COMPUTED_VALUE"""),23.14) | AK34: =IFERROR(__xludf.DUMMYFUNCTION("""COMPUTED_VALUE"""),45911.6666666666) | AL34: =IFERROR(__xludf.DUMMYFUNCTION("""COMPUTED_VALUE"""),81.04) | AN34: =IFERROR(__xludf.DUMMYFUNCTION("""COMPUTED_VALUE"""),45911.6666666666) | AO34: =IFERROR(__xludf.DUMMYFUNCTION("""COMPUTED_VALUE"""),111.82) | AQ34: =IFERROR(__xludf.DUMMYFUNCTION("""COMPUTED_VALUE"""),45911.6666666666) | AR34: =IFERROR(__xludf.DUMMYFUNCTION("""COMPUTED_VALUE"""),93.36) | AT34: =IFERROR(__xludf.DUMMYFUNCTION("""COMPUTED_VALUE"""),45911.6666666666) | AU34: =IFERROR(__xludf.DUMMYFUNCTION("""COMPUTED_VALUE"""),52.29) | AW34: =IFERROR(__xludf.DUMMYFUNCTION("""COMPUTED_VALUE"""),45911.6666666666) | AX34: =IFERROR(__xludf.DUMMYFUNCTION("""COMPUTED_VALUE"""),100.63) | AZ34: =IFERROR(__xludf.DUMMYFUNCTION("""COMPUTED_VALUE"""),45911.6666666666) | BA34: =IFERROR(__xludf.DUMMYFUNCTION("""COMPUTED_VALUE"""),112.21) | BC34: =IFERROR(__xludf.DUMMYFUNCTION("""COMPUTED_VALUE"""),45911.6666666666) | BD34: =IFERROR(__xludf.DUMMYFUNCTION("""COMPUTED_VALUE"""),97.26) | BF34: =IFERROR(__xludf.DUMMYFUNCTION("""COMPUTED_VALUE"""),45911.6666666666) | BG34: =IFERROR(__xludf.DUMMYFUNCTION("""COMPUTED_VALUE"""),82.94) | BI34: =IFERROR(__xludf.DUMMYFUNCTION("""COMPUTED_VALUE"""),45911.6666666666) | BJ34: =IFERROR(__xludf.DUMMYFUNCTION("""COMPUTED_VALUE"""),90.34) | BL34: =IFERROR(__xludf.DUMMYFUNCTION("""COMPUTED_VALUE"""),45911.6666666666) | BM34: =IFERROR(__xludf.DUMMYFUNCTION("""COMPUTED_VALUE"""),334.76) | BO34: =IFERROR(__xludf.DUMMYFUNCTION("""COMPUTED_VALUE"""),45911.6666666666) | BP34: =IFERROR(__xludf.DUMMYFUNCTION("""COMPUTED_VALUE"""),91.57)
A35: =IFERROR(__xludf.DUMMYFUNCTION("""COMPUTED_VALUE"""),45912.6666666666) | B35: =IFERROR(__xludf.DUMMYFUNCTION("""COMPUTED_VALUE"""),657.41) | D35: =IFERROR(__xludf.DUMMYFUNCTION("""COMPUTED_VALUE"""),45912.6666666666) | E35: =IFERROR(__xludf.DUMMYFUNCTION("""COMPUTED_VALUE"""),92.81) | G35: =IFERROR(__xludf.DUMMYFUNCTION("""COMPUTED_VALUE"""),46098.6666666666) | H35: =IFERROR(__xludf.DUMMYFUNCTION("""COMPUTED_VALUE"""),65.41) | J35: =IFERROR(__xludf.DUMMYFUNCTION("""COMPUTED_VALUE"""),45912.6666666666) | K35: =IFERROR(__xludf.DUMMYFUNCTION("""COMPUTED_VALUE"""),80.76) | M35: =IFERROR(__xludf.DUMMYFUNCTION("""COMPUTED_VALUE"""),45912.6666666666) | N35: =IFERROR(__xludf.DUMMYFUNCTION("""COMPUTED_VALUE"""),238.34) | P35: =IFERROR(__xludf.DUMMYFUNCTION("""COMPUTED_VALUE"""),45912.6666666666) | Q35: =IFERROR(__xludf.DUMMYFUNCTION("""COMPUTED_VALUE"""),79.36) | S35: =IFERROR(__xludf.DUMMYFUNCTION("""COMPUTED_VALUE"""),45182.6666666666) | T35: =IFERROR(__xludf.DUMMYFUNCTION("""COMPUTED_VALUE"""),174.21) | V35: =IFERROR(__xludf.DUMMYFUNCTION("""COMPUTED_VALUE"""),45912.6666666666) | W35: =IFERROR(__xludf.DUMMYFUNCTION("""COMPUTED_VALUE"""),22.35) | Y35: =IFERROR(__xludf.DUMMYFUNCTION("""COMPUTED_VALUE"""),45912.6666666666) | Z35: =IFERROR(__xludf.DUMMYFUNCTION("""COMPUTED_VALUE"""),74.57) | AB35: =IFERROR(__xludf.DUMMYFUNCTION("""COMPUTED_VALUE"""),45912.6666666666) | AC35: =IFERROR(__xludf.DUMMYFUNCTION("""COMPUTED_VALUE"""),53.48) | AE35: =IFERROR(__xludf.DUMMYFUNCTION("""COMPUTED_VALUE"""),45912.6666666666) | AF35: =IFERROR(__xludf.DUMMYFUNCTION("""COMPUTED_VALUE"""),95.25) | AH35: =IFERROR(__xludf.DUMMYFUNCTION("""COMPUTED_VALUE"""),45912.6666666666) | AI35: =IFERROR(__xludf.DUMMYFUNCTION("""COMPUTED_VALUE"""),23.06) | AK35: =IFERROR(__xludf.DUMMYFUNCTION("""COMPUTED_VALUE"""),45912.6666666666) | AL35: =IFERROR(__xludf.DUMMYFUNCTION("""COMPUTED_VALUE"""),80.96) | AN35: =IFERROR(__xludf.DUMMYFUNCTION("""COMPUTED_VALUE"""),45912.6666666666) | AO35: =IFERROR(__xludf.DUMMYFUNCTION("""COMPUTED_VALUE"""),111.67) | AQ35: =IFERROR(__xludf.DUMMYFUNCTION("""COMPUTED_VALUE"""),45912.6666666666) | AR35: =IFERROR(__xludf.DUMMYFUNCTION("""COMPUTED_VALUE"""),92.99) | AT35: =IFERROR(__xludf.DUMMYFUNCTION("""COMPUTED_VALUE"""),45912.6666666666) | AU35: =IFERROR(__xludf.DUMMYFUNCTION("""COMPUTED_VALUE"""),52.26) | AW35: =IFERROR(__xludf.DUMMYFUNCTION("""COMPUTED_VALUE"""),45912.6666666666) | AX35: =IFERROR(__xludf.DUMMYFUNCTION("""COMPUTED_VALUE"""),100.54) | AZ35: =IFERROR(__xludf.DUMMYFUNCTION("""COMPUTED_VALUE"""),45912.6666666666) | BA35: =IFERROR(__xludf.DUMMYFUNCTION("""COMPUTED_VALUE"""),112.01) | BC35: =IFERROR(__xludf.DUMMYFUNCTION("""COMPUTED_VALUE"""),45912.6666666666) | BD35: =IFERROR(__xludf.DUMMYFUNCTION("""COMPUTED_VALUE"""),96.98) | BF35: =IFERROR(__xludf.DUMMYFUNCTION("""COMPUTED_VALUE"""),45912.6666666666) | BG35: =IFERROR(__xludf.DUMMYFUNCTION("""COMPUTED_VALUE"""),82.93) | BI35: =IFERROR(__xludf.DUMMYFUNCTION("""COMPUTED_VALUE"""),45912.6666666666) | BJ35: =IFERROR(__xludf.DUMMYFUNCTION("""COMPUTED_VALUE"""),89.95) | BL35: =IFERROR(__xludf.DUMMYFUNCTION("""COMPUTED_VALUE"""),45912.6666666666) | BM35: =IFERROR(__xludf.DUMMYFUNCTION("""COMPUTED_VALUE"""),335.42) | BO35: =IFERROR(__xludf.DUMMYFUNCTION("""COMPUTED_VALUE"""),45912.6666666666) | BP35: =IFERROR(__xludf.DUMMYFUNCTION("""COMPUTED_VALUE"""),91.6)
A36: =IFERROR(__xludf.DUMMYFUNCTION("""COMPUTED_VALUE"""),45915.6666666666) | B36: =IFERROR(__xludf.DUMMYFUNCTION("""COMPUTED_VALUE"""),660.91) | D36: =IFERROR(__xludf.DUMMYFUNCTION("""COMPUTED_VALUE"""),45915.6666666666) | E36: =IFERROR(__xludf.DUMMYFUNCTION("""COMPUTED_VALUE"""),92.66) | G36: =IFERROR(__xludf.DUMMYFUNCTION("""COMPUTED_VALUE"""),46099.6666666666) | H36: =IFERROR(__xludf.DUMMYFUNCTION("""COMPUTED_VALUE"""),64.28) | J36: =IFERROR(__xludf.DUMMYFUNCTION("""COMPUTED_VALUE"""),45915.6666666666) | K36: =IFERROR(__xludf.DUMMYFUNCTION("""COMPUTED_VALUE"""),81.35) | M36: =IFERROR(__xludf.DUMMYFUNCTION("""COMPUTED_VALUE"""),45915.6666666666) | N36: =IFERROR(__xludf.DUMMYFUNCTION("""COMPUTED_VALUE"""),239.35) | P36: =IFERROR(__xludf.DUMMYFUNCTION("""COMPUTED_VALUE"""),45915.6666666666) | Q36: =IFERROR(__xludf.DUMMYFUNCTION("""COMPUTED_VALUE"""),79.95) | S36: =IFERROR(__xludf.DUMMYFUNCTION("""COMPUTED_VALUE"""),45183.6666666666) | T36: =IFERROR(__xludf.DUMMYFUNCTION("""COMPUTED_VALUE"""),175.74) | V36: =IFERROR(__xludf.DUMMYFUNCTION("""COMPUTED_VALUE"""),45915.6666666666) | W36: =IFERROR(__xludf.DUMMYFUNCTION("""COMPUTED_VALUE"""),22.55) | Y36: =IFERROR(__xludf.DUMMYFUNCTION("""COMPUTED_VALUE"""),45915.6666666666) | Z36: =IFERROR(__xludf.DUMMYFUNCTION("""COMPUTED_VALUE"""),74.71) | AB36: =IFERROR(__xludf.DUMMYFUNCTION("""COMPUTED_VALUE"""),45915.6666666666) | AC36: =IFERROR(__xludf.DUMMYFUNCTION("""COMPUTED_VALUE"""),53.84) | AE36: =IFERROR(__xludf.DUMMYFUNCTION("""COMPUTED_VALUE"""),45915.6666666666) | AF36: =IFERROR(__xludf.DUMMYFUNCTION("""COMPUTED_VALUE"""),95.59) | AH36: =IFERROR(__xludf.DUMMYFUNCTION("""COMPUTED_VALUE"""),45915.6666666666) | AI36: =IFERROR(__xludf.DUMMYFUNCTION("""COMPUTED_VALUE"""),23.16) | AK36: =IFERROR(__xludf.DUMMYFUNCTION("""COMPUTED_VALUE"""),45915.6666666666) | AL36: =IFERROR(__xludf.DUMMYFUNCTION("""COMPUTED_VALUE"""),81.19) | AN36: =IFERROR(__xludf.DUMMYFUNCTION("""COMPUTED_VALUE"""),45915.6666666666) | AO36: =IFERROR(__xludf.DUMMYFUNCTION("""COMPUTED_VALUE"""),111.78) | AQ36: =IFERROR(__xludf.DUMMYFUNCTION("""COMPUTED_VALUE"""),45915.6666666666) | AR36: =IFERROR(__xludf.DUMMYFUNCTION("""COMPUTED_VALUE"""),93.61) | AT36: =IFERROR(__xludf.DUMMYFUNCTION("""COMPUTED_VALUE"""),45915.6666666666) | AU36: =IFERROR(__xludf.DUMMYFUNCTION("""COMPUTED_VALUE"""),52.64) | AW36: =IFERROR(__xludf.DUMMYFUNCTION("""COMPUTED_VALUE"""),45915.6666666666) | AX36: =IFERROR(__xludf.DUMMYFUNCTION("""COMPUTED_VALUE"""),100.71) | AZ36: =IFERROR(__xludf.DUMMYFUNCTION("""COMPUTED_VALUE"""),45915.6666666666) | BA36: =IFERROR(__xludf.DUMMYFUNCTION("""COMPUTED_VALUE"""),112.36) | BC36: =IFERROR(__xludf.DUMMYFUNCTION("""COMPUTED_VALUE"""),45915.6666666666) | BD36: =IFERROR(__xludf.DUMMYFUNCTION("""COMPUTED_VALUE"""),97.14) | BF36: =IFERROR(__xludf.DUMMYFUNCTION("""COMPUTED_VALUE"""),45915.6666666666) | BG36: =IFERROR(__xludf.DUMMYFUNCTION("""COMPUTED_VALUE"""),82.96) | BI36: =IFERROR(__xludf.DUMMYFUNCTION("""COMPUTED_VALUE"""),45915.6666666666) | BJ36: =IFERROR(__xludf.DUMMYFUNCTION("""COMPUTED_VALUE"""),90.16) | BL36: =IFERROR(__xludf.DUMMYFUNCTION("""COMPUTED_VALUE"""),45915.6666666666) | BM36: =IFERROR(__xludf.DUMMYFUNCTION("""COMPUTED_VALUE"""),338.91) | BO36: =IFERROR(__xludf.DUMMYFUNCTION("""COMPUTED_VALUE"""),45915.6666666666) | BP36: =IFERROR(__xludf.DUMMYFUNCTION("""COMPUTED_VALUE"""),91.61)
A37: =IFERROR(__xludf.DUMMYFUNCTION("""COMPUTED_VALUE"""),45916.6666666666) | B37: =IFERROR(__xludf.DUMMYFUNCTION("""COMPUTED_VALUE"""),660) | D37: =IFERROR(__xludf.DUMMYFUNCTION("""COMPUTED_VALUE"""),45916.6666666666) | E37: =IFERROR(__xludf.DUMMYFUNCTION("""COMPUTED_VALUE"""),92.17) | G37: =IFERROR(__xludf.DUMMYFUNCTION("""COMPUTED_VALUE"""),46100.6666666666) | H37: =IFERROR(__xludf.DUMMYFUNCTION("""COMPUTED_VALUE"""),64.16) | J37: =IFERROR(__xludf.DUMMYFUNCTION("""COMPUTED_VALUE"""),45916.6666666666) | K37: =IFERROR(__xludf.DUMMYFUNCTION("""COMPUTED_VALUE"""),81.35) | M37: =IFERROR(__xludf.DUMMYFUNCTION("""COMPUTED_VALUE"""),45916.6666666666) | N37: =IFERROR(__xludf.DUMMYFUNCTION("""COMPUTED_VALUE"""),238.28) | P37: =IFERROR(__xludf.DUMMYFUNCTION("""COMPUTED_VALUE"""),45916.6666666666) | Q37: =IFERROR(__xludf.DUMMYFUNCTION("""COMPUTED_VALUE"""),79.7) | S37: =IFERROR(__xludf.DUMMYFUNCTION("""COMPUTED_VALUE"""),45184.6666666666) | T37: =IFERROR(__xludf.DUMMYFUNCTION("""COMPUTED_VALUE"""),175.01) | V37: =IFERROR(__xludf.DUMMYFUNCTION("""COMPUTED_VALUE"""),45916.6666666666) | W37: =IFERROR(__xludf.DUMMYFUNCTION("""COMPUTED_VALUE"""),22.78) | Y37: =IFERROR(__xludf.DUMMYFUNCTION("""COMPUTED_VALUE"""),45916.6666666666) | Z37: =IFERROR(__xludf.DUMMYFUNCTION("""COMPUTED_VALUE"""),74.72) | AB37: =IFERROR(__xludf.DUMMYFUNCTION("""COMPUTED_VALUE"""),45916.6666666666) | AC37: =IFERROR(__xludf.DUMMYFUNCTION("""COMPUTED_VALUE"""),54.18) | AE37: =IFERROR(__xludf.DUMMYFUNCTION("""COMPUTED_VALUE"""),45916.6666666666) | AF37: =IFERROR(__xludf.DUMMYFUNCTION("""COMPUTED_VALUE"""),95.53) | AH37: =IFERROR(__xludf.DUMMYFUNCTION("""COMPUTED_VALUE"""),45916.6666666666) | AI37: =IFERROR(__xludf.DUMMYFUNCTION("""COMPUTED_VALUE"""),23.27) | AK37: =IFERROR(__xludf.DUMMYFUNCTION("""COMPUTED_VALUE"""),45916.6666666666) | AL37: =IFERROR(__xludf.DUMMYFUNCTION("""COMPUTED_VALUE"""),81.13) | AN37: =IFERROR(__xludf.DUMMYFUNCTION("""COMPUTED_VALUE"""),45916.6666666666) | AO37: =IFERROR(__xludf.DUMMYFUNCTION("""COMPUTED_VALUE"""),111.88) | AQ37: =IFERROR(__xludf.DUMMYFUNCTION("""COMPUTED_VALUE"""),45916.6666666666) | AR37: =IFERROR(__xludf.DUMMYFUNCTION("""COMPUTED_VALUE"""),93.35) | AT37: =IFERROR(__xludf.DUMMYFUNCTION("""COMPUTED_VALUE"""),45916.6666666666) | AU37: =IFERROR(__xludf.DUMMYFUNCTION("""COMPUTED_VALUE"""),53.03) | AW37: =IFERROR(__xludf.DUMMYFUNCTION("""COMPUTED_VALUE"""),45916.6666666666) | AX37: =IFERROR(__xludf.DUMMYFUNCTION("""COMPUTED_VALUE"""),100.75) | AZ37: =IFERROR(__xludf.DUMMYFUNCTION("""COMPUTED_VALUE"""),45916.6666666666) | BA37: =IFERROR(__xludf.DUMMYFUNCTION("""COMPUTED_VALUE"""),112.26) | BC37: =IFERROR(__xludf.DUMMYFUNCTION("""COMPUTED_VALUE"""),45916.6666666666) | BD37: =IFERROR(__xludf.DUMMYFUNCTION("""COMPUTED_VALUE"""),97.2) | BF37: =IFERROR(__xludf.DUMMYFUNCTION("""COMPUTED_VALUE"""),45916.6666666666) | BG37: =IFERROR(__xludf.DUMMYFUNCTION("""COMPUTED_VALUE"""),83) | BI37: =IFERROR(__xludf.DUMMYFUNCTION("""COMPUTED_VALUE"""),45916.6666666666) | BJ37: =IFERROR(__xludf.DUMMYFUNCTION("""COMPUTED_VALUE"""),90.35) | BL37: =IFERROR(__xludf.DUMMYFUNCTION("""COMPUTED_VALUE"""),45916.6666666666) | BM37: =IFERROR(__xludf.DUMMYFUNCTION("""COMPUTED_VALUE"""),339.59) | BO37: =IFERROR(__xludf.DUMMYFUNCTION("""COMPUTED_VALUE"""),45916.6666666666) | BP37: =IFERROR(__xludf.DUMMYFUNCTION("""COMPUTED_VALUE"""),91.62)
