Workbook

Sheet 뱅샐현황
B3: 1.고객정보
B4: 사용자의 기본 정보에 해당하는 항목입니다.
B5: 이름 | C5: 성별 | D5: 연령 (만 나이) | E5: 신용점수 (KCB) | F5: 이메일
B6: 김용 | C6: 남 | D6: 46 | E6: 1000 | F6: -
B9: 2.현금흐름현황
B10: 최근 1년 동안의 현금흐름을 분석합니다.
B11: 항목 | C11: 총계 | D11: 월평균 | E11: 2025-07 | F11: 2025-08 | G11: 2025-09 | H11: 2025-10 | I11: 2025-11 | J11: 2025-12 | K11: 2026-01 | L11: 2026-02 | M11: 2026-03 | N11: 2026-04 | O11: 2026-05 | P11: 2026-06 | Q11: 2026-07
B12: 금융수입 | C12: =SUM(E12:Q12) | D12: =C12/13 | E12: 0 | F12: 0 | G12: 80000 | H12: 1 | I12: 0 | J12: 20000 | K12: 0 | L12: 0 | M12: 4 | N12: 0 | O12: 1 | P12: 0 | Q12: 0
B13: 급여 | C13: =SUM(E13:Q13) | D13: =C13/13 | E13: 0 | F13: 5107809 | G13: 5863980 | H13: 10584640 | I13: 5897358 | J13: 9609713 | K13: 5869380 | L13: 12652275 | M13: 6055700 | N13: 6132550 | O13: 6052268 | P13: 6022650 | Q13: 6065877
B14: 기타수입 | C14: =SUM(E14:Q14) | D14: =C14/13 | E14: 0 | F14: 0 | G14: 0 | H14: 0 | I14: 0 | J14: 0 | K14: 0 | L14: 0 | M14: 0 | N14: 0 | O14: 0 | P14: 10430 | Q14: 0
B15: 사업수입 | C15: =SUM(E15:Q15) | D15: =C15/13 | E15: 0 | F15: 0 | G15: 0 | H15: 0 | I15: 0 | J15: 0 | K15: 0 | L15: 0 | M15: 0 | N15: 1064432 | O15: 0 | P15: 0 | Q15: 0
B16: 상여금 | C16: =SUM(E16:Q16) | D16: =C16/13 | E16: 0 | F16: 0 | G16: 0 | H16: 0 | I16: 0 | J16: 0 | K16: 0 | L16: 0 | M16: 0 | N16: 0 | O16: 0 | P16: 2378785 | Q16: 0
B17: 미분류 | C17: =SUM(E17:Q17) | D17: =C17/13 | E17: 0 | F17: 0 | G17: 0 | H17: 0 | I17: 0 | J17: 0 | K17: 0 | L17: 0 | M17: 0 | N17: 0 | O17: 0 | P17: 0 | Q17: 2279856
B18: 월수입 총계 | C18: =SUM(E18:Q18) | D18: =C18/13 | E18: =SUM(E12:E17) | F18: =SUM(F12:F17) | G18: =SUM(G12:G17) | H18: =SUM(H12:H17) | I18: =SUM(I12:I17) | J18: =SUM(J12:J17) | K18: =SUM(K12:K17) | L18: =SUM(L12:L17) | ... Q18: =SUM(Q12:Q17)
A19: 필수 | B19: 경조/선물 | C19: =SUM(E19:Q19) | D19: =C19/13 | E19: 700000 | F19: 730000 | G19: 700000 | H19: 930000 | I19: 750000 | J19: 750000 | K19: 750000 | L19: 760336 | M19: 721000 | N19: 750000 | O19: 750000 | P19: 750000 | Q19: 50000
A20: 선택 | B20: 교육/학습 | C20: =SUM(E20:Q20) | D20: =C20/13 | E20: 0 | F20: 0 | G20: 10200 | H20: 0 | I20: 0 | J20: 12000 | K20: 85700 | L20: 92190 | M20: 0 | N20: 6000 | O20: 0 | P20: 0 | Q20: 0
A21: 필수 | B21: 교통 | C21: =SUM(E21:Q21) | D21: =C21/13 | E21: 0 | F21: 2900 | G21: 30000 | H21: 30000 | I21: 60750 | J21: 50000 | K21: 63200 | L21: 75300 | M21: 60000 | N21: 53200 | O21: 60000 | P21: 63400 | Q21: 71500
A22: 필수 | B22: 금융 | C22: =SUM(E22:Q22) | D22: =C22/13 | E22: 60380 | F22: 1313802 | G22: 121577701 | H22: 1659562 | I22: 1384699 | J22: 1498194 | K22: 2075322 | L22: 1863655 | M22: 2015670 | N22: 1818208 | O22: 2053519 | P22: 2005859 | Q22: 1995597
A23: 선택 | B23: 문화/여가 | C23: =SUM(E23:Q23) | D23: =C23/13 | E23: 0 | F23: 21900 | G23: 9270 | H23: 0 | I23: 7000 | J23: 18000 | K23: 71490 | L23: 34900 | M23: 54490 | N23: 37900 | O23: 4000 | P23: 48700 | Q23: 11000
A24: 선택 | B24: 반려동물 | C24: =SUM(E24:Q24) | D24: =C24/13 | E24: 0 | F24: 0 | G24: 0 | H24: 0 | I24: 0 | J24: 0 | K24: 0 | L24: 0 | M24: 0 | N24: 0 | O24: 0 | P24: 32500 | Q24: 0
A25: 선택 | B25: 뷰티/미용 | C25: =SUM(E25:Q25) | D25: =C25/13 | E25: 0 | F25: 52400 | G25: 81670 | H25: 41200 | I25: 102433 | J25: 83333 | K25: 150833 | L25: 83333 | M25: 101933 | N25: 83333 | O25: 43610 | P25: 37660 | Q25: 88170
A26: 선택 | B26: 생활 | C26: =SUM(E26:Q26) | D26: =C26/13 | E26: 0 | F26: 517390 | G26: 562764 | H26: 384580 | I26: 657570 | J26: 562880 | K26: 406777 | L26: 664860 | M26: 238890 | N26: 248160 | O26: 611080 | P26: 180400 | Q26: 231160
A27: 선택 | B27: 술/유흥 | C27: =SUM(E27:Q27) | D27: =C27/13 | E27: 0 | F27: 0 | G27: 0 | H27: 0 | I27: 28500 | J27: 0 | K27: 0 | L27: 0 | M27: 0 | N27: 121400 | O27: 0 | P27: 0 | Q27: 0
A28: 선택 | B28: 식비 | C28: =SUM(E28:Q28) | D28: =C28/13 | E28: 198963 | F28: 1064704 | G28: 534182 | H28: 619454 | I28: 814865 | J28: 586715 | K28: 951826 | L28: 1051308 | M28: 1223049 | N28: 824610 | O28: 1109662 | P28: 717950 | Q28: 1162035
A29: 선택 | B29: 여행/숙박 | C29: =SUM(E29:Q29) | D29: =C29/13 | E29: 0 | F29: 0 | G29: 0 | H29: 42000 | I29: 0 | J29: 0 | K29: 28500 | L29: 126254 | M29: 3000 | N29: 61400 | O29: 10000 | P29: 220900 | Q29: 0
A30: 선택 | B30: 온라인쇼핑 | C30: =SUM(E30:Q30) | D30: =C30/13 | E30: 95160 | F30: 796617 | G30: 5908354 | H30: 478950 | I30: 1478034 | J30: 251792 | K30: 894758 | L30: 253822 | M30: 505824 | N30: 365333 | O30: 286309 | P30: 688755 | Q30: 188672
... A37: 선택 | B37: 미분류 | C37: =SUM(E37:Q37) | D37: =C37/13 | E37: 0 | F37: 0 | G37: 0 | H37: 0 | I37: 0 | J37: 0 | K37: 0 | L37: 0 | M37: 0 | N37: 0 | O37: 0 | P37: 0 | Q37: 0
B38: 월지출 총계 | C38: =SUM(E38:Q38) | D38: =C38/13 | E38: =SUM(E19:E37) | F38: =SUM(F19:F37) | G38: =SUM(G19:G37) | H38: =SUM(H19:H37) | I38: =SUM(I19:I37) | J38: =SUM(J19:J37) | K38: =SUM(K19:K37) | L38: =SUM(L19:L37) | ... Q38: =SUM(Q19:Q37)
B39: 순수입 총계 | C39: =SUM(E39:Q39) | D39: =C39/13 | E39: =E18-E38 | F39: =F18-F38 | G39: =G18-G38 | H39: =H18-H38 | I39: =I18-I38 | J39: =J18-J38 | K39: =K18-K38 | L39: =L18-L38 | ... Q39: =Q18-Q38
B42: 3.재무현황
B43: 데이터를 내보낸 시점의 자산과 부채 상태를 분석합니다.
B44: 자산 | F44: 부채
B45: 항목 | C45: 상품명 | E45: 금액 | F45: 항목 | G45: 상품명 | I45: 금액
B46: 자유입출금 자산 | C46: AMA+급여 MMDA | E46: 0 | F46: 장기대출 | G46: 하나은행 마이너스 통장 | I46: 121685737
C47: AMA+급여 저축예금 | E47: 0 | G47: 가계일반자금대출(분할상환)-하나 아파트론(혼합금리형) | I47: 207103001
C48: MY 입출금통장 | E48: 1 | G48: 하나은행 마이너스 통장 | I48: 1726305
C49: NH주거래우대통장(비대면실명확인) | E49: 0 | G49: 2020년 2학기 일반상환학자금_등록금 | I49: 5448520
C50: 넘버엔 통장 | E50: -121685737 | G50: 2021년 2학기 일반상환학자금_등록금 | I50: 5441312
C51: 달달 하나 통장 | E51: -1726305 | G51: 2020년 1학기 일반상환학자금_등록금 | I51: 5198750
C52: 샐러리맨리치예금(스페셜플러스예금) | E52: 86 | G52: 2021년 1학기 일반상환학자금_등록금 | I52: 5129730
C53: 입출금통장 | E53: 0
C54: 저축예금 | E54: 558
C55: 저축예금 | E55: 270000
C56: 저축예금(iM스마트통장) | E56: 0
B57: 신탁 자산
B58: 현금 자산 | C58: 현금 | E58: 0
B59: 저축성 자산
B60: 전자금융 자산 | C60: 네이버페이 머니 - here**** | E60: 8920
C61: 카카오페이 머니 - 010*****399 | E61: 0
C62: 토스머니 | E62: 135
B63: 투자성 자산 | C63: 키움똑똑한4차산업혁명ETF분할매수증권투자신탁[혼합-재간접형] Ce | E63: 1277
C64: 퀄컴 | E64: 237088.13
C65: 케이뱅크 | E65: 5600
C66: TIGER 200 | E66: 656005
C67: ACE AI반도체TOP3+ | E67: 463900
C68: TIGER 소프트웨어 | E68: 82650
C69: 비트마인 이머전 테크놀로지스 | E69: 17211902
C70: 비트마인 이머전 테크놀로지스 | E70: 10690305
C71: 스트래티지 | E71: 8398229.8
C72: 이더리움 2배 ETF | E72: 6118643
C73: 메타 플랫폼스(페이스북) | E73: 3455070.4
C74: SK하이닉스 | E74: 2954000
C75: 삼성전자 | E75: 1326000
... C97: 통합증거금 | E97: 12
B98: 부동산 | C98: 김포집 | E98: 770000000
B99: 동산 | C99: BMW 3시리즈(6세대) | E99: 10350000
B100: 기타 실물 자산
B101: 보험 자산 | C101: 무배당퍼펙트스타종합보험(Hi1204)기본플랜 | E101: 0
C102: 캐롯자동차보험 개인용 | E102: 0
B103: 연금 자산 | C103: (주)엘지에너지솔루션_DC | E103: 33759638
B104: 총자산 | E104: =SUM(E46:E103) | F104: 총부채 | I104: =SUM(I46:I103)
B105: 순자산
B106: =E104-I104
B109: 4.보험현황
B110: 사용자가 보유한 보험상품 현황을 분석합니다.
B111: 금융사 | C111: 보험명 | E111: 계약상태 | F111: 총납입금 | G111: 계약일자 | H111: 만기일자
B112: 현대해상 | C112: 무배당퍼펙트스타종합보험(Hi1204)기본플랜 | E112: 정상 | F112: 476490000 | G112: 41284 | H112: 65755
B113: 한화손보(구 캐롯손보) | C113: 캐롯자동차보험 개인용 | E113: 정상 | F113: 851390 | G113: 45985 | H113: 46350
B114: 총계 | C114: 보유계약건수 | E114: 정상 2건 | F114: 총 납입금
C115: 총 2건 | E115: 만기/휴면 0건 | F115: =SUM(F112:F113)
B117: 5.투자현황
B118: 사용자가 보유한 투자상품 현황을 분석합니다.
B119: 투자상품종류 | C119: 금융사 | D119: 상품명 | F119: 투자원금 | G119: 평가금액 | H119: 수익률 | I119: 가입일자 | J119: 만기일자
B120: 펀드 | C120: 카카오페이 증권 | D120: 키움똑똑한4차산업혁명ETF분할매수증권투자신탁[혼합-재간접형] Ce | F120: 1058 | G120: 1277 | H120: 20.699433
B121: 주식 | C121: NH투자증권 | D121: 퀄컴 | F121: 294708 | G121: 237088.13 | H121: -19.551513
B122: 주식 | C122: NH투자증권 | D122: 케이뱅크 | F122: 5000 | G122: 5600 | H122: 12
B123: 주식 | C123: NH투자증권 | D123: TIGER 200 | F123: 957499 | G123: 656005 | H123: -31.487657
B124: 주식 | C124: NH투자증권 | D124: ACE AI반도체TOP3+ | F124: 489315 | G124: 463900 | H124: -5.1939957
B125: 주식 | C125: NH투자증권 | D125: TIGER 소프트웨어 | F125: 104335 | G125: 82650 | H125: -20.784013
B126: 주식 | C126: 키움증권 | D126: 비트마인 이머전 테크놀로지스 | F126: 48476436 | G126: 17211902 | H126: -64.494291
B127: 주식 | C127: 키움증권 | D127: 비트마인 이머전 테크놀로지스 | F127: 30287574 | G127: 10690305 | H127: -64.703991
B128: 주식 | C128: 키움증권 | D128: 스트래티지 | F128: 29400354 | G128: 8398229.8 | H128: -71.434937
B129: 주식 | C129: 키움증권 | D129: 이더리움 2배 ETF | F129: 55466138 | G129: 6118643 | H129: -88.968688
B130: 주식 | C130: 키움증권 | D130: 메타 플랫폼스(페이스북) | F130: 3966900 | G130: 3455070.4 | H130: -12.902509
B131: 주식 | C131: 키움증권 | D131: SK하이닉스 | F131: 3458000 | G131: 2954000 | H131: -14.574899
... B134: 주식 | C134: 키움증권 | D134: 팔란티어 테크 | F134: 579 | G134: 431.54464 | H134: -25.467246
B135: 총계 | D135: 보유상품개수 | F135: 총 투자 원금 | G135: 총 평가 금액 | H135: 총 수익률
D136: 총 15개 | F136: =SUM(F120:F134) | G136: =SUM(G120:G134) | H136: =(SUM(G120:G134) - SUM(F120:F134)) * 100 / IF(SUM(F120:F134), SUM(F120:F134), 1)
B138: 6.대출현황
B139: 사용자가 보유한 대출상품 현황을 분석합니다.
...

Sheet 대시보드
B1: 전체 투자금 | C1: 16666666 | G1: 채권 | H1: =C3/3
B2: 한국 개별주 퀀트 | C2: =C1*60% | G2: 변형 듀얼모멘텀 | H2: =C3/3
B3: 동적자산배분 | C3: =C1*40% | G3: BAA | H3: =C3/3
B5: ㅣBAA | H5: ㅣ변형 듀얼모멘텀 | O5: ㅣ채권 동적자산배분
B6: Q. 카나리아 자산 중 "0"이하인 모멘텀 스코어가 있나요? | H6: Step1. 공격자산 수익률이 모두 "0"이상인 경우, 수익률이 높은 자산에 100%투자합니다
B7: ㅣBAA중도형_카나리아 자산
C8: =BD!Z28 | H8: ㅣ변형 듀얼모멘텀_공격자산
B9: SPY | C9: =BD!Z29 | H9: =BD!A36 | I9: =BD!B36
B10: EFA | C10: =BD!Z30 | H10: =BD!A37 | I10: =BD!B37
B11: EEM | C11: =BD!Z31 | H11: =BD!A38 | I11: =BD!B38
B12: AGG | C12: =BD!Z32
H13: Step2. SPY의 수익률이 "0"이하인 경우, 안전자산 중 수익률 높은 채권 3개를 매수합니다 But, 수익률이 "0" 이하인 자산은 현금보유
B14: A-1. 네, "0" 이하가 있어요
B15: 공격자산 투자중단! ↓아래있는 안전자산의 최근수익률이 높은 3개 자산에 투자합니다 But,(현재가격<12개월 이동평균)이면 현금으로 보유
H16: 종목당 투자금액 | I16: =H2/3
B17: 종목당 투자액 | C17: =H3/3 | H17: ㅣ변형 듀얼모멘텀_안전자산
B18: ㅣBAA 안전자산 | H18: =BD!A41 | I18: =BD!T41 | N18: 216 9002
C19: 현재/12개월이평 | D19: =BD!B18 | E19: =BD!P18 | H19: =BD!A42 | I19: =BD!T42
B20: =BD!A19 | C20: =BD!Q19 | D20: =BD!B19 | E20: =BD!P19 | H20: =BD!A43 | I20: =BD!T43
B21: =BD!A20 | C21: =BD!Q20 | D21: =BD!B20 | E21: =BD!P20 | H21: =BD!A44 | I21: =BD!T44
B22: =BD!A21 | C22: =BD!Q21 | D22: =BD!B21 | E22: =BD!P21 | H22: =BD!A45 | I22: =BD!T45
B23: =BD!A22 | C23: =BD!Q22 | D23: =BD!B22 | E23: =BD!P22 | H23: =BD!A46 | I23: =BD!T46
B24: =BD!A23 | C24: =BD!Q23 | D24: =BD!B23 | E24: =BD!P23 | H24: =BD!A47 | I24: =BD!T47
B25: =BD!A24 | C25: =BD!Q24 | D25: =BD!B24 | E25: =BD!P24 | H25: =BD!A48 | I25: =BD!T48
B26: =BD!A25 | C26: =BD!Q25 | D26: =BD!B25 | E26: =BD!P25 | H26: =BD!A49 | I26: =BD!T49
B28: A-2. 모두 "0" 보다 커요(BAA중도형) | E28: A-2. 모두 "0" 보다 커요(BAA공격형)
B29: ↓아래있는 [BAA중도형_공격자산 12종목] 또는 [BAA공격형]중 모멘텀 스코어가 높은 6개 자산에 투자합니다 | E29: BAA 공격형 투자는 최근수익률이 높은 1개 자산에 몰빵! 합니다
B31: 종목당 투자액 | C31: =H3/6 | E31: 종목당 투자액 | F31: =H3
B32: ㅣBAA 중도형_공격자산 12종목 | E32: ㅣBAA공격형(수익↑, MDD↑)
C33: =BD!Z4 | D33: 현재/12개월이평 | F33: 모멘텀 스코어 | G33: 현재/12개월이평
B34: =BD!A5 | C34: =BD!Z5 | D34: =BD!Q5 | E34: =관심종목!D26 | F34: =BD!Z33 | G34: =BD!Q29
B35: =BD!A6 | C35: =BD!Z6 | D35: =BD!Q6 | E35: =관심종목!D23 | F35: =BD!Z30 | G35: =BD!Q30
B36: =BD!A7 | C36: =BD!Z7 | D36: =BD!Q7 | E36: =관심종목!D24 | F36: =BD!Z31 | G36: =BD!Q31
B37: =BD!A8 | C37: =BD!Z8 | D37: =BD!Q8 | E37: =관심종목!D25 | F37: =BD!Z32 | G37: =BD!Q32
B38: =BD!A9 | C38: =BD!Z9 | D38: =BD!Q9
B39: =BD!A10 | C39: =BD!Z10 | D39: =BD!Q10
B40: =BD!A11 | C40: =BD!Z11 | D40: =BD!Q11
B41: =BD!A12 | C41: =BD!Z12 | D41: =BD!Q12
B42: =BD!A13 | C42: =BD!Z13 | D42: =BD!Q13
B43: =BD!A14 | C43: =BD!Z14 | D43: =BD!Q14
B44: =BD!A15 | C44: =BD!Z15 | D44: =BD!Q15
B45: =BD!A16 | C45: =BD!Z16 | D45: =BD!Q16

Sheet 관심종목
D1: 안내 B열에 추적할 주식의 종목코드를 입력합니다. H열에 평가금액을 추적할 주식의 수량을 입력합니다. | L1: 제공: | P1: 차트 보기 안내
L2: Google Finance | P2: D열 Ticker를 클릭하면 해당 종목 차트 시트로 이동합니다.
P3: 각 차트 시트의 B1 링크로 관심종목으로 돌아올 수 있습니다.
F4: 관심종목
F5: 평가금액 | P5: 이벤트 관리로 이동
F6: =SUM(N9:N55)
A8: 전략 명 | B8: 투자비율 | C8: 포트폴리오 명 | D8: 종목코드 | E8: 거래소 (선택사항) | F8: 종목명 | H8: 현재가 | I8: 전일대비 | J8: 등락률(%) | K8: 주식수 | L8: 평가금액 | M8: 종목 합계 | O8: 모멘텀스코어 | P8: 1개월수익률 | Q8: 3개월수익률 | R8: 6개월수익률 | S8: 12개월수익률 | T8: 12개월 이동평균 | U8: 현재가격/ 12개월이동평균
E9: NASDAQ | F9: =IFERROR(__xludf.DUMMYFUNCTION("IF(ISBLANK(D9), ""-"", GOOGLEFINANCE(IF(ISBLANK(E9), D9, E9&"":""&D9), ""name""))"),"-") | H9: =IFERROR(__xludf.DUMMYFUNCTION("IF(ISBLANK(D9), 0, GOOGLEFINANCE(IF(ISBLANK(E9), D9, E9&"":""&D9), ""price""))"),0) | I9: =IFERROR(__xludf.DUMMYFUNCTION("IF(ISBLANK(D9), 0, GOOGLEFINANCE(IF(ISBLANK(E9), D9, E9&"":""&D9), ""change""))"),0) | J9: =IFERROR(__xludf.DUMMYFUNCTION("IF(ISBLANK(D9), 0, GOOGLEFINANCE(IF(ISBLANK(E9), D9, E9&"":""&D9), ""changepct"")/100)"),0) | K9: 0 | L9: =K9 * H9 | O9: =(P9*12)+(Q9*4)+(R9*2)+(S9*1)
C10: BAA 공격자산 | D10: SPY | F10: =IFERROR(__xludf.DUMMYFUNCTION("IF(ISBLANK(D10), ""-"", GOOGLEFINANCE(IF(ISBLANK(E10), D10, E10&"":""&D10), ""name""))"),"State Street SPDR S&P 500 ETF Trust") | H10: =IFERROR(__xludf.DUMMYFUNCTION("IF(ISBLANK(D10), 0, GOOGLEFINANCE(IF(ISBLANK(E10), D10, E10&"":""&D10), ""price""))"),729.46) | I10: =IFERROR(__xludf.DUMMYFUNCTION("IF(ISBLANK(D10), 0, GOOGLEFINANCE(IF(ISBLANK(E10), D10, E10&"":""&D10), ""change""))"),-11.4) | J10: =IFERROR(__xludf.DUMMYFUNCTION("IF(ISBLANK(D10), 0, GOOGLEFINANCE(IF(ISBLANK(E10), D10, E10&"":""&D10), ""changepct"")/100)"),-0.0154) | K10: 1 | L10: =K10 * H10 | O10: =(P10*12)+(Q10*4)+(R10*2)+(S10*1) | P10: =(SPY!F278-SPY!F256)/SPY!F256 | Q10: =(SPY!F278-SPY!F214)/SPY!F214 | R10: =(SPY!F278-SPY!F151)/SPY!F151 | S10: =(SPY!F278-SPY!F28)/SPY!F28
D11: QQQ | F11: =IFERROR(__xludf.DUMMYFUNCTION("IF(ISBLANK(D11), ""-"", GOOGLEFINANCE(IF(ISBLANK(E11), D11, E11&"":""&D11), ""name""))"),"Invesco QQQ Trust, Series 1") | H11: =IFERROR(__xludf.DUMMYFUNCTION("IF(ISBLANK(D11), 0, GOOGLEFINANCE(IF(ISBLANK(E11), D11, E11&"":""&D11), ""price""))"),661.73) | I11: =IFERROR(__xludf.DUMMYFUNCTION("IF(ISBLANK(D11), 0, GOOGLEFINANCE(IF(ISBLANK(E11), D11, E11&"":""&D11), ""change""))"),-13.76) | J11: =IFERROR(__xludf.DUMMYFUNCTION("IF(ISBLANK(D11), 0, GOOGLEFINANCE(IF(ISBLANK(E11), D11, E11&"":""&D11), ""changepct"")/100)"),-0.0204) | K11: 1 | L11: =K11 * H11 | O11: =(P11*12)+(Q11*4)+(R11*2)+(S11*1) | P11: =(TLT!$F$278-TLT!$F$256)/TLT!$F$256 | Q11: =(TLT!$F$278-TLT!$F$214)/TLT!$F$214 | R11: =(TLT!$F$278-TLT!$F$151)/TLT!$F$151 | S11: =(TLT!$F$278-TLT!$F$28)/TLT!$F$28
D12: IWM | F12: =IFERROR(__xludf.DUMMYFUNCTION("IF(ISBLANK(D12), ""-"", GOOGLEFINANCE(IF(ISBLANK(E12), D12, E12&"":""&D12), ""name""))"),"iShares Russell 2000 ETF") | H12: =IFERROR(__xludf.DUMMYFUNCTION("IF(ISBLANK(D12), 0, GOOGLEFINANCE(IF(ISBLANK(E12), D12, E12&"":""&D12), ""price""))"),288.57) | I12: =IFERROR(__xludf.DUMMYFUNCTION("IF(ISBLANK(D12), 0, GOOGLEFINANCE(IF(ISBLANK(E12), D12, E12&"":""&D12), ""change""))"),-4.8) | J12: =IFERROR(__xludf.DUMMYFUNCTION("IF(ISBLANK(D12), 0, GOOGLEFINANCE(IF(ISBLANK(E12), D12, E12&"":""&D12), ""changepct"")/100)"),-0.0163999999999999) | K12: 1 | L12: =K12 * H12 | O12: =(P12*12)+(Q12*4)+(R12*2)+(S12*1) | P12: =(GLD!F278-GLD!F256)/GLD!F256 | Q12: =(GLD!F278-GLD!F214)/GLD!F214 | R12: =(GLD!F278-GLD!F151)/GLD!F151 | S12: =(GLD!F278-GLD!F28)/GLD!F28
D13: VGK | F13: =IFERROR(__xludf.DUMMYFUNCTION("IF(ISBLANK(D13), ""-"", GOOGLEFINANCE(IF(ISBLANK(E13), D13, E13&"":""&D13), ""name""))"),"Vanguard European Stock Index Fund ETF") | H13: =IFERROR(__xludf.DUMMYFUNCTION("IF(ISBLANK(D13), 0, GOOGLEFINANCE(IF(ISBLANK(E13), D13, E13&"":""&D13), ""price""))"),88.86) | I13: =IFERROR(__xludf.DUMMYFUNCTION("IF(ISBLANK(D13), 0, GOOGLEFINANCE(IF(ISBLANK(E13), D13, E13&"":""&D13), ""change""))"),-0.37) | J13: =IFERROR(__xludf.DUMMYFUNCTION("IF(ISBLANK(D13), 0, GOOGLEFINANCE(IF(ISBLANK(E13), D13, E13&"":""&D13), ""changepct"")/100)"),-0.00409999999999999) | K13: 1 | L13: =K13 * H13 | O13: =(P13*12)+(Q13*4)+(R13*2)+(S13*1) | P13: =(BIL!$F$278-BIL!$F$256)/BIL!$F$256 | Q13: =(BIL!$F$278-BIL!$F$214)/BIL!$F$214 | R13: =(BIL!$F$278-BIL!$F$151)/BIL!$F$151 | S13: =(BIL!$F$278-BIL!$F$28)/BIL!$F$28
D14: EWJ | F14: =IFERROR(__xludf.DUMMYFUNCTION("IF(ISBLANK(D14), ""-"", GOOGLEFINANCE(IF(ISBLANK(E14), D14, E14&"":""&D14), ""name""))"),"iShares MSCI Japan ETF") | H14: =IFERROR(__xludf.DUMMYFUNCTION("IF(ISBLANK(D14), 0, GOOGLEFINANCE(IF(ISBLANK(E14), D14, E14&"":""&D14), ""price""))"),89.35) | I14: =IFERROR(__xludf.DUMMYFUNCTION("IF(ISBLANK(D14), 0, GOOGLEFINANCE(IF(ISBLANK(E14), D14, E14&"":""&D14), ""change""))"),-0.48) | J14: =IFERROR(__xludf.DUMMYFUNCTION("IF(ISBLANK(D14), 0, GOOGLEFINANCE(IF(ISBLANK(E14), D14, E14&"":""&D14), ""changepct"")/100)"),-0.0053) | K14: 1 | L14: =K14 * H14
D15: VWO | F15: =IFERROR(__xludf.DUMMYFUNCTION("IF(ISBLANK(D15), ""-"", GOOGLEFINANCE(IF(ISBLANK(E15), D15, E15&"":""&D15), ""name""))"),"Vanguard Emerging Markets Stock Index Fund ETF") | H15: =IFERROR(__xludf.DUMMYFUNCTION("IF(ISBLANK(D15), 0, GOOGLEFINANCE(IF(ISBLANK(E15), D15, E15&"":""&D15), ""price""))"),56.92) | I15: =IFERROR(__xludf.DUMMYFUNCTION("IF(ISBLANK(D15), 0, GOOGLEFINANCE(IF(ISBLANK(E15), D15, E15&"":""&D15), ""change""))"),-0.82) | J15: =IFERROR(__xludf.DUMMYFUNCTION("IF(ISBLANK(D15), 0, GOOGLEFINANCE(IF(ISBLANK(E15), D15, E15&"":""&D15), ""changepct"")/100)"),-0.0141999999999999) | K15: 1 | L15: =K15 * H15
D16: VEA | F16: =IFERROR(__xludf.DUMMYFUNCTION("IF(ISBLANK(D16), ""-"", GOOGLEFINANCE(IF(ISBLANK(E16), D16, E16&"":""&D16), ""name""))"),"Vanguard Tax Managed Fund FTSE Developed Markets ETF") | H16: =IFERROR(__xludf.DUMMYFUNCTION("IF(ISBLANK(D16), 0, GOOGLEFINANCE(IF(ISBLANK(E16), D16, E16&"":""&D16), ""price""))"),68.95) | I16: =IFERROR(__xludf.DUMMYFUNCTION("IF(ISBLANK(D16), 0, GOOGLEFINANCE(IF(ISBLANK(E16), D16, E16&"":""&D16), ""change""))"),-0.65) | J16: =IFERROR(__xludf.DUMMYFUNCTION("IF(ISBLANK(D16), 0, GOOGLEFINANCE(IF(ISBLANK(E16), D16, E16&"":""&D16), ""changepct"")/100)"),-0.0093) | K16: 1 | L16: =K16 * H16
D17: VNQ | F17: =IFERROR(__xludf.DUMMYFUNCTION("IF(ISBLANK(D17), ""-"", GOOGLEFINANCE(IF(ISBLANK(E17), D17, E17&"":""&D17), ""name""))"),"Vanguard Real Estate Index Fund ETF") | H17: =IFERROR(__xludf.DUMMYFUNCTION("IF(ISBLANK(D17), 0, GOOGLEFINANCE(IF(ISBLANK(E17), D17, E17&"":""&D17), ""price""))"),100.66) | I17: =IFERROR(__xludf.DUMMYFUNCTION("IF(ISBLANK(D17), 0, GOOGLEFINANCE(IF(ISBLANK(E17), D17, E17&"":""&D17), ""change""))"),-0.29) | J17: =IFERROR(__xludf.DUMMYFUNCTION("IF(ISBLANK(D17), 0, GOOGLEFINANCE(IF(ISBLANK(E17), D17, E17&"":""&D17), ""changepct"")/100)"),-0.0029) | K17: 1 | L17: =K17 * H17
D18: DBC | F18: =IFERROR(__xludf.DUMMYFUNCTION("IF(ISBLANK(D18), ""-"", GOOGLEFINANCE(IF(ISBLANK(E18), D18, E18&"":""&D18), ""name""))"),"Invesco DB Commodity Index Tracking Fund") | H18: =IFERROR(__xludf.DUMMYFUNCTION("IF(ISBLANK(D18), 0, GOOGLEFINANCE(IF(ISBLANK(E18), D18, E18&"":""&D18), ""price""))"),29.42) | I18: =IFERROR(__xludf.DUMMYFUNCTION("IF(ISBLANK(D18), 0, GOOGLEFINANCE(IF(ISBLANK(E18), D18, E18&"":""&D18), ""change""))"),0.82) | J18: =IFERROR(__xludf.DUMMYFUNCTION("IF(ISBLANK(D18), 0, GOOGLEFINANCE(IF(ISBLANK(E18), D18, E18&"":""&D18), ""changepct"")/100)"),0.0287) | K18: 1 | L18: =K18 * H18
D19: GLD | F19: =IFERROR(__xludf.DUMMYFUNCTION("IF(ISBLANK(D19), ""-"", GOOGLEFINANCE(IF(ISBLANK(E19), D19, E19&"":""&D19), ""name""))"),"SPDR Gold Trust") | H19: =IFERROR(__xludf.DUMMYFUNCTION("IF(ISBLANK(D19), 0, GOOGLEFINANCE(IF(ISBLANK(E19), D19, E19&"":""&D19), ""price""))"),371.08) | I19: =IFERROR(__xludf.DUMMYFUNCTION("IF(ISBLANK(D19), 0, GOOGLEFINANCE(IF(ISBLANK(E19), D19, E19&"":""&D19), ""change""))"),1.71) | J19: =IFERROR(__xludf.DUMMYFUNCTION("IF(ISBLANK(D19), 0, GOOGLEFINANCE(IF(ISBLANK(E19), D19, E19&"":""&D19), ""changepct"")/100)"),0.0046) | K19: 1 | L19: =K19 * H19
D20: LQD | F20: =IFERROR(__xludf.DUMMYFUNCTION("IF(ISBLANK(D20), ""-"", GOOGLEFINANCE(IF(ISBLANK(E20), D20, E20&"":""&D20), ""name""))"),"iShares iBoxx $ Inv Grade Corporate Bond ETF") | H20: =IFERROR(__xludf.DUMMYFUNCTION("IF(ISBLANK(D20), 0, GOOGLEFINANCE(IF(ISBLANK(E20), D20, E20&"":""&D20), ""price""))"),106.22) | I20: =IFERROR(__xludf.DUMMYFUNCTION("IF(ISBLANK(D20), 0, GOOGLEFINANCE(IF(ISBLANK(E20), D20, E20&"":""&D20), ""change""))"),-0.61) | J20: =IFERROR(__xludf.DUMMYFUNCTION("IF(ISBLANK(D20), 0, GOOGLEFINANCE(IF(ISBLANK(E20), D20, E20&"":""&D20), ""changepct"")/100)"),-0.00569999999999999) | K20: 1 | L20: =K20 * H20
D21: HYG | F21: =IFERROR(__xludf.DUMMYFUNCTION("IF(ISBLANK(D21), ""-"", GOOGLEFINANCE(IF(ISBLANK(E21), D21, E21&"":""&D21), ""name""))"),"iShares iBoxx $ High Yield Corporate Bond ETF") | H21: =IFERROR(__xludf.DUMMYFUNCTION("IF(ISBLANK(D21), 0, GOOGLEFINANCE(IF(ISBLANK(E21), D21, E21&"":""&D21), ""price""))"),79.24) | I21: =IFERROR(__xludf.DUMMYFUNCTION("IF(ISBLANK(D21), 0, GOOGLEFINANCE(IF(ISBLANK(E21), D21, E21&"":""&D21), ""change""))"),-0.18) | J21: =IFERROR(__xludf.DUMMYFUNCTION("IF(ISBLANK(D21), 0, GOOGLEFINANCE(IF(ISBLANK(E21), D21, E21&"":""&D21), ""changepct"")/100)"),-0.0023) | K21: 1 | L21: =K21 * H21
C22: BAA 카나리아 | D22: SPY | F22: =IFERROR(__xludf.DUMMYFUNCTION("IF(ISBLANK(D22), ""-"", GOOGLEFINANCE(IF(ISBLANK(E22), D22, E22&"":""&D22), ""name""))"),"State Street SPDR S&P 500 ETF Trust") | G22: 미국 주식 | H22: =IFERROR(__xludf.DUMMYFUNCTION("IF(ISBLANK(D22), 0, GOOGLEFINANCE(IF(ISBLANK(E22), D22, E22&"":""&D22), ""price""))"),729.46) | I22: =IFERROR(__xludf.DUMMYFUNCTION("IF(ISBLANK(D22), 0, GOOGLEFINANCE(IF(ISBLANK(E22), D22, E22&"":""&D22), ""change""))"),-11.4) | J22: =IFERROR(__xludf.DUMMYFUNCTION("IF(ISBLANK(D22), 0, GOOGLEFINANCE(IF(ISBLANK(E22), D22, E22&"":""&D22), ""changepct"")/100)"),-0.0154) | K22: 1 | L22: =K22 * H22 | O22: =(P22*12)+(Q22*4)+(R22*2)+(S22*1) | P22: =(SPY!$F$278-SPY!$F$256)/SPY!$F$256 | Q22: =(SPY!$F$278-SPY!$F$214)/SPY!$F$214 | R22: =(SPY!$F$278-SPY!$F$151)/SPY!$F$151 | S22: =(SPY!$F$278-SPY!$F$28)/SPY!$F$28 | V22: 모멘텀 스코어가 0이하인 ETF가 하나라도 있으면 공격자산 투자중단->안전자산으로 이동
D23: EFA | F23: =IFERROR(__xludf.DUMMYFUNCTION("IF(ISBLANK(D23), ""-"", GOOGLEFINANCE(IF(ISBLANK(E23), D23, E23&"":""&D23), ""name""))"),"iShares MSCI EAFE ETF") | G23: 선진국 주식 | H23: =IFERROR(__xludf.DUMMYFUNCTION("IF(ISBLANK(D23), 0, GOOGLEFINANCE(IF(ISBLANK(E23), D23, E23&"":""&D23), ""price""))"),103.37) | I23: =IFERROR(__xludf.DUMMYFUNCTION("IF(ISBLANK(D23), 0, GOOGLEFINANCE(IF(ISBLANK(E23), D23, E23&"":""&D23), ""change""))"),-0.52) | J23: =IFERROR(__xludf.DUMMYFUNCTION("IF(ISBLANK(D23), 0, GOOGLEFINANCE(IF(ISBLANK(E23), D23, E23&"":""&D23), ""changepct"")/100)"),-0.005) | K23: 1 | L23: =K23 * H23 | O23: =(P23*12)+(Q23*4)+(R23*2)+(S23*1) | P23: =(EFA!$F$278-EFA!$F$256)/EFA!$F$256 | Q23: =(EFA!$F$278-EFA!$F$214)/EFA!$F$214 | R23: =(EFA!$F$278-EFA!$F$151)/EFA!$F$151 | S23: =(EFA!$F$278-EFA!$F$28)/EFA!$F$28
D24: EEM | F24: =IFERROR(__xludf.DUMMYFUNCTION("IF(ISBLANK(D24), ""-"", GOOGLEFINANCE(IF(ISBLANK(E24), D24, E24&"":""&D24), ""name""))"),"iShares MSCI Emerging Markets ETF") | G24: 개발도상국 | H24: =IFERROR(__xludf.DUMMYFUNCTION("IF(ISBLANK(D24), 0, GOOGLEFINANCE(IF(ISBLANK(E24), D24, E24&"":""&D24), ""price""))"),61.07) | I24: =IFERROR(__xludf.DUMMYFUNCTION("IF(ISBLANK(D24), 0, GOOGLEFINANCE(IF(ISBLANK(E24), D24, E24&"":""&D24), ""change""))"),-1.29) | J24: =IFERROR(__xludf.DUMMYFUNCTION("IF(ISBLANK(D24), 0, GOOGLEFINANCE(IF(ISBLANK(E24), D24, E24&"":""&D24), ""changepct"")/100)"),-0.0207) | K24: 1 | L24: =K24 * H24 | O24: =(P24*12)+(Q24*4)+(R24*2)+(S24*1) | P24: =(EEM!F278-EEM!F256)/EEM!F256 | Q24: =(EEM!F278-EEM!F214)/EEM!F214 | R24: =(EEM!F278-EEM!F151)/EEM!F151 | S24: =(EEM!F278-EEM!F28)/EEM!F28
D25: AGG | F25: =IFERROR(__xludf.DUMMYFUNCTION("IF(ISBLANK(D25), ""-"", GOOGLEFINANCE(IF(ISBLANK(E25), D25, E25&"":""&D25), ""name""))"),"iShares Core US Aggregate Bond ETF") | G25: 혼합채권 | H25: =IFERROR(__xludf.DUMMYFUNCTION("IF(ISBLANK(D25), 0, GOOGLEFINANCE(IF(ISBLANK(E25), D25, E25&"":""&D25), ""price""))"),97.55) | I25: =IFERROR(__xludf.DUMMYFUNCTION("IF(ISBLANK(D25), 0, GOOGLEFINANCE(IF(ISBLANK(E25), D25, E25&"":""&D25), ""change""))"),-0.37) | J25: =IFERROR(__xludf.DUMMYFUNCTION("IF(ISBLANK(D25), 0, GOOGLEFINANCE(IF(ISBLANK(E25), D25, E25&"":""&D25), ""changepct"")/100)"),-0.0038) | K25: 1 | L25: =K25 * H25 | O25: =(P25*12)+(Q25*4)+(R25*2)+(S25*1) | P25: =(AGG!F278-AGG!F256)/AGG!F256 | Q25: =(AGG!F278-AGG!F214)/AGG!F214 | R25: =(AGG!F278-AGG!F151)/AGG!F151 | S25: =(AGG!F278-AGG!F28)/AGG!F28
D26: QQQ | F26: =IFERROR(__xludf.DUMMYFUNCTION("IF(ISBLANK(D26), ""-"", GOOGLEFINANCE(IF(ISBLANK(E26), D26, E26&"":""&D26), ""name""))"),"Invesco QQQ Trust, Series 1") | G26: 미국 주식 | H26: =IFERROR(__xludf.DUMMYFUNCTION("IF(ISBLANK(D26), 0, GOOGLEFINANCE(IF(ISBLANK(E26), D26, E26&"":""&D26), ""price""))"),661.73) | I26: =IFERROR(__xludf.DUMMYFUNCTION("IF(ISBLANK(D26), 0, GOOGLEFINANCE(IF(ISBLANK(E26), D26, E26&"":""&D26), ""change""))"),-13.76) | J26: =IFERROR(__xludf.DUMMYFUNCTION("IF(ISBLANK(D26), 0, GOOGLEFINANCE(IF(ISBLANK(E26), D26, E26&"":""&D26), ""changepct"")/100)"),-0.0204) | K26: 1 | L26: =K26 * H26
C27: BAA 안전자산 | D27: LQD | F27: =IFERROR(__xludf.DUMMYFUNCTION("IF(ISBLANK(D27), ""-"", GOOGLEFINANCE(IF(ISBLANK(E27), D27, E27&"":""&D27), ""name""))"),"iShares iBoxx $ Inv Grade Corporate Bond ETF") | G27: 미국회사채 | H27: =IFERROR(__xludf.DUMMYFUNCTION("IF(ISBLANK(D27), 0, GOOGLEFINANCE(IF(ISBLANK(E27), D27, E27&"":""&D27), ""price""))"),106.22) | I27: =IFERROR(__xludf.DUMMYFUNCTION("IF(ISBLANK(D27), 0, GOOGLEFINANCE(IF(ISBLANK(E27), D27, E27&"":""&D27), ""change""))"),-0.61) | J27: =IFERROR(__xludf.DUMMYFUNCTION("IF(ISBLANK(D27), 0, GOOGLEFINANCE(IF(ISBLANK(E27), D27, E27&"":""&D27), ""changepct"")/100)"),-0.00569999999999999) | K27: 1 | L27: =K27 * H27 | O27: =(P27*12)+(Q27*4)+(R27*2)+(S27*1) | P27: =(LQD!F278-LQD!F256)/LQD!F256 | Q27: =(LQD!F278-LQD!F214)/LQD!F214 | R27: =(LQD!F278-LQD!F151)/LQD!F151 | S27: =(LQD!F278-LQD!F28)/LQD!F28 | V27: 현재가격/12개월 이동평균이 높은 3개에 투자 But,현재가격이 이동평균보다 낮으면 현금으로 보유
D28: IEF | F28: =IFERROR(__xludf.DUMMYFUNCTION("IF(ISBLANK(D28), ""-"", GOOGLEFINANCE(IF(ISBLANK(E28), D28, E28&"":""&D28), ""name""))"),"iShares 7-10 Year Treasury Bond ETF") | G28: 미국중기국채 | H28: =IFERROR(__xludf.DUMMYFUNCTION("IF(ISBLANK(D28), 0, GOOGLEFINANCE(IF(ISBLANK(E28), D28, E28&"":""&D28), ""price""))"),93.17) | I28: =IFERROR(__xludf.DUMMYFUNCTION("IF(ISBLANK(D28), 0, GOOGLEFINANCE(IF(ISBLANK(E28), D28, E28&"":""&D28), ""change""))"),-0.39) | J28: =IFERROR(__xludf.DUMMYFUNCTION("IF(ISBLANK(D28), 0, GOOGLEFINANCE(IF(ISBLANK(E28), D28, E28&"":""&D28), ""changepct"")/100)"),-0.0042) | K28: 1 | L28: =K28 * H28 | O28: =(P28*12)+(Q28*4)+(R28*2)+(S28*1) | P28: =(IEF!F278-IEF!F256)/IEF!F256 | Q28: =(IEF!F278-IEF!F214)/IEF!F214 | R28: =(IEF!F278-IEF!F151)/IEF!F151 | S28: =(IEF!F278-IEF!F28)/IEF!F28
D29: BIL | F29: =IFERROR(__xludf.DUMMYFUNCTION("IF(ISBLANK(D29), ""-"", GOOGLEFINANCE(IF(ISBLANK(E29), D29, E29&"":""&D29), ""name""))"),"State Street SPDR Bloomberg 1-3 Month T-Bill ETF") | G29: 미국초단기채권 | H29: =IFERROR(__xludf.DUMMYFUNCTION("IF(ISBLANK(D29), 0, GOOGLEFINANCE(IF(ISBLANK(E29), D29, E29&"":""&D29), ""price""))"),91.64) | I29: =IFERROR(__xludf.DUMMYFUNCTION("IF(ISBLANK(D29), 0, GOOGLEFINANCE(IF(ISBLANK(E29), D29, E29&"":""&D29), ""change""))"),0.01) | J29: =IFERROR(__xludf.DUMMYFUNCTION("IF(ISBLANK(D29), 0, GOOGLEFINANCE(IF(ISBLANK(E29), D29, E29&"":""&D29), ""changepct"")/100)"),0.0001) | K29: 1 | L29: =K29 * H29 | O29: =(P29*12)+(Q29*4)+(R29*2)+(S29*1) | P29: =(BIL!$F$278-BIL!$F$256)/BIL!$F$256 | Q29: =(BIL!$F$278-BIL!$F$214)/BIL!$F$214 | R29: =(BIL!$F$278-BIL!$F$151)/BIL!$F$151 | S29: =(BIL!$F$278-BIL!$F$28)/BIL!$F$28
D30: TLT | F30: =IFERROR(__xludf.DUMMYFUNCTION("IF(ISBLANK(D30), ""-"", GOOGLEFINANCE(IF(ISBLANK(E30), D30, E30&"":""&D30), ""name""))"),"iShares 20+ Year Treasury Bond ETF") | G30: 미국장기국채 | H30: =IFERROR(__xludf.DUMMYFUNCTION("IF(ISBLANK(D30), 0, GOOGLEFINANCE(IF(ISBLANK(E30), D30, E30&"":""&D30), ""price""))"),82.85) | I30: =IFERROR(__xludf.DUMMYFUNCTION("IF(ISBLANK(D30), 0, GOOGLEFINANCE(IF(ISBLANK(E30), D30, E30&"":""&D30), ""change""))"),-1.39) | J30: =IFERROR(__xludf.DUMMYFUNCTION("IF(ISBLANK(D30), 0, GOOGLEFINANCE(IF(ISBLANK(E30), D30, E30&"":""&D30), ""changepct"")/100)"),-0.0165) | K30: 1 | L30: =K30 * H30 | O30: =(P30*12)+(Q30*4)+(R30*2)+(S30*1) | P30: =(TLT!$F$278-TLT!$F$256)/TLT!$F$256 | Q30: =(TLT!$F$278-TLT!$F$214)/TLT!$F$214 | R30: =(TLT!$F$278-TLT!$F$151)/TLT!$F$151 | S30: =(TLT!$F$278-TLT!$F$28)/TLT!$F$28
D31: TIP | F31: =IFERROR(__xludf.DUMMYFUNCTION("IF(ISBLANK(D31), ""-"", GOOGLEFINANCE(IF(ISBLANK(E31), D31, E31&"":""&D31), ""name""))"),"iShares TIPS Bond ETF") | G31: 미국물가연동채 | H31: =IFERROR(__xludf.DUMMYFUNCTION("IF(ISBLANK(D31), 0, GOOGLEFINANCE(IF(ISBLANK(E31), D31, E31&"":""&D31), ""price""))"),107.77) | I31: =IFERROR(__xludf.DUMMYFUNCTION("IF(ISBLANK(D31), 0, GOOGLEFINANCE(IF(ISBLANK(E31), D31, E31&"":""&D31), ""change""))"),0.11) | J31: =IFERROR(__xludf.DUMMYFUNCTION("IF(ISBLANK(D31), 0, GOOGLEFINANCE(IF(ISBLANK(E31), D31, E31&"":""&D31), ""changepct"")/100)"),0.001) | K31: 1 | L31: =K31 * H31 | O31: =(P31*12)+(Q31*4)+(R31*2)+(S31*1) | P31: =(TIP!$F$278-TIP!$F$256)/TIP!$F$256 | Q31: =(TIP!$F$278-TIP!$F$214)/TIP!$F$214 | R31: =(TIP!$F$278-TIP!$F$151)/TIP!$F$151 | S31: =(TIP!$F$278-TIP!$F$28)/TIP!$F$28
D32: BND | F32: =IFERROR(__xludf.DUMMYFUNCTION("IF(ISBLANK(D32), ""-"", GOOGLEFINANCE(IF(ISBLANK(E32), D32, E32&"":""&D32), ""name""))"),"Vanguard Total Bond Market Index Fund ETF") | G32: 미국잡채권 | H32: =IFERROR(__xludf.DUMMYFUNCTION("IF(ISBLANK(D32), 0, GOOGLEFINANCE(IF(ISBLANK(E32), D32, E32&"":""&D32), ""price""))"),72.38) | I32: =IFERROR(__xludf.DUMMYFUNCTION("IF(ISBLANK(D32), 0, GOOGLEFINANCE(IF(ISBLANK(E32), D32, E32&"":""&D32), ""change""))"),-0.26) | J32: =IFERROR(__xludf.DUMMYFUNCTION("IF(ISBLANK(D32), 0, GOOGLEFINANCE(IF(ISBLANK(E32), D32, E32&"":""&D32), ""changepct"")/100)"),-0.0036) | K32: 1 | L32: =K32 * H32 | O32: =(P32*12)+(Q32*4)+(R32*2)+(S32*1) | P32: =(BND!$F$278-BND!$F$256)/BND!$F$256 | Q32: =(BND!$F$278-BND!$F$214)/BND!$F$214 | R32: =(BND!$F$278-BND!$F$151)/BND!$F$151 | S32: =(BND!$F$278-BND!$F$28)/BND!$F$28
D33: DBC | F33: =IFERROR(__xludf.DUMMYFUNCTION("IF(ISBLANK(D33), ""-"", GOOGLEFINANCE(IF(ISBLANK(E33), D33, E33&"":""&D33), ""name""))"),"Invesco DB Commodity Index Tracking Fund") | G33: 원자재 | H33: =IFERROR(__xludf.DUMMYFUNCTION("IF(ISBLANK(D33), 0, GOOGLEFINANCE(IF(ISBLANK(E33), D33, E33&"":""&D33), ""price""))"),29.42) | I33: =IFERROR(__xludf.DUMMYFUNCTION("IF(ISBLANK(D33), 0, GOOGLEFINANCE(IF(ISBLANK(E33), D33, E33&"":""&D33), ""change""))"),0.82) | J33: =IFERROR(__xludf.DUMMYFUNCTION("IF(ISBLANK(D33), 0, GOOGLEFINANCE(IF(ISBLANK(E33), D33, E33&"":""&D33), ""changepct"")/100)"),0.0287) | K33: 1 | L33: =K33 * H33 | O33: =(P33*12)+(Q33*4)+(R33*2)+(S33*1) | P33: =(DBC!$F$278-DBC!$F$256)/DBC!$F$256 | Q33: =(DBC!$F$278-DBC!$F$214)/DBC!$F$214 | R33: =(DBC!$F$278-DBC!$F$151)/DBC!$F$151 | S33: =(DBC!$F$278-DBC!$F$28)/DBC!$F$28
A36: 변형듀얼모멘텀 | C36: 공격자산 | D36: SPY | F36: =IFERROR(__xludf.DUMMYFUNCTION("IF(ISBLANK(D36), ""-"", GOOGLEFINANCE(IF(ISBLANK(E36), D36, E36&"":""&D36), ""name""))"),"State Street SPDR S&P 500 ETF Trust") | G36: 미국 주식 | H36: =IFERROR(__xludf.DUMMYFUNCTION("IF(ISBLANK(D36), 0, GOOGLEFINANCE(IF(ISBLANK(E36), D36, E36&"":""&D36), ""price""))"),729.46) | I36: =IFERROR(__xludf.DUMMYFUNCTION("IF(ISBLANK(D36), 0, GOOGLEFINANCE(IF(ISBLANK(E36), D36, E36&"":""&D36), ""change""))"),-11.4) | J36: =IFERROR(__xludf.DUMMYFUNCTION("IF(ISBLANK(D36), 0, GOOGLEFINANCE(IF(ISBLANK(E36), D36, E36&"":""&D36), ""changepct"")/100)"),-0.0154) | K36: 1 | L36: =K36 * H36 | O36: =(P36*12)+(Q36*4)+(R36*2)+(S36*1) | P36: =(SPY!$F$278-SPY!$F$256)/SPY!$F$256 | Q36: =(SPY!$F$278-SPY!$F$214)/SPY!$F$214 | R36: =(SPY!$F$278-SPY!$F$151)/SPY!$F$151 | S36: =(SPY!$F$278-SPY!$F$28)/SPY!$F$28 | V36: 둘중 높은자산에 투자 But, 1년 수익이 0 이하면
D37: EFA | F37: =IFERROR(__xludf.DUMMYFUNCTION("IF(ISBLANK(D37), ""-"", GOOGLEFINANCE(IF(ISBLANK(E37), D37, E37&"":""&D37), ""name""))"),"iShares MSCI EAFE ETF") | H37: =IFERROR(__xludf.DUMMYFUNCTION("IF(ISBLANK(D37), 0, GOOGLEFINANCE(IF(ISBLANK(E37), D37, E37&"":""&D37), ""price""))"),103.37) | I37: =IFERROR(__xludf.DUMMYFUNCTION("IF(ISBLANK(D37), 0, GOOGLEFINANCE(IF(ISBLANK(E37), D37, E37&"":""&D37), ""change""))"),-0.52) | J37: =IFERROR(__xludf.DUMMYFUNCTION("IF(ISBLANK(D37), 0, GOOGLEFINANCE(IF(ISBLANK(E37), D37, E37&"":""&D37), ""changepct"")/100)"),-0.005) | K37: 1 | L37: =K37 * H37 | O37: =(P37*12)+(Q37*4)+(R37*2)+(S37*1) | P37: =(EFA!$F$278-EFA!$F$256)/EFA!$F$256 | Q37: =(EFA!$F$278-EFA!$F$214)/EFA!$F$214 | R37: =(EFA!$F$278-EFA!$F$151)/EFA!$F$151 | S37: =(EFA!$F$278-EFA!$F$28)/EFA!$F$28
F38: =IFERROR(__xludf.DUMMYFUNCTION("IF(ISBLANK(D38), ""-"", GOOGLEFINANCE(IF(ISBLANK(E38), D38, E38&"":""&D38), ""name""))"),"-") | H38: =IFERROR(__xludf.DUMMYFUNCTION("IF(ISBLANK(D38), 0, GOOGLEFINANCE(IF(ISBLANK(E38), D38, E38&"":""&D38), ""price""))"),0) | I38: =IFERROR(__xludf.DUMMYFUNCTION("IF(ISBLANK(D38), 0, GOOGLEFINANCE(IF(ISBLANK(E38), D38, E38&"":""&D38), ""change""))"),0) | J38: =IFERROR(__xludf.DUMMYFUNCTION("IF(ISBLANK(D38), 0, GOOGLEFINANCE(IF(ISBLANK(E38), D38, E38&"":""&D38), ""changepct"")/100)"),0) | L38: =K38 * H38 | O38: =(P38*12)+(Q38*4)+(R38*2)+(S38*1) | P38: =(BIL!$F$278-BIL!$F$256)/BIL!$F$256 | Q38: =(BIL!$F$278-BIL!$F$214)/BIL!$F$214 | R38: =(BIL!$F$278-BIL!$F$151)/BIL!$F$151 | S38: =(BIL!$F$278-BIL!$F$28)/BIL!$F$28
C39: 안전자산 8개 채권 | D39: SHY | F39: =IFERROR(__xludf.DUMMYFUNCTION("IF(ISBLANK(D39), ""-"", GOOGLEFINANCE(IF(ISBLANK(E39), D39, E39&"":""&D39), ""name""))"),"iShares 1-3 Year Treasury Bond ETF") | G39: 미국단기국채 | H39: =IFERROR(__xludf.DUMMYFUNCTION("IF(ISBLANK(D39), 0, GOOGLEFINANCE(IF(ISBLANK(E39), D39, E39&"":""&D39), ""price""))"),81.99) | I39: =IFERROR(__xludf.DUMMYFUNCTION("IF(ISBLANK(D39), 0, GOOGLEFINANCE(IF(ISBLANK(E39), D39, E39&"":""&D39), ""change""))"),0.05) | J39: =IFERROR(__xludf.DUMMYFUNCTION("IF(ISBLANK(D39), 0, GOOGLEFINANCE(IF(ISBLANK(E39), D39, E39&"":""&D39), ""changepct"")/100)"),0.0006) | K39: 1 | L39: =K39 * H39 | O39: =(P39*12)+(Q39*4)+(R39*2)+(S39*1) | P39: =(SHY!F$278-SHY!F$256)/SHY!F$256 | Q39: =(SHY!F$278-SHY!F$214)/SHY!F$214 | R39: =(SHY!F$278-SHY!F$151)/SHY!F$151 | S39: =(SHY!F$278-SHY!F$28)/SHY!F$28 | V39: 6개월 최고수익 3개 채권매수 But, 3개 채권중 0이하인 자산은 현금으로 보유
D40: IEF | F40: =IFERROR(__xludf.DUMMYFUNCTION("IF(ISBLANK(D40), ""-"", GOOGLEFINANCE(IF(ISBLANK(E40), D40, E40&"":""&D40), ""name""))"),"iShares 7-10 Year Treasury Bond ETF") | G40: 미국중기국채 | H40: =IFERROR(__xludf.DUMMYFUNCTION("IF(ISBLANK(D40), 0, GOOGLEFINANCE(IF(ISBLANK(E40), D40, E40&"":""&D40), ""price""))"),93.17) | I40: =IFERROR(__xludf.DUMMYFUNCTION("IF(ISBLANK(D40), 0, GOOGLEFINANCE(IF(ISBLANK(E40), D40, E40&"":""&D40), ""change""))"),-0.39) | J40: =IFERROR(__xludf.DUMMYFUNCTION("IF(ISBLANK(D40), 0, GOOGLEFINANCE(IF(ISBLANK(E40), D40, E40&"":""&D40), ""changepct"")/100)"),-0.0042) | K40: 1 | L40: =K40 * H40 | O40: =(P40*12)+(Q40*4)+(R40*2)+(S40*1) | P40: =(IEF!F$278-IEF!F$256)/IEF!F$256 | Q40: =(IEF!F$278-IEF!F$214)/IEF!F$214 | R40: =(IEF!F$278-IEF!F$151)/IEF!F$151 | S40: =(IEF!F$278-IEF!F$28)/IEF!F$28
D41: TLT | F41: =IFERROR(__xludf.DUMMYFUNCTION("IF(ISBLANK(D41), ""-"", GOOGLEFINANCE(IF(ISBLANK(E41), D41, E41&"":""&D41), ""name""))"),"iShares 20+ Year Treasury Bond ETF") | G41: 미국장기국채 | H41: =IFERROR(__xludf.DUMMYFUNCTION("IF(ISBLANK(D41), 0, GOOGLEFINANCE(IF(ISBLANK(E41), D41, E41&"":""&D41), ""price""))"),82.85) | I41: =IFERROR(__xludf.DUMMYFUNCTION("IF(ISBLANK(D41), 0, GOOGLEFINANCE(IF(ISBLANK(E41), D41, E41&"":""&D41), ""change""))"),-1.39) | J41: =IFERROR(__xludf.DUMMYFUNCTION("IF(ISBLANK(D41), 0, GOOGLEFINANCE(IF(ISBLANK(E41), D41, E41&"":""&D41), ""changepct"")/100)"),-0.0165) | K41: 1 | L41: =K41 * H41 | O41: =(P41*12)+(Q41*4)+(R41*2)+(S41*1) | P41: =(TLT!F$278-TLT!F$256)/TLT!F$256 | Q41: =(TLT!F$278-TLT!F$214)/TLT!F$214 | R41: =(TLT!F$278-TLT!F$151)/TLT!F$151 | S41: =(TLT!F$278-TLT!F$28)/TLT!F$28
D42: TIP | F42: =IFERROR(__xludf.DUMMYFUNCTION("IF(ISBLANK(D42), ""-"", GOOGLEFINANCE(IF(ISBLANK(E42), D42, E42&"":""&D42), ""name""))"),"iShares TIPS Bond ETF") | G42: 미국물가연동채 | H42: =IFERROR(__xludf.DUMMYFUNCTION("IF(ISBLANK(D42), 0, GOOGLEFINANCE(IF(ISBLANK(E42), D42, E42&"":""&D42), ""price""))"),107.77) | I42: =IFERROR(__xludf.DUMMYFUNCTION("IF(ISBLANK(D42), 0, GOOGLEFINANCE(IF(ISBLANK(E42), D42, E42&"":""&D42), ""change""))"),0.11) | J42: =IFERROR(__xludf.DUMMYFUNCTION("IF(ISBLANK(D42), 0, GOOGLEFINANCE(IF(ISBLANK(E42), D42, E42&"":""&D42), ""changepct"")/100)"),0.001) | K42: 1 | L42: =K42 * H42 | O42: =(P42*12)+(Q42*4)+(R42*2)+(S42*1) | P42: =(TIP!$F$278-TIP!$F$256)/TIP!$F$256 | Q42: =(TIP!$F$278-TIP!$F$214)/TIP!$F$214 | R42: =(TIP!$F$278-TIP!$F$151)/TIP!$F$151 | S42: =(TIP!$F$278-TIP!$F$28)/TIP!$F$28
D43: LQD | F43: =IFERROR(__xludf.DUMMYFUNCTION("IF(ISBLANK(D43), ""-"", GOOGLEFINANCE(IF(ISBLANK(E43), D43, E43&"":""&D43), ""name""))"),"iShares iBoxx $ Inv Grade Corporate Bond ETF") | G43: 미국회사채 | H43: =IFERROR(__xludf.DUMMYFUNCTION("IF(ISBLANK(D43), 0, GOOGLEFINANCE(IF(ISBLANK(E43), D43, E43&"":""&D43), ""price""))"),106.22) | I43: =IFERROR(__xludf.DUMMYFUNCTION("IF(ISBLANK(D43), 0, GOOGLEFINANCE(IF(ISBLANK(E43), D43, E43&"":""&D43), ""change""))"),-0.61) | J43: =IFERROR(__xludf.DUMMYFUNCTION("IF(ISBLANK(D43), 0, GOOGLEFINANCE(IF(ISBLANK(E43), D43, E43&"":""&D43), ""changepct"")/100)"),-0.00569999999999999) | K43: 1 | L43: =K43 * H43 | O43: =(P43*12)+(Q43*4)+(R43*2)+(S43*1) | P43: =(LQD!F278-LQD!F256)/LQD!F256 | Q43: =(LQD!F$278-LQD!F$214)/LQD!F$214 | R43: =(LQD!F$278-LQD!F$151)/LQD!F$151 | S43: =(LQD!F$278-LQD!F$28)/LQD!F$28
D44: HYG | F44: =IFERROR(__xludf.DUMMYFUNCTION("IF(ISBLANK(D44), ""-"", GOOGLEFINANCE(IF(ISBLANK(E44), D44, E44&"":""&D44), ""name""))"),"iShares iBoxx $ High Yield Corporate Bond ETF") | G44: 미국하이일드 | H44: =IFERROR(__xludf.DUMMYFUNCTION("IF(ISBLANK(D44), 0, GOOGLEFINANCE(IF(ISBLANK(E44), D44, E44&"":""&D44), ""price""))"),79.24) | I44: =IFERROR(__xludf.DUMMYFUNCTION("IF(ISBLANK(D44), 0, GOOGLEFINANCE(IF(ISBLANK(E44), D44, E44&"":""&D44), ""change""))"),-0.18) | J44: =IFERROR(__xludf.DUMMYFUNCTION("IF(ISBLANK(D44), 0, GOOGLEFINANCE(IF(ISBLANK(E44), D44, E44&"":""&D44), ""changepct"")/100)"),-0.0023) | K44: 1 | L44: =K44 * H44 | O44: =(P44*12)+(Q44*4)+(R44*2)+(S44*1) | P44: =(HYG!F$278-HYG!F$256)/HYG!F$256 | Q44: =(HYG!F$278-HYG!F$214)/HYG!F$214 | R44: =(HYG!F$278-HYG!F$151)/HYG!F$151 | S44: =(HYG!F$278-HYG!F$28)/HYG!F$28
D45: BWX | F45: =IFERROR(__xludf.DUMMYFUNCTION("IF(ISBLANK(D45), ""-"", GOOGLEFINANCE(IF(ISBLANK(E45), D45, E45&"":""&D45), ""name""))"),"State Street SPDR Bloomberg Intl TB ETF") | G45: 국제채권 | H45: =IFERROR(__xludf.DUMMYFUNCTION("IF(ISBLANK(D45), 0, GOOGLEFINANCE(IF(ISBLANK(E45), D45, E45&"":""&D45), ""price""))"),21.5) | I45: =IFERROR(__xludf.DUMMYFUNCTION("IF(ISBLANK(D45), 0, GOOGLEFINANCE(IF(ISBLANK(E45), D45, E45&"":""&D45), ""change""))"),0.03) | J45: =IFERROR(__xludf.DUMMYFUNCTION("IF(ISBLANK(D45), 0, GOOGLEFINANCE(IF(ISBLANK(E45), D45, E45&"":""&D45), ""changepct"")/100)"),0.0014) | K45: 1 | L45: =K45 * H45 | O45: =(P45*12)+(Q45*4)+(R45*2)+(S45*1) | P45: =(BWX!F$278-BWX!F$256)/BWX!F$256 | Q45: =(BWX!F$278-BWX!F$214)/BWX!F$214 | R45: =(BWX!F$278-BWX!F$151)/BWX!F$151 | S45: =(BWX!F$278-BWX!F$28)/BWX!F$28
D46: EMB | F46: =IFERROR(__xludf.DUMMYFUNCTION("IF(ISBLANK(D46), ""-"", GOOGLEFINANCE(IF(ISBLANK(E46), D46, E46&"":""&D46), ""name""))"),"iShares JPMorgan USD Emerging Markets Bond ETF") | G46: 개도국채권 | H46: =IFERROR(__xludf.DUMMYFUNCTION("IF(ISBLANK(D46), 0, GOOGLEFINANCE(IF(ISBLANK(E46), D46, E46&"":""&D46), ""price""))"),94.56) | I46: =IFERROR(__xludf.DUMMYFUNCTION("IF(ISBLANK(D46), 0, GOOGLEFINANCE(IF(ISBLANK(E46), D46, E46&"":""&D46), ""change""))"),-0.63) | J46: =IFERROR(__xludf.DUMMYFUNCTION("IF(ISBLANK(D46), 0, GOOGLEFINANCE(IF(ISBLANK(E46), D46, E46&"":""&D46), ""changepct"")/100)"),-0.0066) | K46: 1 | L46: =K46 * H46 | O46: =(P46*12)+(Q46*4)+(R46*2)+(S46*1) | P46: =(EMB!F$278-EMB!F$256)/EMB!F$256 | Q46: =(EMB!F$278-EMB!F$214)/EMB!F$214 | R46: =(EMB!F$278-EMB!F$151)/EMB!F$151 | S46: =(EMB!F$278-EMB!F$28)/EMB!F$28
D48: SPY | F48: =IFERROR(__xludf.DUMMYFUNCTION("IF(ISBLANK(D48), ""-"", GOOGLEFINANCE(IF(ISBLANK(E48), D48, E48&"":""&D48), ""name""))"),"State Street SPDR S&P 500 ETF Trust") | H48: =IFERROR(__xludf.DUMMYFUNCTION("IF(ISBLANK(D48), 0, GOOGLEFINANCE(IF(ISBLANK(E48), D48, E48&"":""&D48), ""price""))"),729.46) | I48: =IFERROR(__xludf.DUMMYFUNCTION("IF(ISBLANK(D48), 0, GOOGLEFINANCE(IF(ISBLANK(E48), D48, E48&"":""&D48), ""change""))"),-11.4) | J48: =IFERROR(__xludf.DUMMYFUNCTION("IF(ISBLANK(D48), 0, GOOGLEFINANCE(IF(ISBLANK(E48), D48, E48&"":""&D48), ""changepct"")/100)"),-0.0154) | L48: =K48 * H48
D49: VWO | F49: =IFERROR(__xludf.DUMMYFUNCTION("IF(ISBLANK(D49), ""-"", GOOGLEFINANCE(IF(ISBLANK(E49), D49, E49&"":""&D49), ""name""))"),"Vanguard Emerging Markets Stock Index Fund ETF") | H49: =IFERROR(__xludf.DUMMYFUNCTION("IF(ISBLANK(D49), 0, GOOGLEFINANCE(IF(ISBLANK(E49), D49, E49&"":""&D49), ""price""))"),56.92) | I49: =IFERROR(__xludf.DUMMYFUNCTION("IF(ISBLANK(D49), 0, GOOGLEFINANCE(IF(ISBLANK(E49), D49, E49&"":""&D49), ""change""))"),-0.82) | J49: =IFERROR(__xludf.DUMMYFUNCTION("IF(ISBLANK(D49), 0, GOOGLEFINANCE(IF(ISBLANK(E49), D49, E49&"":""&D49), ""changepct"")/100)"),-0.0141999999999999) | L49: =K49 * H49
F50: =IFERROR(__xludf.DUMMYFUNCTION("IF(ISBLANK(D50), ""-"", GOOGLEFINANCE(IF(ISBLANK(E50), D50, E50&"":""&D50), ""name""))"),"-") | H50: =IFERROR(__xludf.DUMMYFUNCTION("IF(ISBLANK(D50), 0, GOOGLEFINANCE(IF(ISBLANK(E50), D50, E50&"":""&D50), ""price""))"),0) | I50: =IFERROR(__xludf.DUMMYFUNCTION("IF(ISBLANK(D50), 0, GOOGLEFINANCE(IF(ISBLANK(E50), D50, E50&"":""&D50), ""change""))"),0) | J50: =IFERROR(__xludf.DUMMYFUNCTION("IF(ISBLANK(D50), 0, GOOGLEFINANCE(IF(ISBLANK(E50), D50, E50&"":""&D50), ""changepct"")/100)"),0) | L50: =K50 * H50
F51: =IFERROR(__xludf.DUMMYFUNCTION("IF(ISBLANK(D51), ""-"", GOOGLEFINANCE(IF(ISBLANK(E51), D51, E51&"":""&D51), ""name""))"),"-") | H51: =IFERROR(__xludf.DUMMYFUNCTION("IF(ISBLANK(D51), 0, GOOGLEFINANCE(IF(ISBLANK(E51), D51, E51&"":""&D51), ""price""))"),0) | I51: =IFERROR(__xludf.DUMMYFUNCTION("IF(ISBLANK(D51), 0, GOOGLEFINANCE(IF(ISBLANK(E51), D51, E51&"":""&D51), ""change""))"),0) | J51: =IFERROR(__xludf.DUMMYFUNCTION("IF(ISBLANK(D51), 0, GOOGLEFINANCE(IF(ISBLANK(E51), D51, E51&"":""&D51), ""changepct"")/100)"),0) | L51: =K51 * H51
F52: =IFERROR(__xludf.DUMMYFUNCTION("IF(ISBLANK(D52), ""-"", GOOGLEFINANCE(IF(ISBLANK(E52), D52, E52&"":""&D52), ""name""))"),"-") | H52: =IFERROR(__xludf.DUMMYFUNCTION("IF(ISBLANK(D52), 0, GOOGLEFINANCE(IF(ISBLANK(E52), D52, E52&"":""&D52), ""price""))"),0) | I52: =IFERROR(__xludf.DUMMYFUNCTION("IF(ISBLANK(D52), 0, GOOGLEFINANCE(IF(ISBLANK(E52), D52, E52&"":""&D52), ""change""))"),0) | J52: =IFERROR(__xludf.DUMMYFUNCTION("IF(ISBLANK(D52), 0, GOOGLEFINANCE(IF(ISBLANK(E52), D52, E52&"":""&D52), ""changepct"")/100)"),0) | L52: =K52 * H52
F53: =IFERROR(__xludf.DUMMYFUNCTION("IF(ISBLANK(D53), ""-"", GOOGLEFINANCE(IF(ISBLANK(E53), D53, E53&"":""&D53), ""name""))"),"-") | H53: =IFERROR(__xludf.DUMMYFUNCTION("IF(ISBLANK(D53), 0, GOOGLEFINANCE(IF(ISBLANK(E53), D53, E53&"":""&D53), ""price""))"),0) | I53: =IFERROR(__xludf.DUMMYFUNCTION("IF(ISBLANK(D53), 0, GOOGLEFINANCE(IF(ISBLANK(E53), D53, E53&"":""&D53), ""change""))"),0) | J53: =IFERROR(__xludf.DUMMYFUNCTION("IF(ISBLANK(D53), 0, GOOGLEFINANCE(IF(ISBLANK(E53), D53, E53&"":""&D53), ""changepct"")/100)"),0) | L53: =K53 * H53
F54: =IFERROR(__xludf.DUMMYFUNCTION("IF(ISBLANK(D54), ""-"", GOOGLEFINANCE(IF(ISBLANK(E54), D54, E54&"":""&D54), ""name""))"),"-") | H54: =IFERROR(__xludf.DUMMYFUNCTION("IF(ISBLANK(D54), 0, GOOGLEFINANCE(IF(ISBLANK(E54), D54, E54&"":""&D54), ""price""))"),0) | I54: =IFERROR(__xludf.DUMMYFUNCTION("IF(ISBLANK(D54), 0, GOOGLEFINANCE(IF(ISBLANK(E54), D54, E54&"":""&D54), ""change""))"),0) | J54: =IFERROR(__xludf.DUMMYFUNCTION("IF(ISBLANK(D54), 0, GOOGLEFINANCE(IF(ISBLANK(E54), D54, E54&"":""&D54), ""changepct"")/100)"),0) | L54: =K54 * H54
F55: =IFERROR(__xludf.DUMMYFUNCTION("IF(ISBLANK(D55), ""-"", GOOGLEFINANCE(IF(ISBLANK(E55), D55, E55&"":""&D55), ""name""))"),"-") | H55: =IFERROR(__xludf.DUMMYFUNCTION("IF(ISBLANK(D55), 0, GOOGLEFINANCE(IF(ISBLANK(E55), D55, E55&"":""&D55), ""price""))"),0) | I55: =IFERROR(__xludf.DUMMYFUNCTION("IF(ISBLANK(D55), 0, GOOGLEFINANCE(IF(ISBLANK(E55), D55, E55&"":""&D55), ""change""))"),0) | J55: =IFERROR(__xludf.DUMMYFUNCTION("IF(ISBLANK(D55), 0, GOOGLEFINANCE(IF(ISBLANK(E55), D55, E55&"":""&D55), ""changepct"")/100)"),0) | L55: =K55 * H55

Sheet 이벤트 관리
A1: 구분 | B1: 주기 | C1: 날짜 | D1: 시간 | E1: 시장/국가 | F1: 관련 Ticker | G1: 이벤트명 | H1: 중요도 | I1: 상태 | J1: 메모 | K1: 자료 링크 | M1: 사용 방법
A2: 시장 | B2: Weekly | C2: =TODAY()-WEEKDAY(TODAY(),2)+1 | D2: 09:00 | E2: US | F2: SPY | G2: 주간 시장 점검 | H2: 중간 | I2: 예정 | J2: 주요 지수/금리/환율 확인 | M2: 주기: Weekly 또는 Monthly로 입력
A3: 실적 | B3: Weekly | C3: =TODAY()-WEEKDAY(TODAY(),2)+4 | E3: US | F3: QQQ | G3: 주요 기술주 실적 체크 | H3: 높음 | I3: 예정 | J3: 보유/관심 종목 중심 | M3: 관련 Ticker: 관심종목 D열 코드와 맞추면 추적이 쉽습니다.
A4: 매크로 | B4: Monthly | C4: =EOMONTH(TODAY(),-1)+1 | E4: US | G4: 월간 경제지표 캘린더 업데이트 | H4: 높음 | I4: 예정 | J4: CPI/FOMC/고용/PMI 일정 관리 | M4: 상태: 예정/완료/보류 등으로 관리
A5: 포트폴리오 | B5: Monthly | C5: =EOMONTH(TODAY(),0) | E5: Global | G5: 월말 리밸런싱 검토 | H5: 높음 | I5: 예정 | J5: 목표비중/모멘텀/현금비중 확인

Sheet BD
B1: 현재가 | C1: =TODAY()-1 | D1: =EDATE($C$1,-1) | E1: =EDATE($C$1,-2) | F1: =EDATE($C$1,-3) | G1: =EDATE($C$1,-4) | H1: =EDATE($C$1,-5) | I1: =EDATE($C$1,-6) | J1: =EDATE($C$1,-7) | K1: =EDATE($C$1,-8) | L1: =EDATE($C$1,-9) | M1: =EDATE($C$1,-10) | N1: =EDATE($C$1,-11) | O1: =TODAY()-362
A3: ㅣBAA중도형_공격자산 12종목
A4: 구간 | B4: 현재 | C4: 전 날 | D4: 1개월 전 | E4: 2개월 전 | F4: 3개월 전 | G4: 4개월 전 | H4: 5개월 전 | I4: 6개월 전 | J4: 7개월 전 | K4: 8개월 전 | L4: 9개월 전 | M4: 10개월 전 | N4: 11개월 전 | O4: 12개월 전 | P4: 12개월 이동평균 | Q4: 현재가격/12개월 이동평균 | R4: 1개월 수익률 | S4: 3개월 수익률 | T4: 6개월 수익률 | U4: 최근 1년 수익률 | V4: 1개월 수익률*12 | W4: 3개월 수익률*4 | X4: 6개월 수익률*2 | Y4: 12개월 수익률*1 | Z4: 모멘텀 스코어
A5: =관심종목!D10 | B5: =관심종목!H10 | C5: =VLOOKUP(C1,SPY!$B$27:$G$278,5,1) | D5: =VLOOKUP(D1,SPY!$B$27:$G$278,5,1) | E5: =VLOOKUP(E1,SPY!$B$27:$G$278,5,1) | F5: =VLOOKUP(F1,SPY!$B$27:$G$278,5,1) | G5: =VLOOKUP(G1,SPY!$B$27:$G$278,5,1) | H5: =VLOOKUP(H1,SPY!$B$27:$G$278,5,1) | I5: =VLOOKUP(I1,SPY!$B$27:$G$278,5,1) | J5: =VLOOKUP(J1,SPY!$B$27:$G$278,5,1) | ... O5: =VLOOKUP(O1,SPY!$B$27:$G$278,5,1) | P5: =AVERAGE(D5:O5) | Q5: =B5/P5 | R5: =(B5/D5)-1 | S5: =(B5/F5)-1 | T5: =(B5/I5)-1 | U5: =(B5/O5)-1 | V5: =R5*12 | W5: =S5*4 | X5: =T5*2 | Y5: =U5*1 | Z5: =SUM(V5:Y5)
A6: =관심종목!D11 | B6: =관심종목!H11 | C6: =VLOOKUP(C1,QQQ!$B$27:$G$278,5,1) | D6: =VLOOKUP(D1,QQQ!$B$27:$G$278,5,1) | E6: =VLOOKUP(E1,QQQ!$B$27:$G$278,5,1) | F6: =VLOOKUP(F1,QQQ!$B$27:$G$278,5,1) | G6: =VLOOKUP(G1,QQQ!$B$27:$G$278,5,1) | H6: =VLOOKUP(H1,QQQ!$B$27:$G$278,5,1) | I6: =VLOOKUP(I1,QQQ!$B$27:$G$278,5,1) | J6: =VLOOKUP(J1,QQQ!$B$27:$G$278,5,1) | ... O6: =VLOOKUP(O1,QQQ!$B$27:$G$278,5,1) | P6: =AVERAGE(D6:O6) | Q6: =B6/P6 | R6: =(B6/D6)-1 | S6: =(B6/F6)-1 | T6: =(B6/I6)-1 | U6: =(B6/O6)-1 | V6: =R6*12 | W6: =S6*4 | X6: =T6*2 | Y6: =U6*1 | Z6: =SUM(V6:Y6)
A7: =관심종목!D12 | B7: =관심종목!H12 | C7: =VLOOKUP(C1,IWM!$B$27:$G$278,5,1) | D7: =VLOOKUP(D1,IWM!$B$27:$G$278,5,1) | E7: =VLOOKUP(E1,IWM!$B$27:$G$278,5,1) | F7: =VLOOKUP(F1,IWM!$B$27:$G$278,5,1) | G7: =VLOOKUP(G1,IWM!$B$27:$G$278,5,1) | H7: =VLOOKUP(H1,IWM!$B$27:$G$278,5,1) | I7: =VLOOKUP(I1,IWM!$B$27:$G$278,5,1) | J7: =VLOOKUP(J1,IWM!$B$27:$G$278,5,1) | ... O7: =VLOOKUP(O1,IWM!$B$27:$G$278,5,1) | P7: =AVERAGE(D7:O7) | Q7: =B7/P7 | R7: =(B7/D7)-1 | S7: =(B7/F7)-1 | T7: =(B7/I7)-1 | U7: =(B7/O7)-1 | V7: =R7*12 | W7: =S7*4 | X7: =T7*2 | Y7: =U7*1 | Z7: =SUM(V7:Y7)
A8: =관심종목!D13 | B8: =관심종목!H13 | C8: =VLOOKUP(C1,VGK!$B$27:$G$278,5,1) | D8: =VLOOKUP(D1,VGK!$B$27:$G$278,5,1) | E8: =VLOOKUP(E1,VGK!$B$27:$G$278,5,1) | F8: =VLOOKUP(F1,VGK!$B$27:$G$278,5,1) | G8: =VLOOKUP(G1,VGK!$B$27:$G$278,5,1) | H8: =VLOOKUP(H1,VGK!$B$27:$G$278,5,1) | I8: =VLOOKUP(I1,VGK!$B$27:$G$278,5,1) | J8: =VLOOKUP(J1,VGK!$B$27:$G$278,5,1) | ... O8: =VLOOKUP(O1,VGK!$B$27:$G$278,5,1) | P8: =AVERAGE(D8:O8) | Q8: =B8/P8 | R8: =(B8/D8)-1 | S8: =(B8/F8)-1 | T8: =(B8/I8)-1 | U8: =(B8/O8)-1 | V8: =R8*12 | W8: =S8*4 | X8: =T8*2 | Y8: =U8*1 | Z8: =SUM(V8:Y8)
A9: =관심종목!D14 | B9: =관심종목!H14 | C9: =VLOOKUP(C1,EWJ!$B$27:$G$278,5,1) | D9: =VLOOKUP(D1,EWJ!$B$27:$G$278,5,1) | E9: =VLOOKUP(E1,EWJ!$B$27:$G$278,5,1) | F9: =VLOOKUP(F1,EWJ!$B$27:$G$278,5,1) | G9: =VLOOKUP(G1,EWJ!$B$27:$G$278,5,1) | H9: =VLOOKUP(H1,EWJ!$B$27:$G$278,5,1) | I9: =VLOOKUP(I1,EWJ!$B$27:$G$278,5,1) | J9: =VLOOKUP(J1,EWJ!$B$27:$G$278,5,1) | ... O9: =VLOOKUP(O1,EWJ!$B$27:$G$278,5,1) | P9: =AVERAGE(D9:O9) | Q9: =B9/P9 | R9: =(B9/D9)-1 | S9: =(B9/F9)-1 | T9: =(B9/I9)-1 | U9: =(B9/O9)-1 | V9: =R9*12 | W9: =S9*4 | X9: =T9*2 | Y9: =U9*1 | Z9: =SUM(V9:Y9)
A10: =관심종목!D15 | B10: =관심종목!H15 | C10: =VLOOKUP(C1,VWO!$B$27:$G$278,5,1) | D10: =VLOOKUP(D1,VWO!$B$27:$G$278,5,1) | E10: =VLOOKUP(E1,VWO!$B$27:$G$278,5,1) | F10: =VLOOKUP(F1,VWO!$B$27:$G$278,5,1) | G10: =VLOOKUP(G1,VWO!$B$27:$G$278,5,1) | H10: =VLOOKUP(H1,VWO!$B$27:$G$278,5,1) | I10: =VLOOKUP(I1,VWO!$B$27:$G$278,5,1) | J10: =VLOOKUP(J1,VWO!$B$27:$G$278,5,1) | ... O10: =VLOOKUP(O1,VWO!$B$27:$G$278,5,1) | P10: =AVERAGE(D10:O10) | Q10: =B10/P10 | R10: =(B10/D10)-1 | S10: =(B10/F10)-1 | T10: =(B10/I10)-1 | U10: =(B10/O10)-1 | V10: =R10*12 | W10: =S10*4 | X10: =T10*2 | Y10: =U10*1 | Z10: =SUM(V10:Y10)
A11: =관심종목!D16 | B11: =관심종목!H16 | C11: =VLOOKUP(C1,VEA!$B$27:$G$278,5,1) | D11: =VLOOKUP(D1,VEA!$B$27:$G$278,5,1) | E11: =VLOOKUP(E1,VEA!$B$27:$G$278,5,1) | F11: =VLOOKUP(F1,VEA!$B$27:$G$278,5,1) | G11: =VLOOKUP(G1,VEA!$B$27:$G$278,5,1) | H11: =VLOOKUP(H1,VEA!$B$27:$G$278,5,1) | I11: =VLOOKUP(I1,VEA!$B$27:$G$278,5,1) | J11: =VLOOKUP(J1,VEA!$B$27:$G$278,5,1) | ... O11: =VLOOKUP(O1,VEA!$B$27:$G$278,5,1) | P11: =AVERAGE(D11:O11) | Q11: =B11/P11 | R11: =(B11/D11)-1 | S11: =(B11/F11)-1 | T11: =(B11/I11)-1 | U11: =(B11/O11)-1 | V11: =R11*12 | W11: =S11*4 | X11: =T11*2 | Y11: =U11*1 | Z11: =SUM(V11:Y11)
A12: =관심종목!D17 | B12: =관심종목!H17 | C12: =VLOOKUP(C1,VNQ!$B$27:$G$278,5,1) | D12: =VLOOKUP(D1,VNQ!$B$27:$G$278,5,1) | E12: =VLOOKUP(E1,VNQ!$B$27:$G$278,5,1) | F12: =VLOOKUP(F1,VNQ!$B$27:$G$278,5,1) | G12: =VLOOKUP(G1,VNQ!$B$27:$G$278,5,1) | H12: =VLOOKUP(H1,VNQ!$B$27:$G$278,5,1) | I12: =VLOOKUP(I1,VNQ!$B$27:$G$278,5,1) | J12: =VLOOKUP(J1,VNQ!$B$27:$G$278,5,1) | ... O12: =VLOOKUP(O1,VNQ!$B$27:$G$278,5,1) | P12: =AVERAGE(D12:O12) | Q12: =B12/P12 | R12: =(B12/D12)-1 | S12: =(B12/F12)-1 | T12: =(B12/I12)-1 | U12: =(B12/O12)-1 | V12: =R12*12 | W12: =S12*4 | X12: =T12*2 | Y12: =U12*1 | Z12: =SUM(V12:Y12)
A13: =관심종목!D18 | B13: =관심종목!H18 | C13: =VLOOKUP(C1,DBC!$B$27:$G$278,5,1) | D13: =VLOOKUP(D1,DBC!$B$27:$G$278,5,1) | E13: =VLOOKUP(E1,DBC!$B$27:$G$278,5,1) | F13: =VLOOKUP(F1,DBC!$B$27:$G$278,5,1) | G13: =VLOOKUP(G1,DBC!$B$27:$G$278,5,1) | H13: =VLOOKUP(H1,DBC!$B$27:$G$278,5,1) | I13: =VLOOKUP(I1,DBC!$B$27:$G$278,5,1) | J13: =VLOOKUP(J1,DBC!$B$27:$G$278,5,1) | ... O13: =VLOOKUP(O1,DBC!$B$27:$G$278,5,1) | P13: =AVERAGE(D13:O13) | Q13: =B13/P13 | R13: =(B13/D13)-1 | S13: =(B13/F13)-1 | T13: =(B13/I13)-1 | U13: =(B13/O13)-1 | V13: =R13*12 | W13: =S13*4 | X13: =T13*2 | Y13: =U13*1 | Z13: =SUM(V13:Y13)
A14: =관심종목!D19 | B14: =관심종목!H19 | C14: =VLOOKUP(C1,GLD!$B$27:$G$278,5,1) | D14: =VLOOKUP(D1,GLD!$B$27:$G$278,5,1) | E14: =VLOOKUP(E1,GLD!$B$27:$G$278,5,1) | F14: =VLOOKUP(F1,GLD!$B$27:$G$278,5,1) | G14: =VLOOKUP(G1,GLD!$B$27:$G$278,5,1) | H14: =VLOOKUP(H1,GLD!$B$27:$G$278,5,1) | I14: =VLOOKUP(I1,GLD!$B$27:$G$278,5,1) | J14: =VLOOKUP(J1,GLD!$B$27:$G$278,5,1) | ... O14: =VLOOKUP(O1,GLD!$B$27:$G$278,5,1) | P14: =AVERAGE(D14:O14) | Q14: =B14/P14 | R14: =(B14/D14)-1 | S14: =(B14/F14)-1 | T14: =(B14/I14)-1 | U14: =(B14/O14)-1 | V14: =R14*12 | W14: =S14*4 | X14: =T14*2 | Y14: =U14*1 | Z14: =SUM(V14:Y14)
A15: =관심종목!D20 | B15: =관심종목!H20 | C15: =VLOOKUP(C1,LQD!$B$27:$G$278,5,1) | D15: =VLOOKUP(D1,LQD!$B$27:$G$278,5,1) | E15: =VLOOKUP(E1,LQD!$B$27:$G$278,5,1) | F15: =VLOOKUP(F1,LQD!$B$27:$G$278,5,1) | G15: =VLOOKUP(G1,LQD!$B$27:$G$278,5,1) | H15: =VLOOKUP(H1,LQD!$B$27:$G$278,5,1) | I15: =VLOOKUP(I1,LQD!$B$27:$G$278,5,1) | J15: =VLOOKUP(J1,LQD!$B$27:$G$278,5,1) | ... O15: =VLOOKUP(O1,LQD!$B$27:$G$278,5,1) | P15: =AVERAGE(D15:O15) | Q15: =B15/P15 | R15: =(B15/D15)-1 | S15: =(B15/F15)-1 | T15: =(B15/I15)-1 | U15: =(B15/O15)-1 | V15: =R15*12 | W15: =S15*4 | X15: =T15*2 | Y15: =U15*1 | Z15: =SUM(V15:Y15)
A16: =관심종목!D21 | B16: =관심종목!H21 | C16: =VLOOKUP(C1,HYG!$B$27:$G$278,5,1) | D16: =VLOOKUP(D1,HYG!$B$27:$G$278,5,1) | E16: =VLOOKUP(E1,HYG!$B$27:$G$278,5,1) | F16: =VLOOKUP(F1,HYG!$B$27:$G$278,5,1) | G16: =VLOOKUP(G1,HYG!$B$27:$G$278,5,1) | H16: =VLOOKUP(H1,HYG!$B$27:$G$278,5,1) | I16: =VLOOKUP(I1,HYG!$B$27:$G$278,5,1) | J16: =VLOOKUP(J1,HYG!$B$27:$G$278,5,1) | ... O16: =VLOOKUP(O1,HYG!$B$27:$G$278,5,1) | P16: =AVERAGE(D16:O16) | Q16: =B16/P16 | R16: =(B16/D16)-1 | S16: =(B16/F16)-1 | T16: =(B16/I16)-1 | U16: =(B16/O16)-1 | V16: =R16*12 | W16: =S16*4 | X16: =T16*2 | Y16: =U16*1 | Z16: =SUM(V16:Y16)
A17: ㅣBAA중도형_안전자산
A18: 구간 | B18: 현재 | C18: 전 날 | D18: 1개월 전 | E18: 2개월 전 | F18: 3개월 전 | G18: 4개월 전 | H18: 5개월 전 | I18: 6개월 전 | J18: 7개월 전 | K18: 8개월 전 | L18: 9개월 전 | M18: 10개월 전 | N18: 11개월 전 | O18: 12개월 전 | P18: 12개월 이동평균 | Q18: 현재가격/12개월 이동평균 | R18: 1개월 수익률 | S18: 3개월 수익률 | T18: 6개월 수익률 | U18: 최근 1년 수익률 | V18: 1개월 수익률*12 | W18: 3개월 수익률*4 | X18: 6개월 수익률*2 | Y18: 12개월 수익률*1 | Z18: 모멘텀 스코어
A19: =관심종목!D27 | B19: =관심종목!H27 | C19: =VLOOKUP(C1,LQD!$B$27:$G$278,5,1) | D19: =VLOOKUP($D$1,LQD!$B$27:$G$278,5,1) | E19: =VLOOKUP(E1,LQD!$B$27:$G$278,5,1) | F19: =VLOOKUP(F1,LQD!$B$27:$G$278,5,1) | G19: =VLOOKUP(G1,LQD!$B$27:$G$278,5,1) | H19: =VLOOKUP(H1,LQD!$B$27:$G$278,5,1) | I19: =VLOOKUP(I1,LQD!$B$27:$G$278,5,1) | J19: =VLOOKUP(J1,LQD!$B$27:$G$278,5,1) | K19: =VLOOKUP(K1,LQD!$B$27:$G$278,5,1) | L19: =VLOOKUP(L1,LQD!$B$27:$G$278,5,1) | ... O19: =VLOOKUP(O1,LQD!$B$27:$G$278,5,1) | P19: =AVERAGE(D19:O19) | Q19: =B19/P19 | R19: =(B19/D19)-1 | S19: =(B19/F19)-1 | T19: =(B19/I19)-1 | U19: =(B19/O19)-1 | V19: =R19*12 | W19: =S19*12 | X19: =T19*2 | Y19: =U19*1 | Z19: =SUM(V19:Y19)
A20: =관심종목!D28 | B20: =관심종목!H28 | C20: =VLOOKUP(C1,IEF!$B$27:$G$278,5,1) | D20: =VLOOKUP(D1,IEF!$B$27:$G$278,5,1) | E20: =VLOOKUP(E1,IEF!$B$27:$G$278,5,1) | F20: =VLOOKUP(F1,IEF!$B$27:$G$278,5,1) | G20: =VLOOKUP(G1,IEF!$B$27:$G$278,5,1) | H20: =VLOOKUP(H1,IEF!$B$27:$G$278,5,1) | I20: =VLOOKUP(I1,IEF!$B$27:$G$278,5,1) | J20: =VLOOKUP(J1,IEF!$B$27:$G$278,5,1) | ... O20: =VLOOKUP(O1,IEF!$B$27:$G$278,5,1) | P20: =AVERAGE(A20:N20) | Q20: =B20/P20 | R20: =(B20/D20)-1 | S20: =(B20/F20)-1 | T20: =(B20/I20)-1 | U20: =(B20/O20)-1 | V20: =R20*12 | W20: =S20*4 | X20: =T20*2 | Y20: =U20*1 | Z20: =SUM(V20:Y20)
A21: =관심종목!D29 | B21: =관심종목!H29 | C21: =VLOOKUP(C1,BIL!$B$27:$G$278,5,1) | D21: =VLOOKUP(D1,BIL!$B$27:$G$278,5,1) | E21: =VLOOKUP(E1,BIL!$B$27:$G$278,5,1) | F21: =VLOOKUP(F1,BIL!$B$27:$G$278,5,1) | G21: =VLOOKUP(G1,BIL!$B$27:$G$278,5,1) | H21: =VLOOKUP(H1,BIL!$B$27:$G$278,5,1) | I21: =VLOOKUP(I1,BIL!$B$27:$G$278,5,1) | J21: =VLOOKUP(J1,BIL!$B$27:$G$278,5,1) | ... O21: =VLOOKUP(O1,BIL!$B$27:$G$278,5,1) | P21: =AVERAGE(A21:N21) | Q21: =B21/P21 | R21: =(B21/D21)-1 | S21: =(B21/F21)-1 | T21: =(B21/I21)-1 | U21: =(B21/O21)-1 | V21: =R21*12 | W21: =S21*4 | X21: =T21*2 | Y21: =U21*1 | Z21: =SUM(V21:Y21)
A22: =관심종목!D30 | B22: =관심종목!H30 | C22: =VLOOKUP(C1,TLT!$B$27:$G$278,5,1) | D22: =VLOOKUP(D1,TLT!$B$27:$G$278,5,1) | E22: =VLOOKUP(E1,TLT!$B$27:$G$278,5,1) | F22: =VLOOKUP(F1,TLT!$B$27:$G$278,5,1) | G22: =VLOOKUP(G1,TLT!$B$27:$G$278,5,1) | H22: =VLOOKUP(H1,TLT!$B$27:$G$278,5,1) | I22: =VLOOKUP(I1,TLT!$B$27:$G$278,5,1) | J22: =VLOOKUP(J1,TLT!$B$27:$G$278,5,1) | ... O22: =VLOOKUP(O1,TLT!$B$27:$G$278,5,1) | P22: =AVERAGE(A22:N22) | Q22: =B22/P22 | R22: =(B22/D22)-1 | S22: =(B22/F22)-1 | T22: =(B22/I22)-1 | U22: =(B22/O22)-1 | V22: =R22*12 | W22: =S22*4 | X22: =T22*2 | Y22: =U22*1 | Z22: =SUM(V22:Y22)
A23: =관심종목!D31 | B23: =관심종목!H31 | C23: =VLOOKUP(C1,TIP!$B$27:$G$278,5,1) | D23: =VLOOKUP(D1,TIP!$B$27:$G$278,5,1) | E23: =VLOOKUP(E1,TIP!$B$27:$G$278,5,1) | F23: =VLOOKUP(F1,TIP!$B$27:$G$278,5,1) | G23: =VLOOKUP(G1,TIP!$B$27:$G$278,5,1) | H23: =VLOOKUP(H1,TIP!$B$27:$G$278,5,1) | I23: =VLOOKUP(I1,TIP!$B$27:$G$278,5,1) | J23: =VLOOKUP(J1,TIP!$B$27:$G$278,5,1) | ... O23: =VLOOKUP(O1,TIP!$B$27:$G$278,5,1) | P23: =AVERAGE(A23:N23) | Q23: =B23/P23 | R23: =(B23/D23)-1 | S23: =(B23/F23)-1 | T23: =(B23/I23)-1 | U23: =(B23/O23)-1 | V23: =R23*12 | W23: =S23*4 | X23: =T23*2 | Y23: =U23*1 | Z23: =SUM(V23:Y23)
A24: =관심종목!D32 | B24: =관심종목!H32 | C24: =VLOOKUP(C1,BND!$B$27:$G$278,5,1) | D24: =VLOOKUP(D1,BND!$B$27:$G$278,5,1) | E24: =VLOOKUP(E1,BND!$B$27:$G$278,5,1) | F24: =VLOOKUP(F1,BND!$B$27:$G$278,5,1) | G24: =VLOOKUP(G1,BND!$B$27:$G$278,5,1) | H24: =VLOOKUP(H1,BND!$B$27:$G$278,5,1) | I24: =VLOOKUP(I1,BND!$B$27:$G$278,5,1) | J24: =VLOOKUP(J1,BND!$B$27:$G$278,5,1) | ... O24: =VLOOKUP(O1,BND!$B$27:$G$278,5,1) | P24: =AVERAGE(A24:N24) | Q24: =B24/P24 | R24: =(B24/D24)-1 | S24: =(B24/F24)-1 | T24: =(B24/I24)-1 | U24: =(B24/O24)-1 | V24: =R24*12 | W24: =S24*4 | X24: =T24*2 | Y24: =U24*1 | Z24: =SUM(V24:Y24)
A25: =관심종목!D33 | B25: =관심종목!H33 | C25: =VLOOKUP(C1,DBC!$B$27:$G$278,5,1) | D25: =VLOOKUP(D1,DBC!$B$27:$G$278,5,1) | E25: =VLOOKUP(E1,DBC!$B$27:$G$278,5,1) | F25: =VLOOKUP(F1,DBC!$B$27:$G$278,5,1) | G25: =VLOOKUP(G1,DBC!$B$27:$G$278,5,1) | H25: =VLOOKUP(H1,DBC!$B$27:$G$278,5,1) | I25: =VLOOKUP(I1,DBC!$B$27:$G$278,5,1) | J25: =VLOOKUP(J1,DBC!$B$27:$G$278,5,1) | ... O25: =VLOOKUP(O1,DBC!$B$27:$G$278,5,1) | P25: =AVERAGE(A25:N25) | Q25: =B25/P25 | R25: =(B25/D25)-1 | S25: =(B25/F25)-1 | T25: =(B25/I25)-1 | U25: =(B25/O25)-1 | V25: =R25*12 | W25: =S25*4 | X25: =T25*2 | Y25: =U25*1 | Z25: =SUM(V25:Y25)
A27: ㅣ카나리아 자산군
B28: 현재 | C28: 전 날 | D28: 1개월 전 | E28: 2개월 전 | F28: 3개월 전 | G28: 4개월 전 | H28: 5개월 전 | I28: 6개월 전 | J28: 7개월 전 | K28: 8개월 전 | L28: 9개월 전 | M28: 10개월 전 | N28: 11개월 전 | O28: 12개월 전 | P28: 12개월 이동평균 | Q28: 현재가격/12개월 이동평균 | R28: 1개월 수익률 | S28: 3개월 수익률 | T28: 6개월 수익률 | U28: 최근 1년 수익률 | V28: 1개월 수익률*12 | W28: 3개월 수익률*4 | X28: 6개월 수익률*2 | Y28: 12개월 수익률*1 | Z28: 모멘텀 스코어
A29: SPY | B29: =관심종목!H22 | C29: =VLOOKUP(C1,SPY!$B$27:$G$278,5,1) | D29: =VLOOKUP(D1,SPY!$B$27:$G$278,5,1) | E29: =VLOOKUP(E1,SPY!$B$27:$G$278,5,1) | F29: =VLOOKUP(F1,SPY!$B$27:$G$278,5,1) | G29: =VLOOKUP(G1,SPY!$B$27:$G$278,5,1) | H29: =VLOOKUP(H1,SPY!$B$27:$G$278,5,1) | I29: =VLOOKUP(I1,SPY!$B$27:$G$278,5,1) | J29: =VLOOKUP(J1,SPY!$B$27:$G$278,5,1) | ... O29: =VLOOKUP(O1,SPY!$B$27:$G$278,5,1) | P29: =AVERAGE(D29:O29) | Q29: =B29/P29 | R29: =(B29/D29)-1 | S29: =(B29/F29)-1 | T29: =(B29/I29)-1 | U29: =(B29/O29)-1 | V29: =R29*12 | W29: =S29*12 | X29: =T29*2 | Y29: =U29*1 | Z29: =SUM(V29:Y29)
A30: EFA | B30: =관심종목!H23 | C30: =VLOOKUP(C1,EFA!$B$27:$G$278,5,1) | D30: =VLOOKUP(D1,EFA!$B$27:$G$278,5,1) | E30: =VLOOKUP(E1,EFA!$B$27:$G$278,5,1) | F30: =VLOOKUP(F1,EFA!$B$27:$G$278,5,1) | G30: =VLOOKUP(G1,EFA!$B$27:$G$278,5,1) | H30: =VLOOKUP(H1,EFA!$B$27:$G$278,5,1) | I30: =VLOOKUP(I1,EFA!$B$27:$G$278,5,1) | J30: =VLOOKUP(J1,EFA!$B$27:$G$278,5,1) | ... O30: =VLOOKUP(O1,EFA!$B$27:$G$278,5,1) | P30: =AVERAGE(D30:O30) | Q30: =B30/P30 | R30: =(B30/D30)-1 | S30: =(B30/F30)-1 | T30: =(B30/I30)-1 | U30: =(B30/O30)-1 | V30: =R30*12 | W30: =S30*12 | X30: =T30*2 | Y30: =U30*1 | Z30: =SUM(V30:Y30)
A31: EEM | B31: =관심종목!H24 | C31: =VLOOKUP(C1,EEM!$B$27:$G$278,5,1) | D31: =VLOOKUP(D1,EEM!$B$27:$G$278,5,1) | E31: =VLOOKUP(E1,EEM!$B$27:$G$278,5,1) | F31: =VLOOKUP(F1,EEM!$B$27:$G$278,5,1) | G31: =VLOOKUP(G1,EEM!$B$27:$G$278,5,1) | H31: =VLOOKUP(H1,EEM!$B$27:$G$278,5,1) | I31: =VLOOKUP(I1,EEM!$B$27:$G$278,5,1) | J31: =VLOOKUP(J1,EEM!$B$27:$G$278,5,1) | ... O31: =VLOOKUP(O1,EEM!$B$27:$G$278,5,1) | P31: =AVERAGE(D31:O31) | Q31: =B31/P31 | R31: =(B31/D31)-1 | S31: =(B31/F31)-1 | T31: =(B31/I31)-1 | U31: =(B31/O31)-1 | V31: =R31*12 | W31: =S31*12 | X31: =T31*2 | Y31: =U31*1 | Z31: =SUM(V31:Y31)
A32: AGG | B32: =관심종목!H25 | C32: =VLOOKUP(C1,AGG!$B$27:$G$278,5,1) | D32: =VLOOKUP(D1,AGG!$B$27:$G$278,5,1) | E32: =VLOOKUP(E1,AGG!$B$27:$G$278,5,1) | F32: =VLOOKUP(F1,AGG!$B$27:$G$278,5,1) | G32: =VLOOKUP(G1,AGG!$B$27:$G$278,5,1) | H32: =VLOOKUP(H1,AGG!$B$27:$G$278,5,1) | I32: =VLOOKUP(I1,AGG!$B$27:$G$278,5,1) | J32: =VLOOKUP(J1,AGG!$B$27:$G$278,5,1) | ... O32: =VLOOKUP(O1,AGG!$B$27:$G$278,5,1) | P32: =AVERAGE(D32:O32) | Q32: =B32/P32 | R32: =(B32/D32)-1 | S32: =(B32/F32)-1 | T32: =(B32/I32)-1 | U32: =(B32/O32)-1 | V32: =R32*12 | W32: =S32*12 | X32: =T32*2 | Y32: =U32*1 | Z32: =SUM(V32:Y32)
A33: QQQ | B33: =관심종목!H26 | C33: =VLOOKUP(C1,QQQ!$B$27:$G$278,5,1) | D33: =VLOOKUP(D1,QQQ!$B$27:$G$278,5,1) | E33: =VLOOKUP(E1,QQQ!$B$27:$G$278,5,1) | F33: =VLOOKUP(F1,QQQ!$B$27:$G$278,5,1) | G33: =VLOOKUP(G1,QQQ!$B$27:$G$278,5,1) | H33: =VLOOKUP(H1,QQQ!$B$27:$G$278,5,1) | I33: =VLOOKUP(I1,QQQ!$B$27:$G$278,5,1) | J33: =VLOOKUP(J1,QQQ!$B$27:$G$278,5,1) | ... O33: =VLOOKUP(O1,QQQ!$B$27:$G$278,5,1) | P33: =AVERAGE(D33:O33) | Q33: =B33/P33 | R33: =(B33/D33)-1 | S33: =(B33/F33)-1 | T33: =(B33/I33)-1 | U33: =(B33/O33)-1 | V33: =R33*12 | W33: =S33*4 | X33: =T33*2 | Y33: =U33*1 | Z33: =SUM(V33:Y33)
A35: ㅣ변형듀얼모멘텀_공격자산
B36: =U28
A37: SPY | B37: =U29
A38: EFA | B38: =U30
A40: ㅣ변형듀얼모멘텀_안전자산
B41: 현재 | C41: 전 날 | D41: 1개월 전 | E41: 2개월 전 | F41: 3개월 전 | G41: 4개월 전 | H41: 5개월 전 | I41: 6개월 전 | J41: 7개월 전 | K41: 8개월 전 | L41: 9개월 전 | M41: 10개월 전 | N41: 11개월 전 | O41: 12개월 전 | P41: 12개월 이동평균 | Q41: 현재가격/12개월 이동평균 | R41: 1개월 수익률 | S41: 3개월 수익률 | T41: 6개월 수익률 | U41: 최근 1년 수익률 | V41: 1개월 수익률*12 | W41: 3개월 수익률*4 | X41: 6개월 수익률*2 | Y41: 12개월 수익률*1 | Z41: 모멘텀 스코어
A42: =관심종목!D39 | B42: =관심종목!H39 | C42: =VLOOKUP(C1,SHY!$B$27:$G$278,5,1) | D42: =VLOOKUP(D1,SHY!$B$27:$G$278,5,1) | E42: =VLOOKUP(E1,SHY!$B$27:$G$278,5,1) | F42: =VLOOKUP(F1,SHY!$B$27:$G$278,5,1) | G42: =VLOOKUP(G1,SHY!$B$27:$G$278,5,1) | H42: =VLOOKUP(H1,SHY!$B$27:$G$278,5,1) | I42: =VLOOKUP(I1,SHY!$B$27:$G$278,5,1) | J42: =VLOOKUP(J1,SHY!$B$27:$G$278,5,1) | ... O42: =VLOOKUP(O1,SHY!$B$27:$G$278,5,1) | P42: =AVERAGE(D42:O42) | Q42: =B42/P42 | R42: =(B42/D42)-1 | S42: =(B42/F42)-1 | T42: =(B42/I42)-1 | U42: =(B42/O42)-1 | V42: =R42*12 | W42: =S42*4 | X42: =T42*2 | Y42: =U42*1 | Z42: =SUM(V42:Y42)
A43: =관심종목!D40 | B43: =관심종목!H40 | C43: =VLOOKUP(C1,IEF!$B$27:$G$278,5,1) | D43: =VLOOKUP(D1,IEF!$B$27:$G$278,5,1) | E43: =VLOOKUP(E1,IEF!$B$27:$G$278,5,1) | F43: =VLOOKUP(F1,IEF!$B$27:$G$278,5,1) | G43: =VLOOKUP(G1,IEF!$B$27:$G$278,5,1) | H43: =VLOOKUP(H1,IEF!$B$27:$G$278,5,1) | I43: =VLOOKUP(I1,IEF!$B$27:$G$278,5,1) | J43: =VLOOKUP(J1,IEF!$B$27:$G$278,5,1) | ... O43: =VLOOKUP(O1,IEF!$B$27:$G$278,5,1) | P43: =AVERAGE(D43:O43) | Q43: =B43/P43 | R43: =(B43/D43)-1 | S43: =(C43/F43)-1 | T43: =(B43/I43)-1 | U43: =(B43/O43)-1 | V43: =R43*12 | W43: =S43*4 | X43: =T43*2 | Y43: =U43*1 | Z43: =SUM(V43:Y43)
A44: =관심종목!D41 | B44: =관심종목!H41 | C44: =VLOOKUP(C1,TLT!$B$27:$G$278,5,1) | D44: =VLOOKUP(D1,TLT!$B$27:$G$278,5,1) | E44: =VLOOKUP(E1,TLT!$B$27:$G$278,5,1) | F44: =VLOOKUP(F1,TLT!$B$27:$G$278,5,1) | G44: =VLOOKUP(G1,TLT!$B$27:$G$278,5,1) | H44: =VLOOKUP(H1,TLT!$B$27:$G$278,5,1) | I44: =VLOOKUP(I1,TLT!$B$27:$G$278,5,1) | J44: =VLOOKUP(J1,TLT!$B$27:$G$278,5,1) | ... O44: =VLOOKUP(O1,TLT!$B$27:$G$278,5,1) | P44: =AVERAGE(D44:O44) | Q44: =B44/P44 | R44: =(B44/D44)-1 | S44: =(C44/F44)-1 | T44: =(B44/I44)-1 | U44: =(B44/O44)-1 | V44: =R44*12 | W44: =S44*4 | X44: =T44*2 | Y44: =U44*1 | Z44: =SUM(V44:Y44)
A45: =관심종목!D42 | B45: =관심종목!H42 | C45: =VLOOKUP(C1,TIP!$B$27:$G$278,5,1) | D45: =VLOOKUP(D1,TIP!$B$27:$G$278,5,1) | E45: =VLOOKUP(E1,TIP!$B$27:$G$278,5,1) | F45: =VLOOKUP(F1,TIP!$B$27:$G$278,5,1) | G45: =VLOOKUP(G1,TIP!$B$27:$G$278,5,1) | H45: =VLOOKUP(H1,TIP!$B$27:$G$278,5,1) | I45: =VLOOKUP(I1,TIP!$B$27:$G$278,5,1) | J45: =VLOOKUP(J1,TIP!$B$27:$G$278,5,1) | ... O45: =VLOOKUP(O1,TIP!$B$27:$G$278,5,1) | P45: =AVERAGE(D45:O45) | Q45: =B45/P45 | R45: =(B45/D45)-1 | S45: =(C45/F45)-1 | T45: =(B45/I45)-1 | U45: =(B45/O45)-1 | V45: =R45*12 | W45: =S45*4 | X45: =T45*2 | Y45: =U45*1 | Z45: =SUM(V45:Y45)
A46: =관심종목!D43 | B46: =관심종목!H43 | C46: =VLOOKUP(C1,LQD!$B$27:$G$278,5,1) | D46: =VLOOKUP(D1,LQD!$B$27:$G$278,5,1) | E46: =VLOOKUP(E1,LQD!$B$27:$G$278,5,1) | F46: =VLOOKUP(F1,LQD!$B$27:$G$278,5,1) | G46: =VLOOKUP(G1,LQD!$B$27:$G$278,5,1) | H46: =VLOOKUP(H1,LQD!$B$27:$G$278,5,1) | I46: =VLOOKUP(I1,LQD!$B$27:$G$278,5,1) | J46: =VLOOKUP(J1,LQD!$B$27:$G$278,5,1) | ... O46: =VLOOKUP(O1,LQD!$B$27:$G$278,5,1) | P46: =AVERAGE(D46:O46) | Q46: =B46/P46 | R46: =(B46/D46)-1 | S46: =(C46/F46)-1 | T46: =(B46/I46)-1 | U46: =(B46/O46)-1 | V46: =R46*12 | W46: =S46*4 | X46: =T46*2 | Y46: =U46*1 | Z46: =SUM(V46:Y46)
A47: =관심종목!D44 | B47: =관심종목!H44 | C47: =VLOOKUP(C1,HYG!$B$27:$G$278,5,1) | D47: =VLOOKUP(D1,HYG!$B$27:$G$278,5,1) | E47: =VLOOKUP(E1,HYG!$B$27:$G$278,5,1) | F47: =VLOOKUP(F1,HYG!$B$27:$G$278,5,1) | G47: =VLOOKUP(G1,HYG!$B$27:$G$278,5,1) | H47: =VLOOKUP(H1,HYG!$B$27:$G$278,5,1) | I47: =VLOOKUP(I1,HYG!$B$27:$G$278,5,1) | J47: =VLOOKUP(J1,HYG!$B$27:$G$278,5,1) | ... O47: =VLOOKUP(O1,HYG!$B$27:$G$278,5,1) | P47: =AVERAGE(D47:O47) | Q47: =B47/P47 | R47: =(B47/D47)-1 | S47: =(C47/F47)-1 | T47: =(B47/I47)-1 | U47: =(B47/O47)-1 | V47: =R47*12 | W47: =S47*4 | X47: =T47*2 | Y47: =U47*1 | Z47: =SUM(V47:Y47)
A48: =관심종목!D45 | B48: =관심종목!H45 | C48: =VLOOKUP(C1,BWX!$B$27:$G$278,5,1) | D48: =VLOOKUP(D1,BWX!$B$27:$G$278,5,1) | E48: =VLOOKUP(E1,BWX!$B$27:$G$278,5,1) | F48: =VLOOKUP(F1,BWX!$B$27:$G$278,5,1) | G48: =VLOOKUP(G1,BWX!$B$27:$G$278,5,1) | H48: =VLOOKUP(H1,BWX!$B$27:$G$278,5,1) | I48: =VLOOKUP(I1,BWX!$B$27:$G$278,5,1) | J48: =VLOOKUP(J1,BWX!$B$27:$G$278,5,1) | ... O48: =VLOOKUP(O1,BWX!$B$27:$G$278,5,1) | P48: =AVERAGE(D48:O48) | Q48: =B48/P48 | R48: =(B48/D48)-1 | S48: =(C48/F48)-1 | T48: =(B48/I48)-1 | U48: =(B48/O48)-1 | V48: =R48*12 | W48: =S48*4 | X48: =T48*2 | Y48: =U48*1 | Z48: =SUM(V48:Y48)
A49: =관심종목!D46 | B49: =관심종목!H46 | C49: =VLOOKUP(C1,EMB!$B$27:$G$278,5,1) | D49: =VLOOKUP(D1,EMB!$B$27:$G$278,5,1) | E49: =VLOOKUP(E1,EMB!$B$27:$G$278,5,1) | F49: =VLOOKUP(F1,EMB!$B$27:$G$278,5,1) | G49: =VLOOKUP(G1,EMB!$B$27:$G$278,5,1) | H49: =VLOOKUP(H1,EMB!$B$27:$G$278,5,1) | I49: =VLOOKUP(I1,EMB!$B$27:$G$278,5,1) | J49: =VLOOKUP(J1,EMB!$B$27:$G$278,5,1) | ... O49: =VLOOKUP(O1,EMB!$B$27:$G$278,5,1) | P49: =AVERAGE(D49:O49) | Q49: =B49/P49 | R49: =(B49/D49)-1 | S49: =(C49/F49)-1 | T49: =(B49/I49)-1 | U49: =(B49/O49)-1 | V49: =R49*12 | W49: =S49*4 | X49: =T49*2 | Y49: =U49*1 | Z49: =SUM(V49:Y49)
A54: =관심종목!D51
A55: =관심종목!D52
A56: =관심종목!D53
A57: =관심종목!D54

Sheet SPY
B1: ← 관심종목으로 돌아가기 | G1: 제공:
G2: Google Finance
B4: spy | C4: << 종목코드 입력
C5: << 필요한 경우 거래소 입력(예: NASDAQ, NYSE)
B7: =IFERROR(__xludf.DUMMYFUNCTION("GOOGLEFINANCE(B18,""name"")"),"State Street SPDR S&P 500 ETF Trust")
B9: 현재가 | D9: 전일대비 | E9: 등락률(%)
B10: =IFERROR(__xludf.DUMMYFUNCTION("GOOGLEFINANCE(B18,""price"")"),729.46) | D10: =IFERROR(__xludf.DUMMYFUNCTION("IFERROR(GOOGLEFINANCE(B18,""change""),""-"")"),-11.4) | E10: =IFERROR(__xludf.DUMMYFUNCTION("IFERROR(GOOGLEFINANCE(B18,""changepct"")/100,""-"")"),-0.0154)
B13: 시가총액 | C13: PER | D13: 베타계수
B14: =IFERROR(__xludf.DUMMYFUNCTION("IFERROR(GOOGLEFINANCE(B18,""marketcap""),""-"")"),658411272346) | C14: =IFERROR(__xludf.DUMMYFUNCTION("IFERROR(GOOGLEFINANCE(B18,""pe""),""-"")"),"-") | D14: =IFERROR(__xludf.DUMMYFUNCTION("IFERROR(GOOGLEFINANCE(B18,""beta""),""-"")"),"-")
G15: 12 Months
B18: =IF(ISBLANK(B5),"",B5&":")&B4
B27: =IFERROR(__xludf.DUMMYFUNCTION("GOOGLEFINANCE(B18, ""all"", EDATE(TODAY(), -LEFT(G15, FIND("" "", G15))), TODAY(), ""DAILY"")"),"Date") | C27: =IFERROR(__xludf.DUMMYFUNCTION("""COMPUTED_VALUE"""),"Open") | D27: =IFERROR(__xludf.DUMMYFUNCTION("""COMPUTED_VALUE"""),"High") | E27: =IFERROR(__xludf.DUMMYFUNCTION("""COMPUTED_VALUE"""),"Low") | F27: =IFERROR(__xludf.DUMMYFUNCTION("""COMPUTED_VALUE"""),"Close") | G27: =IFERROR(__xludf.DUMMYFUNCTION("""COMPUTED_VALUE"""),"Volume")
B28: =IFERROR(__xludf.DUMMYFUNCTION("""COMPUTED_VALUE"""),45868.6666666666) | C28: =IFERROR(__xludf.DUMMYFUNCTION("""COMPUTED_VALUE"""),635.92) | D28: =IFERROR(__xludf.DUMMYFUNCTION("""COMPUTED_VALUE"""),637.68) | E28: =IFERROR(__xludf.DUMMYFUNCTION("""COMPUTED_VALUE"""),631.54) | F28: =IFERROR(__xludf.DUMMYFUNCTION("""COMPUTED_VALUE"""),634.46) | G28: =IFERROR(__xludf.DUMMYFUNCTION("""COMPUTED_VALUE"""),80418851)
B29: =IFERROR(__xludf.DUMMYFUNCTION("""COMPUTED_VALUE"""),45869.6666666666) | C29: =IFERROR(__xludf.DUMMYFUNCTION("""COMPUTED_VALUE"""),639.46) | D29: =IFERROR(__xludf.DUMMYFUNCTION("""COMPUTED_VALUE"""),639.85) | E29: =IFERROR(__xludf.DUMMYFUNCTION("""COMPUTED_VALUE"""),630.77) | F29: =IFERROR(__xludf.DUMMYFUNCTION("""COMPUTED_VALUE"""),632.08) | G29: =IFERROR(__xludf.DUMMYFUNCTION("""COMPUTED_VALUE"""),103385246)
B30: =IFERROR(__xludf.DUMMYFUNCTION("""COMPUTED_VALUE"""),45870.6666666666) | C30: =IFERROR(__xludf.DUMMYFUNCTION("""COMPUTED_VALUE"""),626.3) | D30: =IFERROR(__xludf.DUMMYFUNCTION("""COMPUTED_VALUE"""),626.34) | E30: =IFERROR(__xludf.DUMMYFUNCTION("""COMPUTED_VALUE"""),619.29) | F30: =IFERROR(__xludf.DUMMYFUNCTION("""COMPUTED_VALUE"""),621.72) | G30: =IFERROR(__xludf.DUMMYFUNCTION("""COMPUTED_VALUE"""),140103572)
B31: =IFERROR(__xludf.DUMMYFUNCTION("""COMPUTED_VALUE"""),45873.6666666666) | C31: =IFERROR(__xludf.DUMMYFUNCTION("""COMPUTED_VALUE"""),625.67) | D31: =IFERROR(__xludf.DUMMYFUNCTION("""COMPUTED_VALUE"""),631.22) | E31: =IFERROR(__xludf.DUMMYFUNCTION("""COMPUTED_VALUE"""),625.58) | F31: =IFERROR(__xludf.DUMMYFUNCTION("""COMPUTED_VALUE"""),631.17) | G31: =IFERROR(__xludf.DUMMYFUNCTION("""COMPUTED_VALUE"""),73218015)
B32: =IFERROR(__xludf.DUMMYFUNCTION("""COMPUTED_VALUE"""),45874.6666666666) | C32: =IFERROR(__xludf.DUMMYFUNCTION("""COMPUTED_VALUE"""),631.79) | D32: =IFERROR(__xludf.DUMMYFUNCTION("""COMPUTED_VALUE"""),632.61) | E32: =IFERROR(__xludf.DUMMYFUNCTION("""COMPUTED_VALUE"""),627.04) | F32: =IFERROR(__xludf.DUMMYFUNCTION("""COMPUTED_VALUE"""),627.97) | G32: =IFERROR(__xludf.DUMMYFUNCTION("""COMPUTED_VALUE"""),68051401)
B33: =IFERROR(__xludf.DUMMYFUNCTION("""COMPUTED_VALUE"""),45875.6666666666) | C33: =IFERROR(__xludf.DUMMYFUNCTION("""COMPUTED_VALUE"""),629.05) | D33: =IFERROR(__xludf.DUMMYFUNCTION("""COMPUTED_VALUE"""),633.44) | E33: =IFERROR(__xludf.DUMMYFUNCTION("""COMPUTED_VALUE"""),628.13) | F33: =IFERROR(__xludf.DUMMYFUNCTION("""COMPUTED_VALUE"""),632.78) | G33: =IFERROR(__xludf.DUMMYFUNCTION("""COMPUTED_VALUE"""),64357525)
B34: =IFERROR(__xludf.DUMMYFUNCTION("""COMPUTED_VALUE"""),45876.6666666666) | C34: =IFERROR(__xludf.DUMMYFUNCTION("""COMPUTED_VALUE"""),636.24) | D34: =IFERROR(__xludf.DUMMYFUNCTION("""COMPUTED_VALUE"""),636.98) | E34: =IFERROR(__xludf.DUMMYFUNCTION("""COMPUTED_VALUE"""),629.11) | F34: =IFERROR(__xludf.DUMMYFUNCTION("""COMPUTED_VALUE"""),632.25) | G34: =IFERROR(__xludf.DUMMYFUNCTION("""COMPUTED_VALUE"""),74205791)
B35: =IFERROR(__xludf.DUMMYFUNCTION("""COMPUTED_VALUE"""),45877.6666666666) | C35: =IFERROR(__xludf.DUMMYFUNCTION("""COMPUTED_VALUE"""),634.06) | D35: =IFERROR(__xludf.DUMMYFUNCTION("""COMPUTED_VALUE"""),637.65) | E35: =IFERROR(__xludf.DUMMYFUNCTION("""COMPUTED_VALUE"""),633.74) | F35: =IFERROR(__xludf.DUMMYFUNCTION("""COMPUTED_VALUE"""),637.18) | G35: =IFERROR(__xludf.DUMMYFUNCTION("""COMPUTED_VALUE"""),64051626)
B36: =IFERROR(__xludf.DUMMYFUNCTION("""COMPUTED_VALUE"""),45880.6666666666) | C36: =IFERROR(__xludf.DUMMYFUNCTION("""COMPUTED_VALUE"""),637.46) | D36: =IFERROR(__xludf.DUMMYFUNCTION("""COMPUTED_VALUE"""),638.95) | E36: =IFERROR(__xludf.DUMMYFUNCTION("""COMPUTED_VALUE"""),634.66) | F36: =IFERROR(__xludf.DUMMYFUNCTION("""COMPUTED_VALUE"""),635.92) | G36: =IFERROR(__xludf.DUMMYFUNCTION("""COMPUTED_VALUE"""),58742300)
B37: =IFERROR(__xludf.DUMMYFUNCTION("""COMPUTED_VALUE"""),45881.6666666666) | C37: =IFERROR(__xludf.DUMMYFUNCTION("""COMPUTED_VALUE"""),638.29) | D37: =IFERROR(__xludf.DUMMYFUNCTION("""COMPUTED_VALUE"""),642.85) | E37: =IFERROR(__xludf.DUMMYFUNCTION("""COMPUTED_VALUE"""),636.79) | F37: =IFERROR(__xludf.DUMMYFUNCTION("""COMPUTED_VALUE"""),642.69) | G37: =IFERROR(__xludf.DUMMYFUNCTION("""COMPUTED_VALUE"""),64821798)
B38: =IFERROR(__xludf.DUMMYFUNCTION("""COMPUTED_VALUE"""),45882.6666666666) | C38: =IFERROR(__xludf.DUMMYFUNCTION("""COMPUTED_VALUE"""),644.91) | D38: =IFERROR(__xludf.DUMMYFUNCTION("""COMPUTED_VALUE"""),646.19) | E38: =IFERROR(__xludf.DUMMYFUNCTION("""COMPUTED_VALUE"""),642.68) | F38: =IFERROR(__xludf.DUMMYFUNCTION("""COMPUTED_VALUE"""),644.89) | G38: =IFERROR(__xludf.DUMMYFUNCTION("""COMPUTED_VALUE"""),60092790)
B39: =IFERROR(__xludf.DUMMYFUNCTION("""COMPUTED_VALUE"""),45883.6666666666) | C39: =IFERROR(__xludf.DUMMYFUNCTION("""COMPUTED_VALUE"""),642.79) | D39: =IFERROR(__xludf.DUMMYFUNCTION("""COMPUTED_VALUE"""),645.62) | E39: =IFERROR(__xludf.DUMMYFUNCTION("""COMPUTED_VALUE"""),642.34) | F39: =IFERROR(__xludf.DUMMYFUNCTION("""COMPUTED_VALUE"""),644.95) | G39: =IFERROR(__xludf.DUMMYFUNCTION("""COMPUTED_VALUE"""),59327466)
B40: =IFERROR(__xludf.DUMMYFUNCTION("""COMPUTED_VALUE"""),45884.6666666666) | C40: =IFERROR(__xludf.DUMMYFUNCTION("""COMPUTED_VALUE"""),645.99) | D40: =IFERROR(__xludf.DUMMYFUNCTION("""COMPUTED_VALUE"""),646.09) | E40: =IFERROR(__xludf.DUMMYFUNCTION("""COMPUTED_VALUE"""),642.52) | F40: =IFERROR(__xludf.DUMMYFUNCTION("""COMPUTED_VALUE"""),643.44) | G40: =IFERROR(__xludf.DUMMYFUNCTION("""COMPUTED_VALUE"""),68592507)
B41: =IFERROR(__xludf.DUMMYFUNCTION("""COMPUTED_VALUE"""),45887.6666666666) | C41: =IFERROR(__xludf.DUMMYFUNCTION("""COMPUTED_VALUE"""),642.86) | D41: =IFERROR(__xludf.DUMMYFUNCTION("""COMPUTED_VALUE"""),644) | E41: =IFERROR(__xludf.DUMMYFUNCTION("""COMPUTED_VALUE"""),642.18) | F41: =IFERROR(__xludf.DUMMYFUNCTION("""COMPUTED_VALUE"""),643.3) | G41: =IFERROR(__xludf.DUMMYFUNCTION("""COMPUTED_VALUE"""),43804914)
B42: =IFERROR(__xludf.DUMMYFUNCTION("""COMPUTED_VALUE"""),45888.6666666666) | C42: =IFERROR(__xludf.DUMMYFUNCTION("""COMPUTED_VALUE"""),643.12) | D42: =IFERROR(__xludf.DUMMYFUNCTION("""COMPUTED_VALUE"""),644.11) | E42: =IFERROR(__xludf.DUMMYFUNCTION("""COMPUTED_VALUE"""),638.48) | F42: =IFERROR(__xludf.DUMMYFUNCTION("""COMPUTED_VALUE"""),639.81) | G42: =IFERROR(__xludf.DUMMYFUNCTION("""COMPUTED_VALUE"""),69750731)
B43: =IFERROR(__xludf.DUMMYFUNCTION("""COMPUTED_VALUE"""),45889.6666666666) | C43: =IFERROR(__xludf.DUMMYFUNCTION("""COMPUTED_VALUE"""),639.4) | D43: =IFERROR(__xludf.DUMMYFUNCTION("""COMPUTED_VALUE"""),639.66) | E43: =IFERROR(__xludf.DUMMYFUNCTION("""COMPUTED_VALUE"""),632.95) | F43: =IFERROR(__xludf.DUMMYFUNCTION("""COMPUTED_VALUE"""),638.11) | G43: =IFERROR(__xludf.DUMMYFUNCTION("""COMPUTED_VALUE"""),88890298)
B44: =IFERROR(__xludf.DUMMYFUNCTION("""COMPUTED_VALUE"""),45890.6666666666) | C44: =IFERROR(__xludf.DUMMYFUNCTION("""COMPUTED_VALUE"""),636.28) | D44: =IFERROR(__xludf.DUMMYFUNCTION("""COMPUTED_VALUE"""),637.97) | E44: =IFERROR(__xludf.DUMMYFUNCTION("""COMPUTED_VALUE"""),633.81) | F44: =IFERROR(__xludf.DUMMYFUNCTION("""COMPUTED_VALUE"""),635.55) | G44: =IFERROR(__xludf.DUMMYFUNCTION("""COMPUTED_VALUE"""),54805775)
B45: =IFERROR(__xludf.DUMMYFUNCTION("""COMPUTED_VALUE"""),45891.6666666666) | C45: =IFERROR(__xludf.DUMMYFUNCTION("""COMPUTED_VALUE"""),637.76) | D45: =IFERROR(__xludf.DUMMYFUNCTION("""COMPUTED_VALUE"""),646.5) | E45: =IFERROR(__xludf.DUMMYFUNCTION("""COMPUTED_VALUE"""),637.25) | F45: =IFERROR(__xludf.DUMMYFUNCTION("""COMPUTED_VALUE"""),645.31) | G45: =IFERROR(__xludf.DUMMYFUNCTION("""COMPUTED_VALUE"""),84083214)
B46: =IFERROR(__xludf.DUMMYFUNCTION("""COMPUTED_VALUE"""),45894.6666666666) | C46: =IFERROR(__xludf.DUMMYFUNCTION("""COMPUTED_VALUE"""),644.04) | D46: =IFERROR(__xludf.DUMMYFUNCTION("""COMPUTED_VALUE"""),645.29) | E46: =IFERROR(__xludf.DUMMYFUNCTION("""COMPUTED_VALUE"""),642.35) | F46: =IFERROR(__xludf.DUMMYFUNCTION("""COMPUTED_VALUE"""),642.47) | G46: =IFERROR(__xludf.DUMMYFUNCTION("""COMPUTED_VALUE"""),51274332)
B47: =IFERROR(__xludf.DUMMYFUNCTION("""COMPUTED_VALUE"""),45895.6666666666) | C47: =IFERROR(__xludf.DUMMYFUNCTION("""COMPUTED_VALUE"""),642.2) | D47: =IFERROR(__xludf.DUMMYFUNCTION("""COMPUTED_VALUE"""),645.51) | E47: =IFERROR(__xludf.DUMMYFUNCTION("""COMPUTED_VALUE"""),641.57) | F47: =IFERROR(__xludf.DUMMYFUNCTION("""COMPUTED_VALUE"""),645.16) | G47: =IFERROR(__xludf.DUMMYFUNCTION("""COMPUTED_VALUE"""),51581565)
B48: =IFERROR(__xludf.DUMMYFUNCTION("""COMPUTED_VALUE"""),45896.6666666666) | C48: =IFERROR(__xludf.DUMMYFUNCTION("""COMPUTED_VALUE"""),644.57) | D48: =IFERROR(__xludf.DUMMYFUNCTION("""COMPUTED_VALUE"""),647.37) | E48: =IFERROR(__xludf.DUMMYFUNCTION("""COMPUTED_VALUE"""),644.42) | F48: =IFERROR(__xludf.DUMMYFUNCTION("""COMPUTED_VALUE"""),646.63) | G48: =IFERROR(__xludf.DUMMYFUNCTION("""COMPUTED_VALUE"""),48341069)
B49: =IFERROR(__xludf.DUMMYFUNCTION("""COMPUTED_VALUE"""),45897.6666666666) | C49: =IFERROR(__xludf.DUMMYFUNCTION("""COMPUTED_VALUE"""),647.24) | D49: =IFERROR(__xludf.DUMMYFUNCTION("""COMPUTED_VALUE"""),649.48) | E49: =IFERROR(__xludf.DUMMYFUNCTION("""COMPUTED_VALUE"""),645.34) | F49: =IFERROR(__xludf.DUMMYFUNCTION("""COMPUTED_VALUE"""),648.92) | G49: =IFERROR(__xludf.DUMMYFUNCTION("""COMPUTED_VALUE"""),61519461)
B50: =IFERROR(__xludf.DUMMYFUNCTION("""COMPUTED_VALUE"""),45898.6666666666) | C50: =IFERROR(__xludf.DUMMYFUNCTION("""COMPUTED_VALUE"""),647.47) | D50: =IFERROR(__xludf.DUMMYFUNCTION("""COMPUTED_VALUE"""),647.84) | E50: =IFERROR(__xludf.DUMMYFUNCTION("""COMPUTED_VALUE"""),643.14) | F50: =IFERROR(__xludf.DUMMYFUNCTION("""COMPUTED_VALUE"""),645.05) | G50: =IFERROR(__xludf.DUMMYFUNCTION("""COMPUTED_VALUE"""),74522192)
B51: =IFERROR(__xludf.DUMMYFUNCTION("""COMPUTED_VALUE"""),45902.6666666666) | C51: =IFERROR(__xludf.DUMMYFUNCTION("""COMPUTED_VALUE"""),637.5) | D51: =IFERROR(__xludf.DUMMYFUNCTION("""COMPUTED_VALUE"""),640.49) | E51: =IFERROR(__xludf.DUMMYFUNCTION("""COMPUTED_VALUE"""),634.92) | F51: =IFERROR(__xludf.DUMMYFUNCTION("""COMPUTED_VALUE"""),640.27) | G51: =IFERROR(__xludf.DUMMYFUNCTION("""COMPUTED_VALUE"""),81983545)
B52: =IFERROR(__xludf.DUMMYFUNCTION("""COMPUTED_VALUE"""),45903.6666666666) | C52: =IFERROR(__xludf.DUMMYFUNCTION("""COMPUTED_VALUE"""),642.67) | D52: =IFERROR(__xludf.DUMMYFUNCTION("""COMPUTED_VALUE"""),644.21) | E52: =IFERROR(__xludf.DUMMYFUNCTION("""COMPUTED_VALUE"""),640.46) | F52: =IFERROR(__xludf.DUMMYFUNCTION("""COMPUTED_VALUE"""),643.74) | G52: =IFERROR(__xludf.DUMMYFUNCTION("""COMPUTED_VALUE"""),70820898)
B53: =IFERROR(__xludf.DUMMYFUNCTION("""COMPUTED_VALUE"""),45904.6666666666) | C53: =IFERROR(__xludf.DUMMYFUNCTION("""COMPUTED_VALUE"""),644.42) | D53: =IFERROR(__xludf.DUMMYFUNCTION("""COMPUTED_VALUE"""),649.15) | E53: =IFERROR(__xludf.DUMMYFUNCTION("""COMPUTED_VALUE"""),643.51) | F53: =IFERROR(__xludf.DUMMYFUNCTION("""COMPUTED_VALUE"""),649.12) | G53: =IFERROR(__xludf.DUMMYFUNCTION("""COMPUTED_VALUE"""),65219228)
B54: =IFERROR(__xludf.DUMMYFUNCTION("""COMPUTED_VALUE"""),45905.6666666666) | C54: =IFERROR(__xludf.DUMMYFUNCTION("""COMPUTED_VALUE"""),651.48) | D54: =IFERROR(__xludf.DUMMYFUNCTION("""COMPUTED_VALUE"""),652.21) | E54: =IFERROR(__xludf.DUMMYFUNCTION("""COMPUTED_VALUE"""),643.33) | F54: =IFERROR(__xludf.DUMMYFUNCTION("""COMPUTED_VALUE"""),647.24) | G54: =IFERROR(__xludf.DUMMYFUNCTION("""COMPUTED_VALUE"""),85178935)
B55: =IFERROR(__xludf.DUMMYFUNCTION("""COMPUTED_VALUE"""),45908.6666666666) | C55: =IFERROR(__xludf.DUMMYFUNCTION("""COMPUTED_VALUE"""),648.62) | D55: =IFERROR(__xludf.DUMMYFUNCTION("""COMPUTED_VALUE"""),649.84) | E55: =IFERROR(__xludf.DUMMYFUNCTION("""COMPUTED_VALUE"""),647.23) | F55: =IFERROR(__xludf.DUMMYFUNCTION("""COMPUTED_VALUE"""),648.83) | G55: =IFERROR(__xludf.DUMMYFUNCTION("""COMPUTED_VALUE"""),63133104)
B56: =IFERROR(__xludf.DUMMYFUNCTION("""COMPUTED_VALUE"""),45909.6666666666) | C56: =IFERROR(__xludf.DUMMYFUNCTION("""COMPUTED_VALUE"""),648.97) | D56: =IFERROR(__xludf.DUMMYFUNCTION("""COMPUTED_VALUE"""),650.86) | E56: =IFERROR(__xludf.DUMMYFUNCTION("""COMPUTED_VALUE"""),647.22) | F56: =IFERROR(__xludf.DUMMYFUNCTION("""COMPUTED_VALUE"""),650.33) | G56: =IFERROR(__xludf.DUMMYFUNCTION("""COMPUTED_VALUE"""),66133856)
B57: =IFERROR(__xludf.DUMMYFUNCTION("""COMPUTED_VALUE"""),45910.6666666666) | C57: =IFERROR(__xludf.DUMMYFUNCTION("""COMPUTED_VALUE"""),653.62) | D57: =IFERROR(__xludf.DUMMYFUNCTION("""COMPUTED_VALUE"""),654.55) | E57: =IFERROR(__xludf.DUMMYFUNCTION("""COMPUTED_VALUE"""),650.63) | F57: =IFERROR(__xludf.DUMMYFUNCTION("""COMPUTED_VALUE"""),652.21) | G57: =IFERROR(__xludf.DUMMYFUNCTION("""COMPUTED_VALUE"""),78034529)
B58: =IFERROR(__xludf.DUMMYFUNCTION("""COMPUTED_VALUE"""),45911.6666666666) | C58: =IFERROR(__xludf.DUMMYFUNCTION("""COMPUTED_VALUE"""),654.18) | D58: =IFERROR(__xludf.DUMMYFUNCTION("""COMPUTED_VALUE"""),658.33) | E58: =IFERROR(__xludf.DUMMYFUNCTION("""COMPUTED_VALUE"""),653.59) | F58: =IFERROR(__xludf.DUMMYFUNCTION("""COMPUTED_VALUE"""),657.63) | G58: =IFERROR(__xludf.DUMMYFUNCTION("""COMPUTED_VALUE"""),69934360)
B59: =IFERROR(__xludf.DUMMYFUNCTION("""COMPUTED_VALUE"""),45912.6666666666) | C59: =IFERROR(__xludf.DUMMYFUNCTION("""COMPUTED_VALUE"""),657.6) | D59: =IFERROR(__xludf.DUMMYFUNCTION("""COMPUTED_VALUE"""),659.11) | E59: =IFERROR(__xludf.DUMMYFUNCTION("""COMPUTED_VALUE"""),656.9) | F59: =IFERROR(__xludf.DUMMYFUNCTION("""COMPUTED_VALUE"""),657.41) | G59: =IFERROR(__xludf.DUMMYFUNCTION("""COMPUTED_VALUE"""),72780135)
B60: =IFERROR(__xludf.DUMMYFUNCTION("""COMPUTED_VALUE"""),45915.6666666666) | C60: =IFERROR(__xludf.DUMMYFUNCTION("""COMPUTED_VALUE"""),659.64) | D60: =IFERROR(__xludf.DUMMYFUNCTION("""COMPUTED_VALUE"""),661.04) | E60: =IFERROR(__xludf.DUMMYFUNCTION("""COMPUTED_VALUE"""),659.34) | F60: =IFERROR(__xludf.DUMMYFUNCTION("""COMPUTED_VALUE"""),660.91) | G60: =IFERROR(__xludf.DUMMYFUNCTION("""COMPUTED_VALUE"""),63772412)
B61: =IFERROR(__xludf.DUMMYFUNCTION("""COMPUTED_VALUE"""),45916.6666666666) | C61: =IFERROR(__xludf.DUMMYFUNCTION("""COMPUTED_VALUE"""),661.47) | D61: =IFERROR(__xludf.DUMMYFUNCTION("""COMPUTED_VALUE"""),661.78) | E61: =IFERROR(__xludf.DUMMYFUNCTION("""COMPUTED_VALUE"""),659.21) | F61: =IFERROR(__xludf.DUMMYFUNCTION("""COMPUTED_VALUE"""),660) | G61: =IFERROR(__xludf.DUMMYFUNCTION("""COMPUTED_VALUE"""),61168953)
B62: =IFERROR(__xludf.DUMMYFUNCTION("""COMPUTED_VALUE"""),45917.6666666666) | C62: =IFERROR(__xludf.DUMMYFUNCTION("""COMPUTED_VALUE"""),660.01) | D62: =IFERROR(__xludf.DUMMYFUNCTION("""COMPUTED_VALUE"""),661.72) | E62: =IFERROR(__xludf.DUMMYFUNCTION("""COMPUTED_VALUE"""),654.3) | F62: =IFERROR(__xludf.DUMMYFUNCTION("""COMPUTED_VALUE"""),659.18) | G62: =IFERROR(__xludf.DUMMYFUNCTION("""COMPUTED_VALUE"""),101952244)
B63: =IFERROR(__xludf.DUMMYFUNCTION("""COMPUTED_VALUE"""),45918.6666666666) | C63: =IFERROR(__xludf.DUMMYFUNCTION("""COMPUTED_VALUE"""),661.89) | D63: =IFERROR(__xludf.DUMMYFUNCTION("""COMPUTED_VALUE"""),664.89) | E63: =IFERROR(__xludf.DUMMYFUNCTION("""COMPUTED_VALUE"""),660.27) | F63: =IFERROR(__xludf.DUMMYFUNCTION("""COMPUTED_VALUE"""),662.26) | G63: =IFERROR(__xludf.DUMMYFUNCTION("""COMPUTED_VALUE"""),90459242)
B64: =IFERROR(__xludf.DUMMYFUNCTION("""COMPUTED_VALUE"""),45919.6666666666) | C64: =IFERROR(__xludf.DUMMYFUNCTION("""COMPUTED_VALUE"""),662.33) | D64: =IFERROR(__xludf.DUMMYFUNCTION("""COMPUTED_VALUE"""),664.55) | E64: =IFERROR(__xludf.DUMMYFUNCTION("""COMPUTED_VALUE"""),660.37) | F64: =IFERROR(__xludf.DUMMYFUNCTION("""COMPUTED_VALUE"""),663.7) | G64: =IFERROR(__xludf.DUMMYFUNCTION("""COMPUTED_VALUE"""),97945620)
B65: =IFERROR(__xludf.DUMMYFUNCTION("""COMPUTED_VALUE"""),45922.6666666666) | C65: =IFERROR(__xludf.DUMMYFUNCTION("""COMPUTED_VALUE"""),662.2) | D65: =IFERROR(__xludf.DUMMYFUNCTION("""COMPUTED_VALUE"""),667.29) | E65: =IFERROR(__xludf.DUMMYFUNCTION("""COMPUTED_VALUE"""),662.17) | F65: =IFERROR(__xludf.DUMMYFUNCTION("""COMPUTED_VALUE"""),666.84) | G65: =IFERROR(__xludf.DUMMYFUNCTION("""COMPUTED_VALUE"""),69452201)
B66: =IFERROR(__xludf.DUMMYFUNCTION("""COMPUTED_VALUE"""),45923.6666666666) | C66: =IFERROR(__xludf.DUMMYFUNCTION("""COMPUTED_VALUE"""),666.72) | D66: =IFERROR(__xludf.DUMMYFUNCTION("""COMPUTED_VALUE"""),667.34) | E66: =IFERROR(__xludf.DUMMYFUNCTION("""COMPUTED_VALUE"""),661.98) | F66: =IFERROR(__xludf.DUMMYFUNCTION("""COMPUTED_VALUE"""),663.21) | G66: =IFERROR(__xludf.DUMMYFUNCTION("""COMPUTED_VALUE"""),81708872)
B67: =IFERROR(__xludf.DUMMYFUNCTION("""COMPUTED_VALUE"""),45924.6666666666) | C67: =IFERROR(__xludf.DUMMYFUNCTION("""COMPUTED_VALUE"""),664.51) | D67: =IFERROR(__xludf.DUMMYFUNCTION("""COMPUTED_VALUE"""),664.61) | E67: =IFERROR(__xludf.DUMMYFUNCTION("""COMPUTED_VALUE"""),659.67) | F67: =IFERROR(__xludf.DUMMYFUNCTION("""COMPUTED_VALUE"""),661.1) | G67: =IFERROR(__xludf.DUMMYFUNCTION("""COMPUTED_VALUE"""),68082229)
B68: =IFERROR(__xludf.DUMMYFUNCTION("""COMPUTED_VALUE"""),45925.6666666666) | C68: =IFERROR(__xludf.DUMMYFUNCTION("""COMPUTED_VALUE"""),657.94) | D68: =IFERROR(__xludf.DUMMYFUNCTION("""COMPUTED_VALUE"""),659.41) | E68: =IFERROR(__xludf.DUMMYFUNCTION("""COMPUTED_VALUE"""),654.41) | F68: =IFERROR(__xludf.DUMMYFUNCTION("""COMPUTED_VALUE"""),658.05) | G68: =IFERROR(__xludf.DUMMYFUNCTION("""COMPUTED_VALUE"""),89622067)
B69: =IFERROR(__xludf.DUMMYFUNCTION("""COMPUTED_VALUE"""),45926.6666666666) | C69: =IFERROR(__xludf.DUMMYFUNCTION("""COMPUTED_VALUE"""),659.51) | D69: =IFERROR(__xludf.DUMMYFUNCTION("""COMPUTED_VALUE"""),662.37) | E69: =IFERROR(__xludf.DUMMYFUNCTION("""COMPUTED_VALUE"""),657.88) | F69: =IFERROR(__xludf.DUMMYFUNCTION("""COMPUTED_VALUE"""),661.82) | G69: =IFERROR(__xludf.DUMMYFUNCTION("""COMPUTED_VALUE"""),69179209)
B70: =IFERROR(__xludf.DUMMYFUNCTION("""COMPUTED_VALUE"""),45929.6666666666) | C70: =IFERROR(__xludf.DUMMYFUNCTION("""COMPUTED_VALUE"""),664.36) | D70: =IFERROR(__xludf.DUMMYFUNCTION("""COMPUTED_VALUE"""),665.28) | E70: =IFERROR(__xludf.DUMMYFUNCTION("""COMPUTED_VALUE"""),661.86) | F70: =IFERROR(__xludf.DUMMYFUNCTION("""COMPUTED_VALUE"""),663.68) | G70: =IFERROR(__xludf.DUMMYFUNCTION("""COMPUTED_VALUE"""),73499015)
B71: =IFERROR(__xludf.DUMMYFUNCTION("""COMPUTED_VALUE"""),45930.6666666666) | C71: =IFERROR(__xludf.DUMMYFUNCTION("""COMPUTED_VALUE"""),662.93) | D71: =IFERROR(__xludf.DUMMYFUNCTION("""COMPUTED_VALUE"""),666.65) | E71: =IFERROR(__xludf.DUMMYFUNCTION("""COMPUTED_VALUE"""),661.61) | F71: =IFERROR(__xludf.DUMMYFUNCTION("""COMPUTED_VALUE"""),666.18) | G71: =IFERROR(__xludf.DUMMYFUNCTION("""COMPUTED_VALUE"""),86288028)
B72: =IFERROR(__xludf.DUMMYFUNCTION("""COMPUTED_VALUE"""),45931.6666666666) | C72: =IFERROR(__xludf.DUMMYFUNCTION("""COMPUTED_VALUE"""),663.17) | D72: =IFERROR(__xludf.DUMMYFUNCTION("""COMPUTED_VALUE"""),669.37) | E72: =IFERROR(__xludf.DUMMYFUNCTION("""COMPUTED_VALUE"""),663.06) | F72: =IFERROR(__xludf.DUMMYFUNCTION("""COMPUTED_VALUE"""),668.45) | G72: =IFERROR(__xludf.DUMMYFUNCTION("""COMPUTED_VALUE"""),72545369)
B73: =IFERROR(__xludf.DUMMYFUNCTION("""COMPUTED_VALUE"""),45932.6666666666) | C73: =IFERROR(__xludf.DUMMYFUNCTION("""COMPUTED_VALUE"""),670.45) | D73: =IFERROR(__xludf.DUMMYFUNCTION("""COMPUTED_VALUE"""),670.57) | E73: =IFERROR(__xludf.DUMMYFUNCTION("""COMPUTED_VALUE"""),666.78) | F73: =IFERROR(__xludf.DUMMYFUNCTION("""COMPUTED_VALUE"""),669.22) | G73: =IFERROR(__xludf.DUMMYFUNCTION("""COMPUTED_VALUE"""),56895993)
B74: =IFERROR(__xludf.DUMMYFUNCTION("""COMPUTED_VALUE"""),45933.6666666666) | C74: =IFERROR(__xludf.DUMMYFUNCTION("""COMPUTED_VALUE"""),669.99) | D74: =IFERROR(__xludf.DUMMYFUNCTION("""COMPUTED_VALUE"""),672.68) | E74: =IFERROR(__xludf.DUMMYFUNCTION("""COMPUTED_VALUE"""),668.16) | F74: =IFERROR(__xludf.DUMMYFUNCTION("""COMPUTED_VALUE"""),669.21) | G74: =IFERROR(__xludf.DUMMYFUNCTION("""COMPUTED_VALUE"""),70494350)
B75: =IFERROR(__xludf.DUMMYFUNCTION("""COMPUTED_VALUE"""),45936.6666666666) | C75: =IFERROR(__xludf.DUMMYFUNCTION("""COMPUTED_VALUE"""),671.62) | D75: =IFERROR(__xludf.DUMMYFUNCTION("""COMPUTED_VALUE"""),672.51) | E75: =IFERROR(__xludf.DUMMYFUNCTION("""COMPUTED_VALUE"""),669.46) | F75: =IFERROR(__xludf.DUMMYFUNCTION("""COMPUTED_VALUE"""),671.61) | G75: =IFERROR(__xludf.DUMMYFUNCTION("""COMPUTED_VALUE"""),54623260)
B76: =IFERROR(__xludf.DUMMYFUNCTION("""COMPUTED_VALUE"""),45937.6666666666) | C76: =IFERROR(__xludf.DUMMYFUNCTION("""COMPUTED_VALUE"""),672.54) | D76: =IFERROR(__xludf.DUMMYFUNCTION("""COMPUTED_VALUE"""),672.99) | E76: =IFERROR(__xludf.DUMMYFUNCTION("""COMPUTED_VALUE"""),667.67) | F76: =IFERROR(__xludf.DUMMYFUNCTION("""COMPUTED_VALUE"""),669.12) | G76: =IFERROR(__xludf.DUMMYFUNCTION("""COMPUTED_VALUE"""),72020067)
B77: =IFERROR(__xludf.DUMMYFUNCTION("""COMPUTED_VALUE"""),45938.6666666666) | C77: =IFERROR(__xludf.DUMMYFUNCTION("""COMPUTED_VALUE"""),670.25) | D77: =IFERROR(__xludf.DUMMYFUNCTION("""COMPUTED_VALUE"""),673.21) | E77: =IFERROR(__xludf.DUMMYFUNCTION("""COMPUTED_VALUE"""),669.42) | F77: =IFERROR(__xludf.DUMMYFUNCTION("""COMPUTED_VALUE"""),673.11) | G77: =IFERROR(__xludf.DUMMYFUNCTION("""COMPUTED_VALUE"""),60702241)
B78: =IFERROR(__xludf.DUMMYFUNCTION("""COMPUTED_VALUE"""),45939.6666666666) | C78: =IFERROR(__xludf.DUMMYFUNCTION("""COMPUTED_VALUE"""),673.53) | D78: =IFERROR(__xludf.DUMMYFUNCTION("""COMPUTED_VALUE"""),673.94) | E78: =IFERROR(__xludf.DUMMYFUNCTION("""COMPUTED_VALUE"""),669.21) | F78: =IFERROR(__xludf.DUMMYFUNCTION("""COMPUTED_VALUE"""),671.16) | G78: =IFERROR(__xludf.DUMMYFUNCTION("""COMPUTED_VALUE"""),66501941)
B79: =IFERROR(__xludf.DUMMYFUNCTION("""COMPUTED_VALUE"""),45940.6666666666) | C79: =IFERROR(__xludf.DUMMYFUNCTION("""COMPUTED_VALUE"""),672.13) | D79: =IFERROR(__xludf.DUMMYFUNCTION("""COMPUTED_VALUE"""),673.95) | E79: =IFERROR(__xludf.DUMMYFUNCTION("""COMPUTED_VALUE"""),652.84) | F79: =IFERROR(__xludf.DUMMYFUNCTION("""COMPUTED_VALUE"""),653.02) | G79: =IFERROR(__xludf.DUMMYFUNCTION("""COMPUTED_VALUE"""),159422589)
B80: =IFERROR(__xludf.DUMMYFUNCTION("""COMPUTED_VALUE"""),45943.6666666666) | C80: =IFERROR(__xludf.DUMMYFUNCTION("""COMPUTED_VALUE"""),660.65) | D80: =IFERROR(__xludf.DUMMYFUNCTION("""COMPUTED_VALUE"""),665.13) | E80: =IFERROR(__xludf.DUMMYFUNCTION("""COMPUTED_VALUE"""),659.77) | F80: =IFERROR(__xludf.DUMMYFUNCTION("""COMPUTED_VALUE"""),663.04) | G80: =IFERROR(__xludf.DUMMYFUNCTION("""COMPUTED_VALUE"""),79560517)
B81: =IFERROR(__xludf.DUMMYFUNCTION("""COMPUTED_VALUE"""),45944.6666666666) | C81: =IFERROR(__xludf.DUMMYFUNCTION("""COMPUTED_VALUE"""),657.17) | D81: =IFERROR(__xludf.DUMMYFUNCTION("""COMPUTED_VALUE"""),665.83) | E81: =IFERROR(__xludf.DUMMYFUNCTION("""COMPUTED_VALUE"""),653.17) | F81: =IFERROR(__xludf.DUMMYFUNCTION("""COMPUTED_VALUE"""),662.23) | G81: =IFERROR(__xludf.DUMMYFUNCTION("""COMPUTED_VALUE"""),88779560)
B82: =IFERROR(__xludf.DUMMYFUNCTION("""COMPUTED_VALUE"""),45945.6666666666) | C82: =IFERROR(__xludf.DUMMYFUNCTION("""COMPUTED_VALUE"""),666.82) | D82: =IFERROR(__xludf.DUMMYFUNCTION("""COMPUTED_VALUE"""),670.23) | E82: =IFERROR(__xludf.DUMMYFUNCTION("""COMPUTED_VALUE"""),658.93) | F82: =IFERROR(__xludf.DUMMYFUNCTION("""COMPUTED_VALUE"""),665.17) | G82: =IFERROR(__xludf.DUMMYFUNCTION("""COMPUTED_VALUE"""),81702555)
B83: =IFERROR(__xludf.DUMMYFUNCTION("""COMPUTED_VALUE"""),45946.6666666666) | C83: =IFERROR(__xludf.DUMMYFUNCTION("""COMPUTED_VALUE"""),666.82) | D83: =IFERROR(__xludf.DUMMYFUNCTION("""COMPUTED_VALUE"""),668.71) | E83: =IFERROR(__xludf.DUMMYFUNCTION("""COMPUTED_VALUE"""),657.11) | F83: =IFERROR(__xludf.DUMMYFUNCTION("""COMPUTED_VALUE"""),660.64) | G83: =IFERROR(__xludf.DUMMYFUNCTION("""COMPUTED_VALUE"""),110563346)
B84: =IFERROR(__xludf.DUMMYFUNCTION("""COMPUTED_VALUE"""),45947.6666666666) | C84: =IFERROR(__xludf.DUMMYFUNCTION("""COMPUTED_VALUE"""),659.5) | D84: =IFERROR(__xludf.DUMMYFUNCTION("""COMPUTED_VALUE"""),665.76) | E84: =IFERROR(__xludf.DUMMYFUNCTION("""COMPUTED_VALUE"""),658.14) | F84: =IFERROR(__xludf.DUMMYFUNCTION("""COMPUTED_VALUE"""),664.39) | G84: =IFERROR(__xludf.DUMMYFUNCTION("""COMPUTED_VALUE"""),96500870)
B85: =IFERROR(__xludf.DUMMYFUNCTION("""COMPUTED_VALUE"""),45950.6666666666) | C85: =IFERROR(__xludf.DUMMYFUNCTION("""COMPUTED_VALUE"""),667.32) | D85: =IFERROR(__xludf.DUMMYFUNCTION("""COMPUTED_VALUE"""),672.21) | E85: =IFERROR(__xludf.DUMMYFUNCTION("""COMPUTED_VALUE"""),667.27) | F85: =IFERROR(__xludf.DUMMYFUNCTION("""COMPUTED_VALUE"""),671.3) | G85: =IFERROR(__xludf.DUMMYFUNCTION("""COMPUTED_VALUE"""),60493350)
B86: =IFERROR(__xludf.DUMMYFUNCTION("""COMPUTED_VALUE"""),45951.6666666666) | C86: =IFERROR(__xludf.DUMMYFUNCTION("""COMPUTED_VALUE"""),671.44) | D86: =IFERROR(__xludf.DUMMYFUNCTION("""COMPUTED_VALUE"""),672.99) | E86: =IFERROR(__xludf.DUMMYFUNCTION("""COMPUTED_VALUE"""),669.98) | F86: =IFERROR(__xludf.DUMMYFUNCTION("""COMPUTED_VALUE"""),671.29) | G86: =IFERROR(__xludf.DUMMYFUNCTION("""COMPUTED_VALUE"""),56249034)
B87: =IFERROR(__xludf.DUMMYFUNCTION("""COMPUTED_VALUE"""),45952.6666666666) | C87: =IFERROR(__xludf.DUMMYFUNCTION("""COMPUTED_VALUE"""),672) | D87: =IFERROR(__xludf.DUMMYFUNCTION("""COMPUTED_VALUE"""),672) | E87: =IFERROR(__xludf.DUMMYFUNCTION("""COMPUTED_VALUE"""),663.3) | F87: =IFERROR(__xludf.DUMMYFUNCTION("""COMPUTED_VALUE"""),667.8) | G87: =IFERROR(__xludf.DUMMYFUNCTION("""COMPUTED_VALUE"""),80564006)
B88: =IFERROR(__xludf.DUMMYFUNCTION("""COMPUTED_VALUE"""),45953.6666666666) | C88: =IFERROR(__xludf.DUMMYFUNCTION("""COMPUTED_VALUE"""),668.12) | D88: =IFERROR(__xludf.DUMMYFUNCTION("""COMPUTED_VALUE"""),672.71) | E88: =IFERROR(__xludf.DUMMYFUNCTION("""COMPUTED_VALUE"""),667.8) | F88: =IFERROR(__xludf.DUMMYFUNCTION("""COMPUTED_VALUE"""),671.76) | G88: =IFERROR(__xludf.DUMMYFUNCTION("""COMPUTED_VALUE"""),65604461)
B89: =IFERROR(__xludf.DUMMYFUNCTION("""COMPUTED_VALUE"""),45954.6666666666) | C89: =IFERROR(__xludf.DUMMYFUNCTION("""COMPUTED_VALUE"""),676.46) | D89: =IFERROR(__xludf.DUMMYFUNCTION("""COMPUTED_VALUE"""),678.47) | E89: =IFERROR(__xludf.DUMMYFUNCTION("""COMPUTED_VALUE"""),675.65) | F89: =IFERROR(__xludf.DUMMYFUNCTION("""COMPUTED_VALUE"""),677.25) | G89: =IFERROR(__xludf.DUMMYFUNCTION("""COMPUTED_VALUE"""),74356527)
B90: =IFERROR(__xludf.DUMMYFUNCTION("""COMPUTED_VALUE"""),45957.6666666666) | C90: =IFERROR(__xludf.DUMMYFUNCTION("""COMPUTED_VALUE"""),682.73) | D90: =IFERROR(__xludf.DUMMYFUNCTION("""COMPUTED_VALUE"""),685.54) | E90: =IFERROR(__xludf.DUMMYFUNCTION("""COMPUTED_VALUE"""),682.12) | F90: =IFERROR(__xludf.DUMMYFUNCTION("""COMPUTED_VALUE"""),685.24) | G90: =IFERROR(__xludf.DUMMYFUNCTION("""COMPUTED_VALUE"""),63339790)
B91: =IFERROR(__xludf.DUMMYFUNCTION("""COMPUTED_VALUE"""),45958.6666666666) | C91: =IFERROR(__xludf.DUMMYFUNCTION("""COMPUTED_VALUE"""),687.05) | D91: =IFERROR(__xludf.DUMMYFUNCTION("""COMPUTED_VALUE"""),688.91) | E91: =IFERROR(__xludf.DUMMYFUNCTION("""COMPUTED_VALUE"""),684.83) | F91: =IFERROR(__xludf.DUMMYFUNCTION("""COMPUTED_VALUE"""),687.06) | G91: =IFERROR(__xludf.DUMMYFUNCTION("""COMPUTED_VALUE"""),61738073)
B92: =IFERROR(__xludf.DUMMYFUNCTION("""COMPUTED_VALUE"""),45959.6666666666) | C92: =IFERROR(__xludf.DUMMYFUNCTION("""COMPUTED_VALUE"""),688.72) | D92: =IFERROR(__xludf.DUMMYFUNCTION("""COMPUTED_VALUE"""),689.7) | E92: =IFERROR(__xludf.DUMMYFUNCTION("""COMPUTED_VALUE"""),682.87) | F92: =IFERROR(__xludf.DUMMYFUNCTION("""COMPUTED_VALUE"""),687.39) | G92: =IFERROR(__xludf.DUMMYFUNCTION("""COMPUTED_VALUE"""),85362207)
B93: =IFERROR(__xludf.DUMMYFUNCTION("""COMPUTED_VALUE"""),45960.6666666666) | C93: =IFERROR(__xludf.DUMMYFUNCTION("""COMPUTED_VALUE"""),683.9) | D93: =IFERROR(__xludf.DUMMYFUNCTION("""COMPUTED_VALUE"""),685.94) | E93: =IFERROR(__xludf.DUMMYFUNCTION("""COMPUTED_VALUE"""),679.83) | F93: =IFERROR(__xludf.DUMMYFUNCTION("""COMPUTED_VALUE"""),679.83) | G93: =IFERROR(__xludf.DUMMYFUNCTION("""COMPUTED_VALUE"""),76335751)
B94: =IFERROR(__xludf.DUMMYFUNCTION("""COMPUTED_VALUE"""),45961.6666666666) | C94: =IFERROR(__xludf.DUMMYFUNCTION("""COMPUTED_VALUE"""),685.04) | D94: =IFERROR(__xludf.DUMMYFUNCTION("""COMPUTED_VALUE"""),685.08) | E94: =IFERROR(__xludf.DUMMYFUNCTION("""COMPUTED_VALUE"""),679.24) | F94: =IFERROR(__xludf.DUMMYFUNCTION("""COMPUTED_VALUE"""),682.06) | G94: =IFERROR(__xludf.DUMMYFUNCTION("""COMPUTED_VALUE"""),87164122)
B95: =IFERROR(__xludf.DUMMYFUNCTION("""COMPUTED_VALUE"""),45964.6666666666) | C95: =IFERROR(__xludf.DUMMYFUNCTION("""COMPUTED_VALUE"""),685.67) | D95: =IFERROR(__xludf.DUMMYFUNCTION("""COMPUTED_VALUE"""),685.8) | E95: =IFERROR(__xludf.DUMMYFUNCTION("""COMPUTED_VALUE"""),679.94) | F95: =IFERROR(__xludf.DUMMYFUNCTION("""COMPUTED_VALUE"""),683.34) | G95: =IFERROR(__xludf.DUMMYFUNCTION("""COMPUTED_VALUE"""),57315025)
B96: =IFERROR(__xludf.DUMMYFUNCTION("""COMPUTED_VALUE"""),45965.6666666666) | C96: =IFERROR(__xludf.DUMMYFUNCTION("""COMPUTED_VALUE"""),676.11) | D96: =IFERROR(__xludf.DUMMYFUNCTION("""COMPUTED_VALUE"""),679.96) | E96: =IFERROR(__xludf.DUMMYFUNCTION("""COMPUTED_VALUE"""),674.58) | F96: =IFERROR(__xludf.DUMMYFUNCTION("""COMPUTED_VALUE"""),675.24) | G96: =IFERROR(__xludf.DUMMYFUNCTION("""COMPUTED_VALUE"""),78426969)
B97: =IFERROR(__xludf.DUMMYFUNCTION("""COMPUTED_VALUE"""),45966.6666666666) | C97: =IFERROR(__xludf.DUMMYFUNCTION("""COMPUTED_VALUE"""),674.98) | D97: =IFERROR(__xludf.DUMMYFUNCTION("""COMPUTED_VALUE"""),680.86) | E97: =IFERROR(__xludf.DUMMYFUNCTION("""COMPUTED_VALUE"""),674.17) | F97: =IFERROR(__xludf.DUMMYFUNCTION("""COMPUTED_VALUE"""),677.58) | G97: =IFERROR(__xludf.DUMMYFUNCTION("""COMPUTED_VALUE"""),74402376)
B98: =IFERROR(__xludf.DUMMYFUNCTION("""COMPUTED_VALUE"""),45967.6666666666) | C98: =IFERROR(__xludf.DUMMYFUNCTION("""COMPUTED_VALUE"""),676.47) | D98: =IFERROR(__xludf.DUMMYFUNCTION("""COMPUTED_VALUE"""),677.38) | E98: =IFERROR(__xludf.DUMMYFUNCTION("""COMPUTED_VALUE"""),668.72) | F98: =IFERROR(__xludf.DUMMYFUNCTION("""COMPUTED_VALUE"""),670.31) | G98: =IFERROR(__xludf.DUMMYFUNCTION("""COMPUTED_VALUE"""),85035298)
B99: =IFERROR(__xludf.DUMMYFUNCTION("""COMPUTED_VALUE"""),45968.6666666666) | C99: =IFERROR(__xludf.DUMMYFUNCTION("""COMPUTED_VALUE"""),667.91) | D99: =IFERROR(__xludf.DUMMYFUNCTION("""COMPUTED_VALUE"""),671.08) | E99: =IFERROR(__xludf.DUMMYFUNCTION("""COMPUTED_VALUE"""),661.21) | F99: =IFERROR(__xludf.DUMMYFUNCTION("""COMPUTED_VALUE"""),670.97) | G99: =IFERROR(__xludf.DUMMYFUNCTION("""COMPUTED_VALUE"""),100592443)
B100: =IFERROR(__xludf.DUMMYFUNCTION("""COMPUTED_VALUE"""),45971.6666666666) | C100: =IFERROR(__xludf.DUMMYFUNCTION("""COMPUTED_VALUE"""),677.24) | D100: =IFERROR(__xludf.DUMMYFUNCTION("""COMPUTED_VALUE"""),682.18) | E100: =IFERROR(__xludf.DUMMYFUNCTION("""COMPUTED_VALUE"""),675.03) | F100: =IFERROR(__xludf.DUMMYFUNCTION("""COMPUTED_VALUE"""),681.44) | G100: =IFERROR(__xludf.DUMMYFUNCTION("""COMPUTED_VALUE"""),75842888)
B101: =IFERROR(__xludf.DUMMYFUNCTION("""COMPUTED_VALUE"""),45972.6666666666) | C101: =IFERROR(__xludf.DUMMYFUNCTION("""COMPUTED_VALUE"""),679.95) | D101: =IFERROR(__xludf.DUMMYFUNCTION("""COMPUTED_VALUE"""),683.57) | E101: =IFERROR(__xludf.DUMMYFUNCTION("""COMPUTED_VALUE"""),678.73) | F101: =IFERROR(__xludf.DUMMYFUNCTION("""COMPUTED_VALUE"""),683) | G101: =IFERROR(__xludf.DUMMYFUNCTION("""COMPUTED_VALUE"""),58953385)
B102: =IFERROR(__xludf.DUMMYFUNCTION("""COMPUTED_VALUE"""),45973.6666666666) | C102: =IFERROR(__xludf.DUMMYFUNCTION("""COMPUTED_VALUE"""),684.79) | D102: =IFERROR(__xludf.DUMMYFUNCTION("""COMPUTED_VALUE"""),684.96) | E102: =IFERROR(__xludf.DUMMYFUNCTION("""COMPUTED_VALUE"""),680.95) | F102: =IFERROR(__xludf.DUMMYFUNCTION("""COMPUTED_VALUE"""),683.38) | G102: =IFERROR(__xludf.DUMMYFUNCTION("""COMPUTED_VALUE"""),62312484)
B103: =IFERROR(__xludf.DUMMYFUNCTION("""COMPUTED_VALUE"""),45974.6666666666) | C103: =IFERROR(__xludf.DUMMYFUNCTION("""COMPUTED_VALUE"""),680.5) | D103: =IFERROR(__xludf.DUMMYFUNCTION("""COMPUTED_VALUE"""),680.86) | E103: =IFERROR(__xludf.DUMMYFUNCTION("""COMPUTED_VALUE"""),670.52) | F103: =IFERROR(__xludf.DUMMYFUNCTION("""COMPUTED_VALUE"""),672.04) | G103: =IFERROR(__xludf.DUMMYFUNCTION("""COMPUTED_VALUE"""),103457788)
B104: =IFERROR(__xludf.DUMMYFUNCTION("""COMPUTED_VALUE"""),45975.6666666666) | C104: =IFERROR(__xludf.DUMMYFUNCTION("""COMPUTED_VALUE"""),665.38) | D104: =IFERROR(__xludf.DUMMYFUNCTION("""COMPUTED_VALUE"""),675.66) | E104: =IFERROR(__xludf.DUMMYFUNCTION("""COMPUTED_VALUE"""),663.27) | F104: =IFERROR(__xludf.DUMMYFUNCTION("""COMPUTED_VALUE"""),671.93) | G104: =IFERROR(__xludf.DUMMYFUNCTION("""COMPUTED_VALUE"""),96846672)
B105: =IFERROR(__xludf.DUMMYFUNCTION("""COMPUTED_VALUE"""),45978.6666666666) | C105: =IFERROR(__xludf.DUMMYFUNCTION("""COMPUTED_VALUE"""),669.7) | D105: =IFERROR(__xludf.DUMMYFUNCTION("""COMPUTED_VALUE"""),673.71) | E105: =IFERROR(__xludf.DUMMYFUNCTION("""COMPUTED_VALUE"""),662.17) | F105: =IFERROR(__xludf.DUMMYFUNCTION("""COMPUTED_VALUE"""),665.67) | G105: =IFERROR(__xludf.DUMMYFUNCTION("""COMPUTED_VALUE"""),90456105)
B106: =IFERROR(__xludf.DUMMYFUNCTION("""COMPUTED_VALUE"""),45979.6666666666) | C106: =IFERROR(__xludf.DUMMYFUNCTION("""COMPUTED_VALUE"""),662.1) | D106: =IFERROR(__xludf.DUMMYFUNCTION("""COMPUTED_VALUE"""),665.12) | E106: =IFERROR(__xludf.DUMMYFUNCTION("""COMPUTED_VALUE"""),655.86) | F106: =IFERROR(__xludf.DUMMYFUNCTION("""COMPUTED_VALUE"""),660.08) | G106: =IFERROR(__xludf.DUMMYFUNCTION("""COMPUTED_VALUE"""),114467488)
B107: =IFERROR(__xludf.DUMMYFUNCTION("""COMPUTED_VALUE"""),45980.6666666666) | C107: =IFERROR(__xludf.DUMMYFUNCTION("""COMPUTED_VALUE"""),660.78) | D107: =IFERROR(__xludf.DUMMYFUNCTION("""COMPUTED_VALUE"""),667.34) | E107: =IFERROR(__xludf.DUMMYFUNCTION("""COMPUTED_VALUE"""),658.75) | F107: =IFERROR(__xludf.DUMMYFUNCTION("""COMPUTED_VALUE"""),662.63) | G107: =IFERROR(__xludf.DUMMYFUNCTION("""COMPUTED_VALUE"""),94702955)
B108: =IFERROR(__xludf.DUMMYFUNCTION("""COMPUTED_VALUE"""),45981.6666666666) | C108: =IFERROR(__xludf.DUMMYFUNCTION("""COMPUTED_VALUE"""),672.91) | D108: =IFERROR(__xludf.DUMMYFUNCTION("""COMPUTED_VALUE"""),675.56) | E108: =IFERROR(__xludf.DUMMYFUNCTION("""COMPUTED_VALUE"""),651.89) | F108: =IFERROR(__xludf.DUMMYFUNCTION("""COMPUTED_VALUE"""),652.53) | G108: =IFERROR(__xludf.DUMMYFUNCTION("""COMPUTED_VALUE"""),165293521)
B109: =IFERROR(__xludf.DUMMYFUNCTION("""COMPUTED_VALUE"""),45982.6666666666) | C109: =IFERROR(__xludf.DUMMYFUNCTION("""COMPUTED_VALUE"""),655.05) | D109: =IFERROR(__xludf.DUMMYFUNCTION("""COMPUTED_VALUE"""),664.55) | E109: =IFERROR(__xludf.DUMMYFUNCTION("""COMPUTED_VALUE"""),650.85) | F109: =IFERROR(__xludf.DUMMYFUNCTION("""COMPUTED_VALUE"""),659.03) | G109: =IFERROR(__xludf.DUMMYFUNCTION("""COMPUTED_VALUE"""),123956203)
B110: =IFERROR(__xludf.DUMMYFUNCTION("""COMPUTED_VALUE"""),45985.6666666666) | C110: =IFERROR(__xludf.DUMMYFUNCTION("""COMPUTED_VALUE"""),662.69) | D110: =IFERROR(__xludf.DUMMYFUNCTION("""COMPUTED_VALUE"""),670.06) | E110: =IFERROR(__xludf.DUMMYFUNCTION("""COMPUTED_VALUE"""),661.59) | F110: =IFERROR(__xludf.DUMMYFUNCTION("""COMPUTED_VALUE"""),668.73) | G110: =IFERROR(__xludf.DUMMYFUNCTION("""COMPUTED_VALUE"""),80437940)
B111: =IFERROR(__xludf.DUMMYFUNCTION("""COMPUTED_VALUE"""),45986.6666666666) | C111: =IFERROR(__xludf.DUMMYFUNCTION("""COMPUTED_VALUE"""),668.63) | D111: =IFERROR(__xludf.DUMMYFUNCTION("""COMPUTED_VALUE"""),676.21) | E111: =IFERROR(__xludf.DUMMYFUNCTION("""COMPUTED_VALUE"""),664.48) | F111: =IFERROR(__xludf.DUMMYFUNCTION("""COMPUTED_VALUE"""),675.02) | G111: =IFERROR(__xludf.DUMMYFUNCTION("""COMPUTED_VALUE"""),81077088)
B112: =IFERROR(__xludf.DUMMYFUNCTION("""COMPUTED_VALUE"""),45987.6666666666) | C112: =IFERROR(__xludf.DUMMYFUNCTION("""COMPUTED_VALUE"""),677.63) | D112: =IFERROR(__xludf.DUMMYFUNCTION("""COMPUTED_VALUE"""),681.7) | E112: =IFERROR(__xludf.DUMMYFUNCTION("""COMPUTED_VALUE"""),676.72) | F112: =IFERROR(__xludf.DUMMYFUNCTION("""COMPUTED_VALUE"""),679.68) | G112: =IFERROR(__xludf.DUMMYFUNCTION("""COMPUTED_VALUE"""),71879597)
B113: =IFERROR(__xludf.DUMMYFUNCTION("""COMPUTED_VALUE"""),45989.5520833333) | C113: =IFERROR(__xludf.DUMMYFUNCTION("""COMPUTED_VALUE"""),680.86) | D113: =IFERROR(__xludf.DUMMYFUNCTION("""COMPUTED_VALUE"""),683.67) | E113: =IFERROR(__xludf.DUMMYFUNCTION("""COMPUTED_VALUE"""),680.5) | F113: =IFERROR(__xludf.DUMMYFUNCTION("""COMPUTED_VALUE"""),683.39) | G113: =IFERROR(__xludf.DUMMYFUNCTION("""COMPUTED_VALUE"""),49212030)
B114: =IFERROR(__xludf.DUMMYFUNCTION("""COMPUTED_VALUE"""),45992.6666666666) | C114: =IFERROR(__xludf.DUMMYFUNCTION("""COMPUTED_VALUE"""),678.81) | D114: =IFERROR(__xludf.DUMMYFUNCTION("""COMPUTED_VALUE"""),682.99) | E114: =IFERROR(__xludf.DUMMYFUNCTION("""COMPUTED_VALUE"""),678.74) | F114: =IFERROR(__xludf.DUMMYFUNCTION("""COMPUTED_VALUE"""),680.27) | G114: =IFERROR(__xludf.DUMMYFUNCTION("""COMPUTED_VALUE"""),61201193)
B115: =IFERROR(__xludf.DUMMYFUNCTION("""COMPUTED_VALUE"""),45993.6666666666) | C115: =IFERROR(__xludf.DUMMYFUNCTION("""COMPUTED_VALUE"""),681.92) | D115: =IFERROR(__xludf.DUMMYFUNCTION("""COMPUTED_VALUE"""),683.82) | E115: =IFERROR(__xludf.DUMMYFUNCTION("""COMPUTED_VALUE"""),679.33) | F115: =IFERROR(__xludf.DUMMYFUNCTION("""COMPUTED_VALUE"""),681.53) | G115: =IFERROR(__xludf.DUMMYFUNCTION("""COMPUTED_VALUE"""),62953844)
...

Sheet VNQ
B1: ← 관심종목으로 돌아가기 | G1: 제공:
G2: Google Finance
B4: vnq | C4: << 종목코드 입력
C5: << 필요한 경우 거래소 입력(예: NASDAQ, NYSE)
B7: =IFERROR(__xludf.DUMMYFUNCTION("GOOGLEFINANCE(B18,""name"")"),"Vanguard Real Estate Index Fund ETF")
B9: 현재가 | D9: 전일대비 | E9: 등락률(%)
B10: =IFERROR(__xludf.DUMMYFUNCTION("GOOGLEFINANCE(B18,""price"")"),100.66) | D10: =IFERROR(__xludf.DUMMYFUNCTION("IFERROR(GOOGLEFINANCE(B18,""change""),""-"")"),-0.29) | E10: =IFERROR(__xludf.DUMMYFUNCTION("IFERROR(GOOGLEFINANCE(B18,""changepct"")/100,""-"")"),-0.0029)
B13: 시가총액 | C13: PER | D13: 베타계수
B14: =IFERROR(__xludf.DUMMYFUNCTION("IFERROR(GOOGLEFINANCE(B18,""marketcap""),""-"")"),"-") | C14: =IFERROR(__xludf.DUMMYFUNCTION("IFERROR(GOOGLEFINANCE(B18,""pe""),""-"")"),"-") | D14: =IFERROR(__xludf.DUMMYFUNCTION("IFERROR(GOOGLEFINANCE(B18,""beta""),""-"")"),"-")
G15: 12 Months
B18: =IF(ISBLANK(B5),"",B5&":")&B4
B27: =IFERROR(__xludf.DUMMYFUNCTION("GOOGLEFINANCE(B18, ""all"", EDATE(TODAY(), -LEFT(G15, FIND("" "", G15))), TODAY(), ""DAILY"")"),"Date") | C27: =IFERROR(__xludf.DUMMYFUNCTION("""COMPUTED_VALUE"""),"Open") | D27: =IFERROR(__xludf.DUMMYFUNCTION("""COMPUTED_VALUE"""),"High") | E27: =IFERROR(__xludf.DUMMYFUNCTION("""COMPUTED_VALUE"""),"Low") | F27: =IFERROR(__xludf.DUMMYFUNCTION("""COMPUTED_VALUE"""),"Close") | G27: =IFERROR(__xludf.DUMMYFUNCTION("""COMPUTED_VALUE"""),"Volume")
B28: =IFERROR(__xludf.DUMMYFUNCTION("""COMPUTED_VALUE"""),45868.6666666666) | C28: =IFERROR(__xludf.DUMMYFUNCTION("""COMPUTED_VALUE"""),91.67) | D28: =IFERROR(__xludf.DUMMYFUNCTION("""COMPUTED_VALUE"""),91.83) | E28: =IFERROR(__xludf.DUMMYFUNCTION("""COMPUTED_VALUE"""),89.83) | F28: =IFERROR(__xludf.DUMMYFUNCTION("""COMPUTED_VALUE"""),90.41) | G28: =IFERROR(__xludf.DUMMYFUNCTION("""COMPUTED_VALUE"""),4408198)
B29: =IFERROR(__xludf.DUMMYFUNCTION("""COMPUTED_VALUE"""),45869.6666666666) | C29: =IFERROR(__xludf.DUMMYFUNCTION("""COMPUTED_VALUE"""),89.9) | D29: =IFERROR(__xludf.DUMMYFUNCTION("""COMPUTED_VALUE"""),90.36) | E29: =IFERROR(__xludf.DUMMYFUNCTION("""COMPUTED_VALUE"""),89.02) | F29: =IFERROR(__xludf.DUMMYFUNCTION("""COMPUTED_VALUE"""),89.14) | G29: =IFERROR(__xludf.DUMMYFUNCTION("""COMPUTED_VALUE"""),4823608)
B30: =IFERROR(__xludf.DUMMYFUNCTION("""COMPUTED_VALUE"""),45870.6666666666) | C30: =IFERROR(__xludf.DUMMYFUNCTION("""COMPUTED_VALUE"""),90.03) | D30: =IFERROR(__xludf.DUMMYFUNCTION("""COMPUTED_VALUE"""),90.1) | E30: =IFERROR(__xludf.DUMMYFUNCTION("""COMPUTED_VALUE"""),88.29) | F30: =IFERROR(__xludf.DUMMYFUNCTION("""COMPUTED_VALUE"""),88.92) | G30: =IFERROR(__xludf.DUMMYFUNCTION("""COMPUTED_VALUE"""),5395749)
B31: =IFERROR(__xludf.DUMMYFUNCTION("""COMPUTED_VALUE"""),45873.6666666666) | C31: =IFERROR(__xludf.DUMMYFUNCTION("""COMPUTED_VALUE"""),89.11) | D31: =IFERROR(__xludf.DUMMYFUNCTION("""COMPUTED_VALUE"""),90.06) | E31: =IFERROR(__xludf.DUMMYFUNCTION("""COMPUTED_VALUE"""),89.08) | F31: =IFERROR(__xludf.DUMMYFUNCTION("""COMPUTED_VALUE"""),89.83) | G31: =IFERROR(__xludf.DUMMYFUNCTION("""COMPUTED_VALUE"""),3385713)
B32: =IFERROR(__xludf.DUMMYFUNCTION("""COMPUTED_VALUE"""),45874.6666666666) | C32: =IFERROR(__xludf.DUMMYFUNCTION("""COMPUTED_VALUE"""),89.9) | D32: =IFERROR(__xludf.DUMMYFUNCTION("""COMPUTED_VALUE"""),90.34) | E32: =IFERROR(__xludf.DUMMYFUNCTION("""COMPUTED_VALUE"""),89.51) | F32: =IFERROR(__xludf.DUMMYFUNCTION("""COMPUTED_VALUE"""),90.24) | G32: =IFERROR(__xludf.DUMMYFUNCTION("""COMPUTED_VALUE"""),3752663)
B33: =IFERROR(__xludf.DUMMYFUNCTION("""COMPUTED_VALUE"""),45875.6666666666) | C33: =IFERROR(__xludf.DUMMYFUNCTION("""COMPUTED_VALUE"""),90.3) | D33: =IFERROR(__xludf.DUMMYFUNCTION("""COMPUTED_VALUE"""),90.39) | E33: =IFERROR(__xludf.DUMMYFUNCTION("""COMPUTED_VALUE"""),89.5) | F33: =IFERROR(__xludf.DUMMYFUNCTION("""COMPUTED_VALUE"""),89.54) | G33: =IFERROR(__xludf.DUMMYFUNCTION("""COMPUTED_VALUE"""),3604809)
B34: =IFERROR(__xludf.DUMMYFUNCTION("""COMPUTED_VALUE"""),45876.6666666666) | C34: =IFERROR(__xludf.DUMMYFUNCTION("""COMPUTED_VALUE"""),90) | D34: =IFERROR(__xludf.DUMMYFUNCTION("""COMPUTED_VALUE"""),90) | E34: =IFERROR(__xludf.DUMMYFUNCTION("""COMPUTED_VALUE"""),89.24) | F34: =IFERROR(__xludf.DUMMYFUNCTION("""COMPUTED_VALUE"""),89.8) | G34: =IFERROR(__xludf.DUMMYFUNCTION("""COMPUTED_VALUE"""),3345583)
B35: =IFERROR(__xludf.DUMMYFUNCTION("""COMPUTED_VALUE"""),45877.6666666666) | C35: =IFERROR(__xludf.DUMMYFUNCTION("""COMPUTED_VALUE"""),89.94) | D35: =IFERROR(__xludf.DUMMYFUNCTION("""COMPUTED_VALUE"""),89.99) | E35: =IFERROR(__xludf.DUMMYFUNCTION("""COMPUTED_VALUE"""),88.86) | F35: =IFERROR(__xludf.DUMMYFUNCTION("""COMPUTED_VALUE"""),89.06) | G35: =IFERROR(__xludf.DUMMYFUNCTION("""COMPUTED_VALUE"""),3228809)
B36: =IFERROR(__xludf.DUMMYFUNCTION("""COMPUTED_VALUE"""),45880.6666666666) | C36: =IFERROR(__xludf.DUMMYFUNCTION("""COMPUTED_VALUE"""),88.71) | D36: =IFERROR(__xludf.DUMMYFUNCTION("""COMPUTED_VALUE"""),89.15) | E36: =IFERROR(__xludf.DUMMYFUNCTION("""COMPUTED_VALUE"""),88.44) | F36: =IFERROR(__xludf.DUMMYFUNCTION("""COMPUTED_VALUE"""),88.47) | G36: =IFERROR(__xludf.DUMMYFUNCTION("""COMPUTED_VALUE"""),2623521)
B37: =IFERROR(__xludf.DUMMYFUNCTION("""COMPUTED_VALUE"""),45881.6666666666) | C37: =IFERROR(__xludf.DUMMYFUNCTION("""COMPUTED_VALUE"""),88.74) | D37: =IFERROR(__xludf.DUMMYFUNCTION("""COMPUTED_VALUE"""),88.99) | E37: =IFERROR(__xludf.DUMMYFUNCTION("""COMPUTED_VALUE"""),88.08) | F37: =IFERROR(__xludf.DUMMYFUNCTION("""COMPUTED_VALUE"""),88.97) | G37: =IFERROR(__xludf.DUMMYFUNCTION("""COMPUTED_VALUE"""),3240967)
B38: =IFERROR(__xludf.DUMMYFUNCTION("""COMPUTED_VALUE"""),45882.6666666666) | C38: =IFERROR(__xludf.DUMMYFUNCTION("""COMPUTED_VALUE"""),89.16) | D38: =IFERROR(__xludf.DUMMYFUNCTION("""COMPUTED_VALUE"""),89.94) | E38: =IFERROR(__xludf.DUMMYFUNCTION("""COMPUTED_VALUE"""),88.82) | F38: =IFERROR(__xludf.DUMMYFUNCTION("""COMPUTED_VALUE"""),89.8) | G38: =IFERROR(__xludf.DUMMYFUNCTION("""COMPUTED_VALUE"""),3577271)
B39: =IFERROR(__xludf.DUMMYFUNCTION("""COMPUTED_VALUE"""),45883.6666666666) | C39: =IFERROR(__xludf.DUMMYFUNCTION("""COMPUTED_VALUE"""),89.23) | D39: =IFERROR(__xludf.DUMMYFUNCTION("""COMPUTED_VALUE"""),89.38) | E39: =IFERROR(__xludf.DUMMYFUNCTION("""COMPUTED_VALUE"""),88.59) | F39: =IFERROR(__xludf.DUMMYFUNCTION("""COMPUTED_VALUE"""),89.16) | G39: =IFERROR(__xludf.DUMMYFUNCTION("""COMPUTED_VALUE"""),3524506)
B40: =IFERROR(__xludf.DUMMYFUNCTION("""COMPUTED_VALUE"""),45884.6666666666) | C40: =IFERROR(__xludf.DUMMYFUNCTION("""COMPUTED_VALUE"""),89.17) | D40: =IFERROR(__xludf.DUMMYFUNCTION("""COMPUTED_VALUE"""),89.92) | E40: =IFERROR(__xludf.DUMMYFUNCTION("""COMPUTED_VALUE"""),89.09) | F40: =IFERROR(__xludf.DUMMYFUNCTION("""COMPUTED_VALUE"""),89.67) | G40: =IFERROR(__xludf.DUMMYFUNCTION("""COMPUTED_VALUE"""),2399452)
B41: =IFERROR(__xludf.DUMMYFUNCTION("""COMPUTED_VALUE"""),45887.6666666666) | C41: =IFERROR(__xludf.DUMMYFUNCTION("""COMPUTED_VALUE"""),89.68) | D41: =IFERROR(__xludf.DUMMYFUNCTION("""COMPUTED_VALUE"""),89.82) | E41: =IFERROR(__xludf.DUMMYFUNCTION("""COMPUTED_VALUE"""),88.88) | F41: =IFERROR(__xludf.DUMMYFUNCTION("""COMPUTED_VALUE"""),88.91) | G41: =IFERROR(__xludf.DUMMYFUNCTION("""COMPUTED_VALUE"""),2562582)
B42: =IFERROR(__xludf.DUMMYFUNCTION("""COMPUTED_VALUE"""),45888.6666666666) | C42: =IFERROR(__xludf.DUMMYFUNCTION("""COMPUTED_VALUE"""),89.38) | D42: =IFERROR(__xludf.DUMMYFUNCTION("""COMPUTED_VALUE"""),90.48) | E42: =IFERROR(__xludf.DUMMYFUNCTION("""COMPUTED_VALUE"""),89.29) | F42: =IFERROR(__xludf.DUMMYFUNCTION("""COMPUTED_VALUE"""),90.44) | G42: =IFERROR(__xludf.DUMMYFUNCTION("""COMPUTED_VALUE"""),4168362)
B43: =IFERROR(__xludf.DUMMYFUNCTION("""COMPUTED_VALUE"""),45889.6666666666) | C43: =IFERROR(__xludf.DUMMYFUNCTION("""COMPUTED_VALUE"""),90.66) | D43: =IFERROR(__xludf.DUMMYFUNCTION("""COMPUTED_VALUE"""),91.43) | E43: =IFERROR(__xludf.DUMMYFUNCTION("""COMPUTED_VALUE"""),90.44) | F43: =IFERROR(__xludf.DUMMYFUNCTION("""COMPUTED_VALUE"""),90.7) | G43: =IFERROR(__xludf.DUMMYFUNCTION("""COMPUTED_VALUE"""),2931894)
B44: =IFERROR(__xludf.DUMMYFUNCTION("""COMPUTED_VALUE"""),45890.6666666666) | C44: =IFERROR(__xludf.DUMMYFUNCTION("""COMPUTED_VALUE"""),90.26) | D44: =IFERROR(__xludf.DUMMYFUNCTION("""COMPUTED_VALUE"""),90.76) | E44: =IFERROR(__xludf.DUMMYFUNCTION("""COMPUTED_VALUE"""),90.06) | F44: =IFERROR(__xludf.DUMMYFUNCTION("""COMPUTED_VALUE"""),90.43) | G44: =IFERROR(__xludf.DUMMYFUNCTION("""COMPUTED_VALUE"""),2630017)
B45: =IFERROR(__xludf.DUMMYFUNCTION("""COMPUTED_VALUE"""),45891.6666666666) | C45: =IFERROR(__xludf.DUMMYFUNCTION("""COMPUTED_VALUE"""),91.06) | D45: =IFERROR(__xludf.DUMMYFUNCTION("""COMPUTED_VALUE"""),92.62) | E45: =IFERROR(__xludf.DUMMYFUNCTION("""COMPUTED_VALUE"""),90.9) | F45: =IFERROR(__xludf.DUMMYFUNCTION("""COMPUTED_VALUE"""),92.18) | G45: =IFERROR(__xludf.DUMMYFUNCTION("""COMPUTED_VALUE"""),3318891)
B46: =IFERROR(__xludf.DUMMYFUNCTION("""COMPUTED_VALUE"""),45894.6666666666) | C46: =IFERROR(__xludf.DUMMYFUNCTION("""COMPUTED_VALUE"""),92.01) | D46: =IFERROR(__xludf.DUMMYFUNCTION("""COMPUTED_VALUE"""),92.34) | E46: =IFERROR(__xludf.DUMMYFUNCTION("""COMPUTED_VALUE"""),91.59) | F46: =IFERROR(__xludf.DUMMYFUNCTION("""COMPUTED_VALUE"""),91.65) | G46: =IFERROR(__xludf.DUMMYFUNCTION("""COMPUTED_VALUE"""),2968817)
B47: =IFERROR(__xludf.DUMMYFUNCTION("""COMPUTED_VALUE"""),45895.6666666666) | C47: =IFERROR(__xludf.DUMMYFUNCTION("""COMPUTED_VALUE"""),91.62) | D47: =IFERROR(__xludf.DUMMYFUNCTION("""COMPUTED_VALUE"""),91.91) | E47: =IFERROR(__xludf.DUMMYFUNCTION("""COMPUTED_VALUE"""),91.23) | F47: =IFERROR(__xludf.DUMMYFUNCTION("""COMPUTED_VALUE"""),91.41) | G47: =IFERROR(__xludf.DUMMYFUNCTION("""COMPUTED_VALUE"""),2739801)
B48: =IFERROR(__xludf.DUMMYFUNCTION("""COMPUTED_VALUE"""),45896.6666666666) | C48: =IFERROR(__xludf.DUMMYFUNCTION("""COMPUTED_VALUE"""),91.65) | D48: =IFERROR(__xludf.DUMMYFUNCTION("""COMPUTED_VALUE"""),92.23) | E48: =IFERROR(__xludf.DUMMYFUNCTION("""COMPUTED_VALUE"""),91.58) | F48: =IFERROR(__xludf.DUMMYFUNCTION("""COMPUTED_VALUE"""),91.98) | G48: =IFERROR(__xludf.DUMMYFUNCTION("""COMPUTED_VALUE"""),1885825)
B49: =IFERROR(__xludf.DUMMYFUNCTION("""COMPUTED_VALUE"""),45897.6666666666) | C49: =IFERROR(__xludf.DUMMYFUNCTION("""COMPUTED_VALUE"""),92.01) | D49: =IFERROR(__xludf.DUMMYFUNCTION("""COMPUTED_VALUE"""),92.05) | E49: =IFERROR(__xludf.DUMMYFUNCTION("""COMPUTED_VALUE"""),91.2) | F49: =IFERROR(__xludf.DUMMYFUNCTION("""COMPUTED_VALUE"""),91.74) | G49: =IFERROR(__xludf.DUMMYFUNCTION("""COMPUTED_VALUE"""),2525346)
B50: =IFERROR(__xludf.DUMMYFUNCTION("""COMPUTED_VALUE"""),45898.6666666666) | C50: =IFERROR(__xludf.DUMMYFUNCTION("""COMPUTED_VALUE"""),91.86) | D50: =IFERROR(__xludf.DUMMYFUNCTION("""COMPUTED_VALUE"""),92.27) | E50: =IFERROR(__xludf.DUMMYFUNCTION("""COMPUTED_VALUE"""),91.78) | F50: =IFERROR(__xludf.DUMMYFUNCTION("""COMPUTED_VALUE"""),92.24) | G50: =IFERROR(__xludf.DUMMYFUNCTION("""COMPUTED_VALUE"""),2137392)
B51: =IFERROR(__xludf.DUMMYFUNCTION("""COMPUTED_VALUE"""),45902.6666666666) | C51: =IFERROR(__xludf.DUMMYFUNCTION("""COMPUTED_VALUE"""),91.25) | D51: =IFERROR(__xludf.DUMMYFUNCTION("""COMPUTED_VALUE"""),91.51) | E51: =IFERROR(__xludf.DUMMYFUNCTION("""COMPUTED_VALUE"""),90.39) | F51: =IFERROR(__xludf.DUMMYFUNCTION("""COMPUTED_VALUE"""),90.71) | G51: =IFERROR(__xludf.DUMMYFUNCTION("""COMPUTED_VALUE"""),3424415)
B52: =IFERROR(__xludf.DUMMYFUNCTION("""COMPUTED_VALUE"""),45903.6666666666) | C52: =IFERROR(__xludf.DUMMYFUNCTION("""COMPUTED_VALUE"""),90.54) | D52: =IFERROR(__xludf.DUMMYFUNCTION("""COMPUTED_VALUE"""),90.98) | E52: =IFERROR(__xludf.DUMMYFUNCTION("""COMPUTED_VALUE"""),90.4) | F52: =IFERROR(__xludf.DUMMYFUNCTION("""COMPUTED_VALUE"""),90.76) | G52: =IFERROR(__xludf.DUMMYFUNCTION("""COMPUTED_VALUE"""),2505511)
B53: =IFERROR(__xludf.DUMMYFUNCTION("""COMPUTED_VALUE"""),45904.6666666666) | C53: =IFERROR(__xludf.DUMMYFUNCTION("""COMPUTED_VALUE"""),91.04) | D53: =IFERROR(__xludf.DUMMYFUNCTION("""COMPUTED_VALUE"""),91.5) | E53: =IFERROR(__xludf.DUMMYFUNCTION("""COMPUTED_VALUE"""),90.57) | F53: =IFERROR(__xludf.DUMMYFUNCTION("""COMPUTED_VALUE"""),91.44) | G53: =IFERROR(__xludf.DUMMYFUNCTION("""COMPUTED_VALUE"""),3689357)
B54: =IFERROR(__xludf.DUMMYFUNCTION("""COMPUTED_VALUE"""),45905.6666666666) | C54: =IFERROR(__xludf.DUMMYFUNCTION("""COMPUTED_VALUE"""),92.07) | D54: =IFERROR(__xludf.DUMMYFUNCTION("""COMPUTED_VALUE"""),92.92) | E54: =IFERROR(__xludf.DUMMYFUNCTION("""COMPUTED_VALUE"""),91.83) | F54: =IFERROR(__xludf.DUMMYFUNCTION("""COMPUTED_VALUE"""),92.47) | G54: =IFERROR(__xludf.DUMMYFUNCTION("""COMPUTED_VALUE"""),3446103)
B55: =IFERROR(__xludf.DUMMYFUNCTION("""COMPUTED_VALUE"""),45908.6666666666) | C55: =IFERROR(__xludf.DUMMYFUNCTION("""COMPUTED_VALUE"""),91.54) | D55: =IFERROR(__xludf.DUMMYFUNCTION("""COMPUTED_VALUE"""),91.95) | E55: =IFERROR(__xludf.DUMMYFUNCTION("""COMPUTED_VALUE"""),91.24) | F55: =IFERROR(__xludf.DUMMYFUNCTION("""COMPUTED_VALUE"""),91.93) | G55: =IFERROR(__xludf.DUMMYFUNCTION("""COMPUTED_VALUE"""),2880701)
B56: =IFERROR(__xludf.DUMMYFUNCTION("""COMPUTED_VALUE"""),45909.6666666666) | C56: =IFERROR(__xludf.DUMMYFUNCTION("""COMPUTED_VALUE"""),91.67) | D56: =IFERROR(__xludf.DUMMYFUNCTION("""COMPUTED_VALUE"""),91.75) | E56: =IFERROR(__xludf.DUMMYFUNCTION("""COMPUTED_VALUE"""),91.33) | F56: =IFERROR(__xludf.DUMMYFUNCTION("""COMPUTED_VALUE"""),91.72) | G56: =IFERROR(__xludf.DUMMYFUNCTION("""COMPUTED_VALUE"""),2533934)
B57: =IFERROR(__xludf.DUMMYFUNCTION("""COMPUTED_VALUE"""),45910.6666666666) | C57: =IFERROR(__xludf.DUMMYFUNCTION("""COMPUTED_VALUE"""),91.73) | D57: =IFERROR(__xludf.DUMMYFUNCTION("""COMPUTED_VALUE"""),92.26) | E57: =IFERROR(__xludf.DUMMYFUNCTION("""COMPUTED_VALUE"""),91.42) | F57: =IFERROR(__xludf.DUMMYFUNCTION("""COMPUTED_VALUE"""),91.57) | G57: =IFERROR(__xludf.DUMMYFUNCTION("""COMPUTED_VALUE"""),2242917)
B58: =IFERROR(__xludf.DUMMYFUNCTION("""COMPUTED_VALUE"""),45911.6666666666) | C58: =IFERROR(__xludf.DUMMYFUNCTION("""COMPUTED_VALUE"""),91.83) | D58: =IFERROR(__xludf.DUMMYFUNCTION("""COMPUTED_VALUE"""),93.42) | E58: =IFERROR(__xludf.DUMMYFUNCTION("""COMPUTED_VALUE"""),91.75) | F58: =IFERROR(__xludf.DUMMYFUNCTION("""COMPUTED_VALUE"""),93.24) | G58: =IFERROR(__xludf.DUMMYFUNCTION("""COMPUTED_VALUE"""),2671354)
B59: =IFERROR(__xludf.DUMMYFUNCTION("""COMPUTED_VALUE"""),45912.6666666666) | C59: =IFERROR(__xludf.DUMMYFUNCTION("""COMPUTED_VALUE"""),93.18) | D59: =IFERROR(__xludf.DUMMYFUNCTION("""COMPUTED_VALUE"""),93.34) | E59: =IFERROR(__xludf.DUMMYFUNCTION("""COMPUTED_VALUE"""),92.71) | F59: =IFERROR(__xludf.DUMMYFUNCTION("""COMPUTED_VALUE"""),92.81) | G59: =IFERROR(__xludf.DUMMYFUNCTION("""COMPUTED_VALUE"""),2165627)
B60: =IFERROR(__xludf.DUMMYFUNCTION("""COMPUTED_VALUE"""),45915.6666666666) | C60: =IFERROR(__xludf.DUMMYFUNCTION("""COMPUTED_VALUE"""),93.11) | D60: =IFERROR(__xludf.DUMMYFUNCTION("""COMPUTED_VALUE"""),93.24) | E60: =IFERROR(__xludf.DUMMYFUNCTION("""COMPUTED_VALUE"""),92.39) | F60: =IFERROR(__xludf.DUMMYFUNCTION("""COMPUTED_VALUE"""),92.66) | G60: =IFERROR(__xludf.DUMMYFUNCTION("""COMPUTED_VALUE"""),2754956)
B61: =IFERROR(__xludf.DUMMYFUNCTION("""COMPUTED_VALUE"""),45916.6666666666) | C61: =IFERROR(__xludf.DUMMYFUNCTION("""COMPUTED_VALUE"""),92.65) | D61: =IFERROR(__xludf.DUMMYFUNCTION("""COMPUTED_VALUE"""),92.8) | E61: =IFERROR(__xludf.DUMMYFUNCTION("""COMPUTED_VALUE"""),91.91) | F61: =IFERROR(__xludf.DUMMYFUNCTION("""COMPUTED_VALUE"""),92.17) | G61: =IFERROR(__xludf.DUMMYFUNCTION("""COMPUTED_VALUE"""),3260272)
B62: =IFERROR(__xludf.DUMMYFUNCTION("""COMPUTED_VALUE"""),45917.6666666666) | C62: =IFERROR(__xludf.DUMMYFUNCTION("""COMPUTED_VALUE"""),92.45) | D62: =IFERROR(__xludf.DUMMYFUNCTION("""COMPUTED_VALUE"""),93.58) | E62: =IFERROR(__xludf.DUMMYFUNCTION("""COMPUTED_VALUE"""),91.95) | F62: =IFERROR(__xludf.DUMMYFUNCTION("""COMPUTED_VALUE"""),92.05) | G62: =IFERROR(__xludf.DUMMYFUNCTION("""COMPUTED_VALUE"""),4570956)
B63: =IFERROR(__xludf.DUMMYFUNCTION("""COMPUTED_VALUE"""),45918.6666666666) | C63: =IFERROR(__xludf.DUMMYFUNCTION("""COMPUTED_VALUE"""),92.16) | D63: =IFERROR(__xludf.DUMMYFUNCTION("""COMPUTED_VALUE"""),92.65) | E63: =IFERROR(__xludf.DUMMYFUNCTION("""COMPUTED_VALUE"""),91.94) | F63: =IFERROR(__xludf.DUMMYFUNCTION("""COMPUTED_VALUE"""),92.25) | G63: =IFERROR(__xludf.DUMMYFUNCTION("""COMPUTED_VALUE"""),2966135)
B64: =IFERROR(__xludf.DUMMYFUNCTION("""COMPUTED_VALUE"""),45919.6666666666) | C64: =IFERROR(__xludf.DUMMYFUNCTION("""COMPUTED_VALUE"""),92.37) | D64: =IFERROR(__xludf.DUMMYFUNCTION("""COMPUTED_VALUE"""),92.49) | E64: =IFERROR(__xludf.DUMMYFUNCTION("""COMPUTED_VALUE"""),91.65) | F64: =IFERROR(__xludf.DUMMYFUNCTION("""COMPUTED_VALUE"""),91.65) | G64: =IFERROR(__xludf.DUMMYFUNCTION("""COMPUTED_VALUE"""),3076078)
B65: =IFERROR(__xludf.DUMMYFUNCTION("""COMPUTED_VALUE"""),45922.6666666666) | C65: =IFERROR(__xludf.DUMMYFUNCTION("""COMPUTED_VALUE"""),91.68) | D65: =IFERROR(__xludf.DUMMYFUNCTION("""COMPUTED_VALUE"""),91.87) | E65: =IFERROR(__xludf.DUMMYFUNCTION("""COMPUTED_VALUE"""),91.09) | F65: =IFERROR(__xludf.DUMMYFUNCTION("""COMPUTED_VALUE"""),91.67) | G65: =IFERROR(__xludf.DUMMYFUNCTION("""COMPUTED_VALUE"""),3646167)
B66: =IFERROR(__xludf.DUMMYFUNCTION("""COMPUTED_VALUE"""),45923.6666666666) | C66: =IFERROR(__xludf.DUMMYFUNCTION("""COMPUTED_VALUE"""),91.79) | D66: =IFERROR(__xludf.DUMMYFUNCTION("""COMPUTED_VALUE"""),92.39) | E66: =IFERROR(__xludf.DUMMYFUNCTION("""COMPUTED_VALUE"""),91.67) | F66: =IFERROR(__xludf.DUMMYFUNCTION("""COMPUTED_VALUE"""),92.17) | G66: =IFERROR(__xludf.DUMMYFUNCTION("""COMPUTED_VALUE"""),3421380)
B67: =IFERROR(__xludf.DUMMYFUNCTION("""COMPUTED_VALUE"""),45924.6666666666) | C67: =IFERROR(__xludf.DUMMYFUNCTION("""COMPUTED_VALUE"""),91.22) | D67: =IFERROR(__xludf.DUMMYFUNCTION("""COMPUTED_VALUE"""),91.26) | E67: =IFERROR(__xludf.DUMMYFUNCTION("""COMPUTED_VALUE"""),90.39) | F67: =IFERROR(__xludf.DUMMYFUNCTION("""COMPUTED_VALUE"""),90.4) | G67: =IFERROR(__xludf.DUMMYFUNCTION("""COMPUTED_VALUE"""),2709452)
B68: =IFERROR(__xludf.DUMMYFUNCTION("""COMPUTED_VALUE"""),45925.6666666666) | C68: =IFERROR(__xludf.DUMMYFUNCTION("""COMPUTED_VALUE"""),90.39) | D68: =IFERROR(__xludf.DUMMYFUNCTION("""COMPUTED_VALUE"""),90.75) | E68: =IFERROR(__xludf.DUMMYFUNCTION("""COMPUTED_VALUE"""),90.06) | F68: =IFERROR(__xludf.DUMMYFUNCTION("""COMPUTED_VALUE"""),90.13) | G68: =IFERROR(__xludf.DUMMYFUNCTION("""COMPUTED_VALUE"""),4246453)
B69: =IFERROR(__xludf.DUMMYFUNCTION("""COMPUTED_VALUE"""),45926.6666666666) | C69: =IFERROR(__xludf.DUMMYFUNCTION("""COMPUTED_VALUE"""),90.5) | D69: =IFERROR(__xludf.DUMMYFUNCTION("""COMPUTED_VALUE"""),91.18) | E69: =IFERROR(__xludf.DUMMYFUNCTION("""COMPUTED_VALUE"""),90.3) | F69: =IFERROR(__xludf.DUMMYFUNCTION("""COMPUTED_VALUE"""),91.02) | G69: =IFERROR(__xludf.DUMMYFUNCTION("""COMPUTED_VALUE"""),5430815)
B70: =IFERROR(__xludf.DUMMYFUNCTION("""COMPUTED_VALUE"""),45929.6666666666) | C70: =IFERROR(__xludf.DUMMYFUNCTION("""COMPUTED_VALUE"""),91.12) | D70: =IFERROR(__xludf.DUMMYFUNCTION("""COMPUTED_VALUE"""),91.23) | E70: =IFERROR(__xludf.DUMMYFUNCTION("""COMPUTED_VALUE"""),90.65) | F70: =IFERROR(__xludf.DUMMYFUNCTION("""COMPUTED_VALUE"""),91.05) | G70: =IFERROR(__xludf.DUMMYFUNCTION("""COMPUTED_VALUE"""),3155513)
B71: =IFERROR(__xludf.DUMMYFUNCTION("""COMPUTED_VALUE"""),45930.6666666666) | C71: =IFERROR(__xludf.DUMMYFUNCTION("""COMPUTED_VALUE"""),91.08) | D71: =IFERROR(__xludf.DUMMYFUNCTION("""COMPUTED_VALUE"""),91.49) | E71: =IFERROR(__xludf.DUMMYFUNCTION("""COMPUTED_VALUE"""),90.79) | F71: =IFERROR(__xludf.DUMMYFUNCTION("""COMPUTED_VALUE"""),91.42) | G71: =IFERROR(__xludf.DUMMYFUNCTION("""COMPUTED_VALUE"""),3002844)
B72: =IFERROR(__xludf.DUMMYFUNCTION("""COMPUTED_VALUE"""),45931.6666666666) | C72: =IFERROR(__xludf.DUMMYFUNCTION("""COMPUTED_VALUE"""),91.37) | D72: =IFERROR(__xludf.DUMMYFUNCTION("""COMPUTED_VALUE"""),91.88) | E72: =IFERROR(__xludf.DUMMYFUNCTION("""COMPUTED_VALUE"""),91.25) | F72: =IFERROR(__xludf.DUMMYFUNCTION("""COMPUTED_VALUE"""),91.56) | G72: =IFERROR(__xludf.DUMMYFUNCTION("""COMPUTED_VALUE"""),2933491)
B73: =IFERROR(__xludf.DUMMYFUNCTION("""COMPUTED_VALUE"""),45932.6666666666) | C73: =IFERROR(__xludf.DUMMYFUNCTION("""COMPUTED_VALUE"""),91.36) | D73: =IFERROR(__xludf.DUMMYFUNCTION("""COMPUTED_VALUE"""),91.36) | E73: =IFERROR(__xludf.DUMMYFUNCTION("""COMPUTED_VALUE"""),90.51) | F73: =IFERROR(__xludf.DUMMYFUNCTION("""COMPUTED_VALUE"""),91.08) | G73: =IFERROR(__xludf.DUMMYFUNCTION("""COMPUTED_VALUE"""),4186062)
B74: =IFERROR(__xludf.DUMMYFUNCTION("""COMPUTED_VALUE"""),45933.6666666666) | C74: =IFERROR(__xludf.DUMMYFUNCTION("""COMPUTED_VALUE"""),91.2) | D74: =IFERROR(__xludf.DUMMYFUNCTION("""COMPUTED_VALUE"""),92.16) | E74: =IFERROR(__xludf.DUMMYFUNCTION("""COMPUTED_VALUE"""),91.2) | F74: =IFERROR(__xludf.DUMMYFUNCTION("""COMPUTED_VALUE"""),91.42) | G74: =IFERROR(__xludf.DUMMYFUNCTION("""COMPUTED_VALUE"""),2496627)
B75: =IFERROR(__xludf.DUMMYFUNCTION("""COMPUTED_VALUE"""),45936.6666666666) | C75: =IFERROR(__xludf.DUMMYFUNCTION("""COMPUTED_VALUE"""),91.48) | D75: =IFERROR(__xludf.DUMMYFUNCTION("""COMPUTED_VALUE"""),91.5) | E75: =IFERROR(__xludf.DUMMYFUNCTION("""COMPUTED_VALUE"""),90.53) | F75: =IFERROR(__xludf.DUMMYFUNCTION("""COMPUTED_VALUE"""),90.56) | G75: =IFERROR(__xludf.DUMMYFUNCTION("""COMPUTED_VALUE"""),4154610)
B76: =IFERROR(__xludf.DUMMYFUNCTION("""COMPUTED_VALUE"""),45937.6666666666) | C76: =IFERROR(__xludf.DUMMYFUNCTION("""COMPUTED_VALUE"""),90.63) | D76: =IFERROR(__xludf.DUMMYFUNCTION("""COMPUTED_VALUE"""),90.81) | E76: =IFERROR(__xludf.DUMMYFUNCTION("""COMPUTED_VALUE"""),89.85) | F76: =IFERROR(__xludf.DUMMYFUNCTION("""COMPUTED_VALUE"""),90.23) | G76: =IFERROR(__xludf.DUMMYFUNCTION("""COMPUTED_VALUE"""),4546624)
B77: =IFERROR(__xludf.DUMMYFUNCTION("""COMPUTED_VALUE"""),45938.6666666666) | C77: =IFERROR(__xludf.DUMMYFUNCTION("""COMPUTED_VALUE"""),89.82) | D77: =IFERROR(__xludf.DUMMYFUNCTION("""COMPUTED_VALUE"""),90.1) | E77: =IFERROR(__xludf.DUMMYFUNCTION("""COMPUTED_VALUE"""),89.53) | F77: =IFERROR(__xludf.DUMMYFUNCTION("""COMPUTED_VALUE"""),89.76) | G77: =IFERROR(__xludf.DUMMYFUNCTION("""COMPUTED_VALUE"""),3325065)
B78: =IFERROR(__xludf.DUMMYFUNCTION("""COMPUTED_VALUE"""),45939.6666666666) | C78: =IFERROR(__xludf.DUMMYFUNCTION("""COMPUTED_VALUE"""),89.93) | D78: =IFERROR(__xludf.DUMMYFUNCTION("""COMPUTED_VALUE"""),89.99) | E78: =IFERROR(__xludf.DUMMYFUNCTION("""COMPUTED_VALUE"""),89.04) | F78: =IFERROR(__xludf.DUMMYFUNCTION("""COMPUTED_VALUE"""),89.27) | G78: =IFERROR(__xludf.DUMMYFUNCTION("""COMPUTED_VALUE"""),3123023)
B79: =IFERROR(__xludf.DUMMYFUNCTION("""COMPUTED_VALUE"""),45940.6666666666) | C79: =IFERROR(__xludf.DUMMYFUNCTION("""COMPUTED_VALUE"""),89.52) | D79: =IFERROR(__xludf.DUMMYFUNCTION("""COMPUTED_VALUE"""),89.69) | E79: =IFERROR(__xludf.DUMMYFUNCTION("""COMPUTED_VALUE"""),88.09) | F79: =IFERROR(__xludf.DUMMYFUNCTION("""COMPUTED_VALUE"""),88.13) | G79: =IFERROR(__xludf.DUMMYFUNCTION("""COMPUTED_VALUE"""),3996323)
B80: =IFERROR(__xludf.DUMMYFUNCTION("""COMPUTED_VALUE"""),45943.6666666666) | C80: =IFERROR(__xludf.DUMMYFUNCTION("""COMPUTED_VALUE"""),88.21) | D80: =IFERROR(__xludf.DUMMYFUNCTION("""COMPUTED_VALUE"""),88.78) | E80: =IFERROR(__xludf.DUMMYFUNCTION("""COMPUTED_VALUE"""),88.08) | F80: =IFERROR(__xludf.DUMMYFUNCTION("""COMPUTED_VALUE"""),88.69) | G80: =IFERROR(__xludf.DUMMYFUNCTION("""COMPUTED_VALUE"""),2810073)
B81: =IFERROR(__xludf.DUMMYFUNCTION("""COMPUTED_VALUE"""),45944.6666666666) | C81: =IFERROR(__xludf.DUMMYFUNCTION("""COMPUTED_VALUE"""),88.57) | D81: =IFERROR(__xludf.DUMMYFUNCTION("""COMPUTED_VALUE"""),89.74) | E81: =IFERROR(__xludf.DUMMYFUNCTION("""COMPUTED_VALUE"""),88.39) | F81: =IFERROR(__xludf.DUMMYFUNCTION("""COMPUTED_VALUE"""),89.6) | G81: =IFERROR(__xludf.DUMMYFUNCTION("""COMPUTED_VALUE"""),3047787)
B82: =IFERROR(__xludf.DUMMYFUNCTION("""COMPUTED_VALUE"""),45945.6666666666) | C82: =IFERROR(__xludf.DUMMYFUNCTION("""COMPUTED_VALUE"""),89.91) | D82: =IFERROR(__xludf.DUMMYFUNCTION("""COMPUTED_VALUE"""),91.16) | E82: =IFERROR(__xludf.DUMMYFUNCTION("""COMPUTED_VALUE"""),89.84) | F82: =IFERROR(__xludf.DUMMYFUNCTION("""COMPUTED_VALUE"""),90.9) | G82: =IFERROR(__xludf.DUMMYFUNCTION("""COMPUTED_VALUE"""),3026724)
B83: =IFERROR(__xludf.DUMMYFUNCTION("""COMPUTED_VALUE"""),45946.6666666666) | C83: =IFERROR(__xludf.DUMMYFUNCTION("""COMPUTED_VALUE"""),91.07) | D83: =IFERROR(__xludf.DUMMYFUNCTION("""COMPUTED_VALUE"""),91.43) | E83: =IFERROR(__xludf.DUMMYFUNCTION("""COMPUTED_VALUE"""),90.38) | F83: =IFERROR(__xludf.DUMMYFUNCTION("""COMPUTED_VALUE"""),90.58) | G83: =IFERROR(__xludf.DUMMYFUNCTION("""COMPUTED_VALUE"""),3719168)
B84: =IFERROR(__xludf.DUMMYFUNCTION("""COMPUTED_VALUE"""),45947.6666666666) | C84: =IFERROR(__xludf.DUMMYFUNCTION("""COMPUTED_VALUE"""),90.54) | D84: =IFERROR(__xludf.DUMMYFUNCTION("""COMPUTED_VALUE"""),91.28) | E84: =IFERROR(__xludf.DUMMYFUNCTION("""COMPUTED_VALUE"""),90.26) | F84: =IFERROR(__xludf.DUMMYFUNCTION("""COMPUTED_VALUE"""),91.17) | G84: =IFERROR(__xludf.DUMMYFUNCTION("""COMPUTED_VALUE"""),2945240)
B85: =IFERROR(__xludf.DUMMYFUNCTION("""COMPUTED_VALUE"""),45950.6666666666) | C85: =IFERROR(__xludf.DUMMYFUNCTION("""COMPUTED_VALUE"""),91.6) | D85: =IFERROR(__xludf.DUMMYFUNCTION("""COMPUTED_VALUE"""),92.11) | E85: =IFERROR(__xludf.DUMMYFUNCTION("""COMPUTED_VALUE"""),91.39) | F85: =IFERROR(__xludf.DUMMYFUNCTION("""COMPUTED_VALUE"""),92.09) | G85: =IFERROR(__xludf.DUMMYFUNCTION("""COMPUTED_VALUE"""),2036812)
B86: =IFERROR(__xludf.DUMMYFUNCTION("""COMPUTED_VALUE"""),45951.6666666666) | C86: =IFERROR(__xludf.DUMMYFUNCTION("""COMPUTED_VALUE"""),92) | D86: =IFERROR(__xludf.DUMMYFUNCTION("""COMPUTED_VALUE"""),92.45) | E86: =IFERROR(__xludf.DUMMYFUNCTION("""COMPUTED_VALUE"""),91.68) | F86: =IFERROR(__xludf.DUMMYFUNCTION("""COMPUTED_VALUE"""),91.83) | G86: =IFERROR(__xludf.DUMMYFUNCTION("""COMPUTED_VALUE"""),2829840)
B87: =IFERROR(__xludf.DUMMYFUNCTION("""COMPUTED_VALUE"""),45952.6666666666) | C87: =IFERROR(__xludf.DUMMYFUNCTION("""COMPUTED_VALUE"""),92.11) | D87: =IFERROR(__xludf.DUMMYFUNCTION("""COMPUTED_VALUE"""),92.37) | E87: =IFERROR(__xludf.DUMMYFUNCTION("""COMPUTED_VALUE"""),91.69) | F87: =IFERROR(__xludf.DUMMYFUNCTION("""COMPUTED_VALUE"""),92.22) | G87: =IFERROR(__xludf.DUMMYFUNCTION("""COMPUTED_VALUE"""),2490784)
B88: =IFERROR(__xludf.DUMMYFUNCTION("""COMPUTED_VALUE"""),45953.6666666666) | C88: =IFERROR(__xludf.DUMMYFUNCTION("""COMPUTED_VALUE"""),92.32) | D88: =IFERROR(__xludf.DUMMYFUNCTION("""COMPUTED_VALUE"""),92.57) | E88: =IFERROR(__xludf.DUMMYFUNCTION("""COMPUTED_VALUE"""),91.39) | F88: =IFERROR(__xludf.DUMMYFUNCTION("""COMPUTED_VALUE"""),92.16) | G88: =IFERROR(__xludf.DUMMYFUNCTION("""COMPUTED_VALUE"""),2686972)
B89: =IFERROR(__xludf.DUMMYFUNCTION("""COMPUTED_VALUE"""),45954.6666666666) | C89: =IFERROR(__xludf.DUMMYFUNCTION("""COMPUTED_VALUE"""),92.82) | D89: =IFERROR(__xludf.DUMMYFUNCTION("""COMPUTED_VALUE"""),92.93) | E89: =IFERROR(__xludf.DUMMYFUNCTION("""COMPUTED_VALUE"""),92.43) | F89: =IFERROR(__xludf.DUMMYFUNCTION("""COMPUTED_VALUE"""),92.43) | G89: =IFERROR(__xludf.DUMMYFUNCTION("""COMPUTED_VALUE"""),2619502)
B90: =IFERROR(__xludf.DUMMYFUNCTION("""COMPUTED_VALUE"""),45957.6666666666) | C90: =IFERROR(__xludf.DUMMYFUNCTION("""COMPUTED_VALUE"""),92.5) | D90: =IFERROR(__xludf.DUMMYFUNCTION("""COMPUTED_VALUE"""),92.73) | E90: =IFERROR(__xludf.DUMMYFUNCTION("""COMPUTED_VALUE"""),92.08) | F90: =IFERROR(__xludf.DUMMYFUNCTION("""COMPUTED_VALUE"""),92.69) | G90: =IFERROR(__xludf.DUMMYFUNCTION("""COMPUTED_VALUE"""),2921989)
B91: =IFERROR(__xludf.DUMMYFUNCTION("""COMPUTED_VALUE"""),45958.6666666666) | C91: =IFERROR(__xludf.DUMMYFUNCTION("""COMPUTED_VALUE"""),92.47) | D91: =IFERROR(__xludf.DUMMYFUNCTION("""COMPUTED_VALUE"""),92.47) | E91: =IFERROR(__xludf.DUMMYFUNCTION("""COMPUTED_VALUE"""),90.8) | F91: =IFERROR(__xludf.DUMMYFUNCTION("""COMPUTED_VALUE"""),90.87) | G91: =IFERROR(__xludf.DUMMYFUNCTION("""COMPUTED_VALUE"""),4636016)
B92: =IFERROR(__xludf.DUMMYFUNCTION("""COMPUTED_VALUE"""),45959.6666666666) | C92: =IFERROR(__xludf.DUMMYFUNCTION("""COMPUTED_VALUE"""),90.2) | D92: =IFERROR(__xludf.DUMMYFUNCTION("""COMPUTED_VALUE"""),90.36) | E92: =IFERROR(__xludf.DUMMYFUNCTION("""COMPUTED_VALUE"""),88.23) | F92: =IFERROR(__xludf.DUMMYFUNCTION("""COMPUTED_VALUE"""),88.53) | G92: =IFERROR(__xludf.DUMMYFUNCTION("""COMPUTED_VALUE"""),5650116)
B93: =IFERROR(__xludf.DUMMYFUNCTION("""COMPUTED_VALUE"""),45960.6666666666) | C93: =IFERROR(__xludf.DUMMYFUNCTION("""COMPUTED_VALUE"""),88.46) | D93: =IFERROR(__xludf.DUMMYFUNCTION("""COMPUTED_VALUE"""),89.55) | E93: =IFERROR(__xludf.DUMMYFUNCTION("""COMPUTED_VALUE"""),88.2) | F93: =IFERROR(__xludf.DUMMYFUNCTION("""COMPUTED_VALUE"""),88.95) | G93: =IFERROR(__xludf.DUMMYFUNCTION("""COMPUTED_VALUE"""),5183182)
B94: =IFERROR(__xludf.DUMMYFUNCTION("""COMPUTED_VALUE"""),45961.6666666666) | C94: =IFERROR(__xludf.DUMMYFUNCTION("""COMPUTED_VALUE"""),88.5) | D94: =IFERROR(__xludf.DUMMYFUNCTION("""COMPUTED_VALUE"""),89.48) | E94: =IFERROR(__xludf.DUMMYFUNCTION("""COMPUTED_VALUE"""),88.17) | F94: =IFERROR(__xludf.DUMMYFUNCTION("""COMPUTED_VALUE"""),89.18) | G94: =IFERROR(__xludf.DUMMYFUNCTION("""COMPUTED_VALUE"""),3982699)
B95: =IFERROR(__xludf.DUMMYFUNCTION("""COMPUTED_VALUE"""),45964.6666666666) | C95: =IFERROR(__xludf.DUMMYFUNCTION("""COMPUTED_VALUE"""),88.2) | D95: =IFERROR(__xludf.DUMMYFUNCTION("""COMPUTED_VALUE"""),89.15) | E95: =IFERROR(__xludf.DUMMYFUNCTION("""COMPUTED_VALUE"""),87.86) | F95: =IFERROR(__xludf.DUMMYFUNCTION("""COMPUTED_VALUE"""),89.05) | G95: =IFERROR(__xludf.DUMMYFUNCTION("""COMPUTED_VALUE"""),4522882)
B96: =IFERROR(__xludf.DUMMYFUNCTION("""COMPUTED_VALUE"""),45965.6666666666) | C96: =IFERROR(__xludf.DUMMYFUNCTION("""COMPUTED_VALUE"""),89.24) | D96: =IFERROR(__xludf.DUMMYFUNCTION("""COMPUTED_VALUE"""),89.33) | E96: =IFERROR(__xludf.DUMMYFUNCTION("""COMPUTED_VALUE"""),88.76) | F96: =IFERROR(__xludf.DUMMYFUNCTION("""COMPUTED_VALUE"""),89.2) | G96: =IFERROR(__xludf.DUMMYFUNCTION("""COMPUTED_VALUE"""),4058678)
B97: =IFERROR(__xludf.DUMMYFUNCTION("""COMPUTED_VALUE"""),45966.6666666666) | C97: =IFERROR(__xludf.DUMMYFUNCTION("""COMPUTED_VALUE"""),89.48) | D97: =IFERROR(__xludf.DUMMYFUNCTION("""COMPUTED_VALUE"""),89.57) | E97: =IFERROR(__xludf.DUMMYFUNCTION("""COMPUTED_VALUE"""),88.74) | F97: =IFERROR(__xludf.DUMMYFUNCTION("""COMPUTED_VALUE"""),89.28) | G97: =IFERROR(__xludf.DUMMYFUNCTION("""COMPUTED_VALUE"""),2886259)
B98: =IFERROR(__xludf.DUMMYFUNCTION("""COMPUTED_VALUE"""),45967.6666666666) | C98: =IFERROR(__xludf.DUMMYFUNCTION("""COMPUTED_VALUE"""),89.19) | D98: =IFERROR(__xludf.DUMMYFUNCTION("""COMPUTED_VALUE"""),89.55) | E98: =IFERROR(__xludf.DUMMYFUNCTION("""COMPUTED_VALUE"""),88.82) | F98: =IFERROR(__xludf.DUMMYFUNCTION("""COMPUTED_VALUE"""),88.85) | G98: =IFERROR(__xludf.DUMMYFUNCTION("""COMPUTED_VALUE"""),3421589)
B99: =IFERROR(__xludf.DUMMYFUNCTION("""COMPUTED_VALUE"""),45968.6666666666) | C99: =IFERROR(__xludf.DUMMYFUNCTION("""COMPUTED_VALUE"""),89.04) | D99: =IFERROR(__xludf.DUMMYFUNCTION("""COMPUTED_VALUE"""),90.25) | E99: =IFERROR(__xludf.DUMMYFUNCTION("""COMPUTED_VALUE"""),88.94) | F99: =IFERROR(__xludf.DUMMYFUNCTION("""COMPUTED_VALUE"""),90.23) | G99: =IFERROR(__xludf.DUMMYFUNCTION("""COMPUTED_VALUE"""),5277948)
B100: =IFERROR(__xludf.DUMMYFUNCTION("""COMPUTED_VALUE"""),45971.6666666666) | C100: =IFERROR(__xludf.DUMMYFUNCTION("""COMPUTED_VALUE"""),90.02) | D100: =IFERROR(__xludf.DUMMYFUNCTION("""COMPUTED_VALUE"""),90.58) | E100: =IFERROR(__xludf.DUMMYFUNCTION("""COMPUTED_VALUE"""),89.65) | F100: =IFERROR(__xludf.DUMMYFUNCTION("""COMPUTED_VALUE"""),90.18) | G100: =IFERROR(__xludf.DUMMYFUNCTION("""COMPUTED_VALUE"""),3398185)
B101: =IFERROR(__xludf.DUMMYFUNCTION("""COMPUTED_VALUE"""),45972.6666666666) | C101: =IFERROR(__xludf.DUMMYFUNCTION("""COMPUTED_VALUE"""),90.51) | D101: =IFERROR(__xludf.DUMMYFUNCTION("""COMPUTED_VALUE"""),91.26) | E101: =IFERROR(__xludf.DUMMYFUNCTION("""COMPUTED_VALUE"""),90.49) | F101: =IFERROR(__xludf.DUMMYFUNCTION("""COMPUTED_VALUE"""),91.19) | G101: =IFERROR(__xludf.DUMMYFUNCTION("""COMPUTED_VALUE"""),3190422)
B102: =IFERROR(__xludf.DUMMYFUNCTION("""COMPUTED_VALUE"""),45973.6666666666) | C102: =IFERROR(__xludf.DUMMYFUNCTION("""COMPUTED_VALUE"""),90.75) | D102: =IFERROR(__xludf.DUMMYFUNCTION("""COMPUTED_VALUE"""),91.17) | E102: =IFERROR(__xludf.DUMMYFUNCTION("""COMPUTED_VALUE"""),90.48) | F102: =IFERROR(__xludf.DUMMYFUNCTION("""COMPUTED_VALUE"""),90.51) | G102: =IFERROR(__xludf.DUMMYFUNCTION("""COMPUTED_VALUE"""),3652436)
B103: =IFERROR(__xludf.DUMMYFUNCTION("""COMPUTED_VALUE"""),45974.6666666666) | C103: =IFERROR(__xludf.DUMMYFUNCTION("""COMPUTED_VALUE"""),90.03) | D103: =IFERROR(__xludf.DUMMYFUNCTION("""COMPUTED_VALUE"""),90.41) | E103: =IFERROR(__xludf.DUMMYFUNCTION("""COMPUTED_VALUE"""),89.26) | F103: =IFERROR(__xludf.DUMMYFUNCTION("""COMPUTED_VALUE"""),89.4) | G103: =IFERROR(__xludf.DUMMYFUNCTION("""COMPUTED_VALUE"""),3734640)
B104: =IFERROR(__xludf.DUMMYFUNCTION("""COMPUTED_VALUE"""),45975.6666666666) | C104: =IFERROR(__xludf.DUMMYFUNCTION("""COMPUTED_VALUE"""),89.63) | D104: =IFERROR(__xludf.DUMMYFUNCTION("""COMPUTED_VALUE"""),89.74) | E104: =IFERROR(__xludf.DUMMYFUNCTION("""COMPUTED_VALUE"""),89.1) | F104: =IFERROR(__xludf.DUMMYFUNCTION("""COMPUTED_VALUE"""),89.59) | G104: =IFERROR(__xludf.DUMMYFUNCTION("""COMPUTED_VALUE"""),3662866)
B105: =IFERROR(__xludf.DUMMYFUNCTION("""COMPUTED_VALUE"""),45978.6666666666) | C105: =IFERROR(__xludf.DUMMYFUNCTION("""COMPUTED_VALUE"""),89.83) | D105: =IFERROR(__xludf.DUMMYFUNCTION("""COMPUTED_VALUE"""),89.85) | E105: =IFERROR(__xludf.DUMMYFUNCTION("""COMPUTED_VALUE"""),88.6) | F105: =IFERROR(__xludf.DUMMYFUNCTION("""COMPUTED_VALUE"""),88.85) | G105: =IFERROR(__xludf.DUMMYFUNCTION("""COMPUTED_VALUE"""),4072182)
B106: =IFERROR(__xludf.DUMMYFUNCTION("""COMPUTED_VALUE"""),45979.6666666666) | C106: =IFERROR(__xludf.DUMMYFUNCTION("""COMPUTED_VALUE"""),88.81) | D106: =IFERROR(__xludf.DUMMYFUNCTION("""COMPUTED_VALUE"""),89.47) | E106: =IFERROR(__xludf.DUMMYFUNCTION("""COMPUTED_VALUE"""),88.57) | F106: =IFERROR(__xludf.DUMMYFUNCTION("""COMPUTED_VALUE"""),89.21) | G106: =IFERROR(__xludf.DUMMYFUNCTION("""COMPUTED_VALUE"""),4281473)
B107: =IFERROR(__xludf.DUMMYFUNCTION("""COMPUTED_VALUE"""),45980.6666666666) | C107: =IFERROR(__xludf.DUMMYFUNCTION("""COMPUTED_VALUE"""),89.2) | D107: =IFERROR(__xludf.DUMMYFUNCTION("""COMPUTED_VALUE"""),89.3) | E107: =IFERROR(__xludf.DUMMYFUNCTION("""COMPUTED_VALUE"""),88.22) | F107: =IFERROR(__xludf.DUMMYFUNCTION("""COMPUTED_VALUE"""),88.51) | G107: =IFERROR(__xludf.DUMMYFUNCTION("""COMPUTED_VALUE"""),4029845)
B108: =IFERROR(__xludf.DUMMYFUNCTION("""COMPUTED_VALUE"""),45981.6666666666) | C108: =IFERROR(__xludf.DUMMYFUNCTION("""COMPUTED_VALUE"""),89.07) | D108: =IFERROR(__xludf.DUMMYFUNCTION("""COMPUTED_VALUE"""),89.57) | E108: =IFERROR(__xludf.DUMMYFUNCTION("""COMPUTED_VALUE"""),88.11) | F108: =IFERROR(__xludf.DUMMYFUNCTION("""COMPUTED_VALUE"""),88.14) | G108: =IFERROR(__xludf.DUMMYFUNCTION("""COMPUTED_VALUE"""),5317008)
B109: =IFERROR(__xludf.DUMMYFUNCTION("""COMPUTED_VALUE"""),45982.6666666666) | C109: =IFERROR(__xludf.DUMMYFUNCTION("""COMPUTED_VALUE"""),88.66) | D109: =IFERROR(__xludf.DUMMYFUNCTION("""COMPUTED_VALUE"""),89.9) | E109: =IFERROR(__xludf.DUMMYFUNCTION("""COMPUTED_VALUE"""),88.38) | F109: =IFERROR(__xludf.DUMMYFUNCTION("""COMPUTED_VALUE"""),89.57) | G109: =IFERROR(__xludf.DUMMYFUNCTION("""COMPUTED_VALUE"""),5770477)
B110: =IFERROR(__xludf.DUMMYFUNCTION("""COMPUTED_VALUE"""),45985.6666666666) | C110: =IFERROR(__xludf.DUMMYFUNCTION("""COMPUTED_VALUE"""),89.64) | D110: =IFERROR(__xludf.DUMMYFUNCTION("""COMPUTED_VALUE"""),89.94) | E110: =IFERROR(__xludf.DUMMYFUNCTION("""COMPUTED_VALUE"""),89.09) | F110: =IFERROR(__xludf.DUMMYFUNCTION("""COMPUTED_VALUE"""),89.81) | G110: =IFERROR(__xludf.DUMMYFUNCTION("""COMPUTED_VALUE"""),3331007)
B111: =IFERROR(__xludf.DUMMYFUNCTION("""COMPUTED_VALUE"""),45986.6666666666) | C111: =IFERROR(__xludf.DUMMYFUNCTION("""COMPUTED_VALUE"""),90.05) | D111: =IFERROR(__xludf.DUMMYFUNCTION("""COMPUTED_VALUE"""),91.04) | E111: =IFERROR(__xludf.DUMMYFUNCTION("""COMPUTED_VALUE"""),90.05) | F111: =IFERROR(__xludf.DUMMYFUNCTION("""COMPUTED_VALUE"""),90.64) | G111: =IFERROR(__xludf.DUMMYFUNCTION("""COMPUTED_VALUE"""),4230357)
B112: =IFERROR(__xludf.DUMMYFUNCTION("""COMPUTED_VALUE"""),45987.6666666666) | C112: =IFERROR(__xludf.DUMMYFUNCTION("""COMPUTED_VALUE"""),90.43) | D112: =IFERROR(__xludf.DUMMYFUNCTION("""COMPUTED_VALUE"""),91.57) | E112: =IFERROR(__xludf.DUMMYFUNCTION("""COMPUTED_VALUE"""),90.39) | F112: =IFERROR(__xludf.DUMMYFUNCTION("""COMPUTED_VALUE"""),91.04) | G112: =IFERROR(__xludf.DUMMYFUNCTION("""COMPUTED_VALUE"""),3297995)
B113: =IFERROR(__xludf.DUMMYFUNCTION("""COMPUTED_VALUE"""),45989.5520833333) | C113: =IFERROR(__xludf.DUMMYFUNCTION("""COMPUTED_VALUE"""),90.93) | D113: =IFERROR(__xludf.DUMMYFUNCTION("""COMPUTED_VALUE"""),91.6) | E113: =IFERROR(__xludf.DUMMYFUNCTION("""COMPUTED_VALUE"""),90.93) | F113: =IFERROR(__xludf.DUMMYFUNCTION("""COMPUTED_VALUE"""),91.34) | G113: =IFERROR(__xludf.DUMMYFUNCTION("""COMPUTED_VALUE"""),1627090)
B114: =IFERROR(__xludf.DUMMYFUNCTION("""COMPUTED_VALUE"""),45992.6666666666) | C114: =IFERROR(__xludf.DUMMYFUNCTION("""COMPUTED_VALUE"""),90.45) | D114: =IFERROR(__xludf.DUMMYFUNCTION("""COMPUTED_VALUE"""),90.81) | E114: =IFERROR(__xludf.DUMMYFUNCTION("""COMPUTED_VALUE"""),90.23) | F114: =IFERROR(__xludf.DUMMYFUNCTION("""COMPUTED_VALUE"""),90.29) | G114: =IFERROR(__xludf.DUMMYFUNCTION("""COMPUTED_VALUE"""),3120840)
B115: =IFERROR(__xludf.DUMMYFUNCTION("""COMPUTED_VALUE"""),45993.6666666666) | C115: =IFERROR(__xludf.DUMMYFUNCTION("""COMPUTED_VALUE"""),90.52) | D115: =IFERROR(__xludf.DUMMYFUNCTION("""COMPUTED_VALUE"""),90.64) | E115: =IFERROR(__xludf.DUMMYFUNCTION("""COMPUTED_VALUE"""),89.68) | F115: =IFERROR(__xludf.DUMMYFUNCTION("""COMPUTED_VALUE"""),89.97) | G115: =IFERROR(__xludf.DUMMYFUNCTION("""COMPUTED_VALUE"""),2737085)
...

Sheet VEA
B1: ← 관심종목으로 돌아가기 | G1: 제공:
G2: Google Finance
B4: vea | C4: << 종목코드 입력
C5: << 필요한 경우 거래소 입력(예: NASDAQ, NYSE)
B7: =IFERROR(__xludf.DUMMYFUNCTION("GOOGLEFINANCE(B18,""name"")"),"Vanguard Tax Managed Fund FTSE Developed Markets ETF")
B9: 현재가 | D9: 전일대비 | E9: 등락률(%)
B10: =IFERROR(__xludf.DUMMYFUNCTION("GOOGLEFINANCE(B18,""price"")"),68.95) | D10: =IFERROR(__xludf.DUMMYFUNCTION("IFERROR(GOOGLEFINANCE(B18,""change""),""-"")"),-0.65) | E10: =IFERROR(__xludf.DUMMYFUNCTION("IFERROR(GOOGLEFINANCE(B18,""changepct"")/100,""-"")"),-0.0093)
B13: 시가총액 | C13: PER | D13: 베타계수
B14: =IFERROR(__xludf.DUMMYFUNCTION("IFERROR(GOOGLEFINANCE(B18,""marketcap""),""-"")"),"-") | C14: =IFERROR(__xludf.DUMMYFUNCTION("IFERROR(GOOGLEFINANCE(B18,""pe""),""-"")"),"-") | D14: =IFERROR(__xludf.DUMMYFUNCTION("IFERROR(GOOGLEFINANCE(B18,""beta""),""-"")"),"-")
G15: 6 Months
B18: =IF(ISBLANK(B5),"",B5&":")&B4
B27: =IFERROR(__xludf.DUMMYFUNCTION("GOOGLEFINANCE(B18, ""all"", EDATE(TODAY(), -LEFT(G15, FIND("" "", G15))), TODAY(), ""DAILY"")"),"Date") | C27: =IFERROR(__xludf.DUMMYFUNCTION("""COMPUTED_VALUE"""),"Open") | D27: =IFERROR(__xludf.DUMMYFUNCTION("""COMPUTED_VALUE"""),"High") | E27: =IFERROR(__xludf.DUMMYFUNCTION("""COMPUTED_VALUE"""),"Low") | F27: =IFERROR(__xludf.DUMMYFUNCTION("""COMPUTED_VALUE"""),"Close") | G27: =IFERROR(__xludf.DUMMYFUNCTION("""COMPUTED_VALUE"""),"Volume")
B28: =IFERROR(__xludf.DUMMYFUNCTION("""COMPUTED_VALUE"""),46052.6666666666) | C28: =IFERROR(__xludf.DUMMYFUNCTION("""COMPUTED_VALUE"""),66.77) | D28: =IFERROR(__xludf.DUMMYFUNCTION("""COMPUTED_VALUE"""),66.88) | E28: =IFERROR(__xludf.DUMMYFUNCTION("""COMPUTED_VALUE"""),65.93) | F28: =IFERROR(__xludf.DUMMYFUNCTION("""COMPUTED_VALUE"""),66.2) | G28: =IFERROR(__xludf.DUMMYFUNCTION("""COMPUTED_VALUE"""),28904488)
B29: =IFERROR(__xludf.DUMMYFUNCTION("""COMPUTED_VALUE"""),46055.6666666666) | C29: =IFERROR(__xludf.DUMMYFUNCTION("""COMPUTED_VALUE"""),66.04) | D29: =IFERROR(__xludf.DUMMYFUNCTION("""COMPUTED_VALUE"""),66.51) | E29: =IFERROR(__xludf.DUMMYFUNCTION("""COMPUTED_VALUE"""),66.01) | F29: =IFERROR(__xludf.DUMMYFUNCTION("""COMPUTED_VALUE"""),66.46) | G29: =IFERROR(__xludf.DUMMYFUNCTION("""COMPUTED_VALUE"""),20450666)
B30: =IFERROR(__xludf.DUMMYFUNCTION("""COMPUTED_VALUE"""),46056.6666666666) | C30: =IFERROR(__xludf.DUMMYFUNCTION("""COMPUTED_VALUE"""),66.59) | D30: =IFERROR(__xludf.DUMMYFUNCTION("""COMPUTED_VALUE"""),66.86) | E30: =IFERROR(__xludf.DUMMYFUNCTION("""COMPUTED_VALUE"""),66.14) | F30: =IFERROR(__xludf.DUMMYFUNCTION("""COMPUTED_VALUE"""),66.72) | G30: =IFERROR(__xludf.DUMMYFUNCTION("""COMPUTED_VALUE"""),24292460)
B31: =IFERROR(__xludf.DUMMYFUNCTION("""COMPUTED_VALUE"""),46057.6666666666) | C31: =IFERROR(__xludf.DUMMYFUNCTION("""COMPUTED_VALUE"""),67.35) | D31: =IFERROR(__xludf.DUMMYFUNCTION("""COMPUTED_VALUE"""),67.47) | E31: =IFERROR(__xludf.DUMMYFUNCTION("""COMPUTED_VALUE"""),66.52) | F31: =IFERROR(__xludf.DUMMYFUNCTION("""COMPUTED_VALUE"""),66.8) | G31: =IFERROR(__xludf.DUMMYFUNCTION("""COMPUTED_VALUE"""),27908373)
B32: =IFERROR(__xludf.DUMMYFUNCTION("""COMPUTED_VALUE"""),46058.6666666666) | C32: =IFERROR(__xludf.DUMMYFUNCTION("""COMPUTED_VALUE"""),66.06) | D32: =IFERROR(__xludf.DUMMYFUNCTION("""COMPUTED_VALUE"""),66.47) | E32: =IFERROR(__xludf.DUMMYFUNCTION("""COMPUTED_VALUE"""),65.8) | F32: =IFERROR(__xludf.DUMMYFUNCTION("""COMPUTED_VALUE"""),65.9) | G32: =IFERROR(__xludf.DUMMYFUNCTION("""COMPUTED_VALUE"""),23248934)
B33: =IFERROR(__xludf.DUMMYFUNCTION("""COMPUTED_VALUE"""),46059.6666666666) | C33: =IFERROR(__xludf.DUMMYFUNCTION("""COMPUTED_VALUE"""),66.74) | D33: =IFERROR(__xludf.DUMMYFUNCTION("""COMPUTED_VALUE"""),67.39) | E33: =IFERROR(__xludf.DUMMYFUNCTION("""COMPUTED_VALUE"""),66.68) | F33: =IFERROR(__xludf.DUMMYFUNCTION("""COMPUTED_VALUE"""),67.37) | G33: =IFERROR(__xludf.DUMMYFUNCTION("""COMPUTED_VALUE"""),13752029)
B34: =IFERROR(__xludf.DUMMYFUNCTION("""COMPUTED_VALUE"""),46062.6666666666) | C34: =IFERROR(__xludf.DUMMYFUNCTION("""COMPUTED_VALUE"""),67.73) | D34: =IFERROR(__xludf.DUMMYFUNCTION("""COMPUTED_VALUE"""),68.44) | E34: =IFERROR(__xludf.DUMMYFUNCTION("""COMPUTED_VALUE"""),67.69) | F34: =IFERROR(__xludf.DUMMYFUNCTION("""COMPUTED_VALUE"""),68.37) | G34: =IFERROR(__xludf.DUMMYFUNCTION("""COMPUTED_VALUE"""),21223429)
B35: =IFERROR(__xludf.DUMMYFUNCTION("""COMPUTED_VALUE"""),46063.6666666666) | C35: =IFERROR(__xludf.DUMMYFUNCTION("""COMPUTED_VALUE"""),68.75) | D35: =IFERROR(__xludf.DUMMYFUNCTION("""COMPUTED_VALUE"""),68.77) | E35: =IFERROR(__xludf.DUMMYFUNCTION("""COMPUTED_VALUE"""),68.51) | F35: =IFERROR(__xludf.DUMMYFUNCTION("""COMPUTED_VALUE"""),68.54) | G35: =IFERROR(__xludf.DUMMYFUNCTION("""COMPUTED_VALUE"""),16400389)
B36: =IFERROR(__xludf.DUMMYFUNCTION("""COMPUTED_VALUE"""),46064.6666666666) | C36: =IFERROR(__xludf.DUMMYFUNCTION("""COMPUTED_VALUE"""),69.06) | D36: =IFERROR(__xludf.DUMMYFUNCTION("""COMPUTED_VALUE"""),69.18) | E36: =IFERROR(__xludf.DUMMYFUNCTION("""COMPUTED_VALUE"""),68.46) | F36: =IFERROR(__xludf.DUMMYFUNCTION("""COMPUTED_VALUE"""),69.05) | G36: =IFERROR(__xludf.DUMMYFUNCTION("""COMPUTED_VALUE"""),18412351)
B37: =IFERROR(__xludf.DUMMYFUNCTION("""COMPUTED_VALUE"""),46065.6666666666) | C37: =IFERROR(__xludf.DUMMYFUNCTION("""COMPUTED_VALUE"""),69.3) | D37: =IFERROR(__xludf.DUMMYFUNCTION("""COMPUTED_VALUE"""),69.4) | E37: =IFERROR(__xludf.DUMMYFUNCTION("""COMPUTED_VALUE"""),68.3) | F37: =IFERROR(__xludf.DUMMYFUNCTION("""COMPUTED_VALUE"""),68.5) | G37: =IFERROR(__xludf.DUMMYFUNCTION("""COMPUTED_VALUE"""),19882026)
B38: =IFERROR(__xludf.DUMMYFUNCTION("""COMPUTED_VALUE"""),46066.6666666666) | C38: =IFERROR(__xludf.DUMMYFUNCTION("""COMPUTED_VALUE"""),68.41) | D38: =IFERROR(__xludf.DUMMYFUNCTION("""COMPUTED_VALUE"""),68.87) | E38: =IFERROR(__xludf.DUMMYFUNCTION("""COMPUTED_VALUE"""),68.02) | F38: =IFERROR(__xludf.DUMMYFUNCTION("""COMPUTED_VALUE"""),68.76) | G38: =IFERROR(__xludf.DUMMYFUNCTION("""COMPUTED_VALUE"""),23531712)
B39: =IFERROR(__xludf.DUMMYFUNCTION("""COMPUTED_VALUE"""),46070.6666666666) | C39: =IFERROR(__xludf.DUMMYFUNCTION("""COMPUTED_VALUE"""),68.26) | D39: =IFERROR(__xludf.DUMMYFUNCTION("""COMPUTED_VALUE"""),68.75) | E39: =IFERROR(__xludf.DUMMYFUNCTION("""COMPUTED_VALUE"""),67.83) | F39: =IFERROR(__xludf.DUMMYFUNCTION("""COMPUTED_VALUE"""),68.58) | G39: =IFERROR(__xludf.DUMMYFUNCTION("""COMPUTED_VALUE"""),19239929)
B40: =IFERROR(__xludf.DUMMYFUNCTION("""COMPUTED_VALUE"""),46071.6666666666) | C40: =IFERROR(__xludf.DUMMYFUNCTION("""COMPUTED_VALUE"""),68.75) | D40: =IFERROR(__xludf.DUMMYFUNCTION("""COMPUTED_VALUE"""),69.15) | E40: =IFERROR(__xludf.DUMMYFUNCTION("""COMPUTED_VALUE"""),68.64) | F40: =IFERROR(__xludf.DUMMYFUNCTION("""COMPUTED_VALUE"""),68.81) | G40: =IFERROR(__xludf.DUMMYFUNCTION("""COMPUTED_VALUE"""),11508384)
B41: =IFERROR(__xludf.DUMMYFUNCTION("""COMPUTED_VALUE"""),46072.6666666666) | C41: =IFERROR(__xludf.DUMMYFUNCTION("""COMPUTED_VALUE"""),68.44) | D41: =IFERROR(__xludf.DUMMYFUNCTION("""COMPUTED_VALUE"""),68.8) | E41: =IFERROR(__xludf.DUMMYFUNCTION("""COMPUTED_VALUE"""),68.3) | F41: =IFERROR(__xludf.DUMMYFUNCTION("""COMPUTED_VALUE"""),68.79) | G41: =IFERROR(__xludf.DUMMYFUNCTION("""COMPUTED_VALUE"""),13326813)
B42: =IFERROR(__xludf.DUMMYFUNCTION("""COMPUTED_VALUE"""),46073.6666666666) | C42: =IFERROR(__xludf.DUMMYFUNCTION("""COMPUTED_VALUE"""),68.79) | D42: =IFERROR(__xludf.DUMMYFUNCTION("""COMPUTED_VALUE"""),69.56) | E42: =IFERROR(__xludf.DUMMYFUNCTION("""COMPUTED_VALUE"""),68.77) | F42: =IFERROR(__xludf.DUMMYFUNCTION("""COMPUTED_VALUE"""),69.52) | G42: =IFERROR(__xludf.DUMMYFUNCTION("""COMPUTED_VALUE"""),15188793)
B43: =IFERROR(__xludf.DUMMYFUNCTION("""COMPUTED_VALUE"""),46076.6666666666) | C43: =IFERROR(__xludf.DUMMYFUNCTION("""COMPUTED_VALUE"""),69.44) | D43: =IFERROR(__xludf.DUMMYFUNCTION("""COMPUTED_VALUE"""),69.66) | E43: =IFERROR(__xludf.DUMMYFUNCTION("""COMPUTED_VALUE"""),68.99) | F43: =IFERROR(__xludf.DUMMYFUNCTION("""COMPUTED_VALUE"""),69.18) | G43: =IFERROR(__xludf.DUMMYFUNCTION("""COMPUTED_VALUE"""),12016834)
B44: =IFERROR(__xludf.DUMMYFUNCTION("""COMPUTED_VALUE"""),46077.6666666666) | C44: =IFERROR(__xludf.DUMMYFUNCTION("""COMPUTED_VALUE"""),69.15) | D44: =IFERROR(__xludf.DUMMYFUNCTION("""COMPUTED_VALUE"""),69.64) | E44: =IFERROR(__xludf.DUMMYFUNCTION("""COMPUTED_VALUE"""),69.06) | F44: =IFERROR(__xludf.DUMMYFUNCTION("""COMPUTED_VALUE"""),69.46) | G44: =IFERROR(__xludf.DUMMYFUNCTION("""COMPUTED_VALUE"""),19615538)
B45: =IFERROR(__xludf.DUMMYFUNCTION("""COMPUTED_VALUE"""),46078.6666666666) | C45: =IFERROR(__xludf.DUMMYFUNCTION("""COMPUTED_VALUE"""),70) | D45: =IFERROR(__xludf.DUMMYFUNCTION("""COMPUTED_VALUE"""),70.33) | E45: =IFERROR(__xludf.DUMMYFUNCTION("""COMPUTED_VALUE"""),69.91) | F45: =IFERROR(__xludf.DUMMYFUNCTION("""COMPUTED_VALUE"""),70.26) | G45: =IFERROR(__xludf.DUMMYFUNCTION("""COMPUTED_VALUE"""),12212454)
B46: =IFERROR(__xludf.DUMMYFUNCTION("""COMPUTED_VALUE"""),46079.6666666666) | C46: =IFERROR(__xludf.DUMMYFUNCTION("""COMPUTED_VALUE"""),70.36) | D46: =IFERROR(__xludf.DUMMYFUNCTION("""COMPUTED_VALUE"""),70.44) | E46: =IFERROR(__xludf.DUMMYFUNCTION("""COMPUTED_VALUE"""),69.72) | F46: =IFERROR(__xludf.DUMMYFUNCTION("""COMPUTED_VALUE"""),70.31) | G46: =IFERROR(__xludf.DUMMYFUNCTION("""COMPUTED_VALUE"""),19687912)
B47: =IFERROR(__xludf.DUMMYFUNCTION("""COMPUTED_VALUE"""),46080.6666666666) | C47: =IFERROR(__xludf.DUMMYFUNCTION("""COMPUTED_VALUE"""),70.31) | D47: =IFERROR(__xludf.DUMMYFUNCTION("""COMPUTED_VALUE"""),70.55) | E47: =IFERROR(__xludf.DUMMYFUNCTION("""COMPUTED_VALUE"""),70.08) | F47: =IFERROR(__xludf.DUMMYFUNCTION("""COMPUTED_VALUE"""),70.24) | G47: =IFERROR(__xludf.DUMMYFUNCTION("""COMPUTED_VALUE"""),25743319)
B48: =IFERROR(__xludf.DUMMYFUNCTION("""COMPUTED_VALUE"""),46083.6666666666) | C48: =IFERROR(__xludf.DUMMYFUNCTION("""COMPUTED_VALUE"""),68.57) | D48: =IFERROR(__xludf.DUMMYFUNCTION("""COMPUTED_VALUE"""),69.3) | E48: =IFERROR(__xludf.DUMMYFUNCTION("""COMPUTED_VALUE"""),68.49) | F48: =IFERROR(__xludf.DUMMYFUNCTION("""COMPUTED_VALUE"""),69.01) | G48: =IFERROR(__xludf.DUMMYFUNCTION("""COMPUTED_VALUE"""),18837760)
B49: =IFERROR(__xludf.DUMMYFUNCTION("""COMPUTED_VALUE"""),46084.6666666666) | C49: =IFERROR(__xludf.DUMMYFUNCTION("""COMPUTED_VALUE"""),65.76) | D49: =IFERROR(__xludf.DUMMYFUNCTION("""COMPUTED_VALUE"""),66.93) | E49: =IFERROR(__xludf.DUMMYFUNCTION("""COMPUTED_VALUE"""),64.92) | F49: =IFERROR(__xludf.DUMMYFUNCTION("""COMPUTED_VALUE"""),66.61) | G49: =IFERROR(__xludf.DUMMYFUNCTION("""COMPUTED_VALUE"""),28271072)
B50: =IFERROR(__xludf.DUMMYFUNCTION("""COMPUTED_VALUE"""),46085.6666666666) | C50: =IFERROR(__xludf.DUMMYFUNCTION("""COMPUTED_VALUE"""),66.8) | D50: =IFERROR(__xludf.DUMMYFUNCTION("""COMPUTED_VALUE"""),67.53) | E50: =IFERROR(__xludf.DUMMYFUNCTION("""COMPUTED_VALUE"""),66.59) | F50: =IFERROR(__xludf.DUMMYFUNCTION("""COMPUTED_VALUE"""),67.38) | G50: =IFERROR(__xludf.DUMMYFUNCTION("""COMPUTED_VALUE"""),33666187)
B51: =IFERROR(__xludf.DUMMYFUNCTION("""COMPUTED_VALUE"""),46086.6666666666) | C51: =IFERROR(__xludf.DUMMYFUNCTION("""COMPUTED_VALUE"""),66.33) | D51: =IFERROR(__xludf.DUMMYFUNCTION("""COMPUTED_VALUE"""),66.68) | E51: =IFERROR(__xludf.DUMMYFUNCTION("""COMPUTED_VALUE"""),65.11) | F51: =IFERROR(__xludf.DUMMYFUNCTION("""COMPUTED_VALUE"""),65.79) | G51: =IFERROR(__xludf.DUMMYFUNCTION("""COMPUTED_VALUE"""),22354250)
B52: =IFERROR(__xludf.DUMMYFUNCTION("""COMPUTED_VALUE"""),46087.6666666666) | C52: =IFERROR(__xludf.DUMMYFUNCTION("""COMPUTED_VALUE"""),64.64) | D52: =IFERROR(__xludf.DUMMYFUNCTION("""COMPUTED_VALUE"""),65.6) | E52: =IFERROR(__xludf.DUMMYFUNCTION("""COMPUTED_VALUE"""),64.41) | F52: =IFERROR(__xludf.DUMMYFUNCTION("""COMPUTED_VALUE"""),65.28) | G52: =IFERROR(__xludf.DUMMYFUNCTION("""COMPUTED_VALUE"""),18422052)
B53: =IFERROR(__xludf.DUMMYFUNCTION("""COMPUTED_VALUE"""),46090.6666666666) | C53: =IFERROR(__xludf.DUMMYFUNCTION("""COMPUTED_VALUE"""),64.28) | D53: =IFERROR(__xludf.DUMMYFUNCTION("""COMPUTED_VALUE"""),66.13) | E53: =IFERROR(__xludf.DUMMYFUNCTION("""COMPUTED_VALUE"""),63.7) | F53: =IFERROR(__xludf.DUMMYFUNCTION("""COMPUTED_VALUE"""),65.91) | G53: =IFERROR(__xludf.DUMMYFUNCTION("""COMPUTED_VALUE"""),36737538)
B54: =IFERROR(__xludf.DUMMYFUNCTION("""COMPUTED_VALUE"""),46091.6666666666) | C54: =IFERROR(__xludf.DUMMYFUNCTION("""COMPUTED_VALUE"""),66.32) | D54: =IFERROR(__xludf.DUMMYFUNCTION("""COMPUTED_VALUE"""),67.16) | E54: =IFERROR(__xludf.DUMMYFUNCTION("""COMPUTED_VALUE"""),65.88) | F54: =IFERROR(__xludf.DUMMYFUNCTION("""COMPUTED_VALUE"""),65.97) | G54: =IFERROR(__xludf.DUMMYFUNCTION("""COMPUTED_VALUE"""),24936428)
B55: =IFERROR(__xludf.DUMMYFUNCTION("""COMPUTED_VALUE"""),46092.6666666666) | C55: =IFERROR(__xludf.DUMMYFUNCTION("""COMPUTED_VALUE"""),65.66) | D55: =IFERROR(__xludf.DUMMYFUNCTION("""COMPUTED_VALUE"""),66.13) | E55: =IFERROR(__xludf.DUMMYFUNCTION("""COMPUTED_VALUE"""),65.36) | F55: =IFERROR(__xludf.DUMMYFUNCTION("""COMPUTED_VALUE"""),65.86) | G55: =IFERROR(__xludf.DUMMYFUNCTION("""COMPUTED_VALUE"""),15592800)
B56: =IFERROR(__xludf.DUMMYFUNCTION("""COMPUTED_VALUE"""),46093.6666666666) | C56: =IFERROR(__xludf.DUMMYFUNCTION("""COMPUTED_VALUE"""),65.15) | D56: =IFERROR(__xludf.DUMMYFUNCTION("""COMPUTED_VALUE"""),65.2) | E56: =IFERROR(__xludf.DUMMYFUNCTION("""COMPUTED_VALUE"""),64.32) | F56: =IFERROR(__xludf.DUMMYFUNCTION("""COMPUTED_VALUE"""),64.57) | G56: =IFERROR(__xludf.DUMMYFUNCTION("""COMPUTED_VALUE"""),22399362)
B57: =IFERROR(__xludf.DUMMYFUNCTION("""COMPUTED_VALUE"""),46094.6666666666) | C57: =IFERROR(__xludf.DUMMYFUNCTION("""COMPUTED_VALUE"""),64.83) | D57: =IFERROR(__xludf.DUMMYFUNCTION("""COMPUTED_VALUE"""),65.11) | E57: =IFERROR(__xludf.DUMMYFUNCTION("""COMPUTED_VALUE"""),63.72) | F57: =IFERROR(__xludf.DUMMYFUNCTION("""COMPUTED_VALUE"""),63.82) | G57: =IFERROR(__xludf.DUMMYFUNCTION("""COMPUTED_VALUE"""),14972812)
B58: =IFERROR(__xludf.DUMMYFUNCTION("""COMPUTED_VALUE"""),46097.6666666666) | C58: =IFERROR(__xludf.DUMMYFUNCTION("""COMPUTED_VALUE"""),64.82) | D58: =IFERROR(__xludf.DUMMYFUNCTION("""COMPUTED_VALUE"""),65.38) | E58: =IFERROR(__xludf.DUMMYFUNCTION("""COMPUTED_VALUE"""),64.71) | F58: =IFERROR(__xludf.DUMMYFUNCTION("""COMPUTED_VALUE"""),65.19) | G58: =IFERROR(__xludf.DUMMYFUNCTION("""COMPUTED_VALUE"""),16653421)
B59: =IFERROR(__xludf.DUMMYFUNCTION("""COMPUTED_VALUE"""),46098.6666666666) | C59: =IFERROR(__xludf.DUMMYFUNCTION("""COMPUTED_VALUE"""),65.59) | D59: =IFERROR(__xludf.DUMMYFUNCTION("""COMPUTED_VALUE"""),65.82) | E59: =IFERROR(__xludf.DUMMYFUNCTION("""COMPUTED_VALUE"""),65.31) | F59: =IFERROR(__xludf.DUMMYFUNCTION("""COMPUTED_VALUE"""),65.41) | G59: =IFERROR(__xludf.DUMMYFUNCTION("""COMPUTED_VALUE"""),16693479)
B60: =IFERROR(__xludf.DUMMYFUNCTION("""COMPUTED_VALUE"""),46099.6666666666) | C60: =IFERROR(__xludf.DUMMYFUNCTION("""COMPUTED_VALUE"""),65.1) | D60: =IFERROR(__xludf.DUMMYFUNCTION("""COMPUTED_VALUE"""),65.23) | E60: =IFERROR(__xludf.DUMMYFUNCTION("""COMPUTED_VALUE"""),64.23) | F60: =IFERROR(__xludf.DUMMYFUNCTION("""COMPUTED_VALUE"""),64.28) | G60: =IFERROR(__xludf.DUMMYFUNCTION("""COMPUTED_VALUE"""),14904865)
B61: =IFERROR(__xludf.DUMMYFUNCTION("""COMPUTED_VALUE"""),46100.6666666666) | C61: =IFERROR(__xludf.DUMMYFUNCTION("""COMPUTED_VALUE"""),63.15) | D61: =IFERROR(__xludf.DUMMYFUNCTION("""COMPUTED_VALUE"""),64.54) | E61: =IFERROR(__xludf.DUMMYFUNCTION("""COMPUTED_VALUE"""),63.02) | F61: =IFERROR(__xludf.DUMMYFUNCTION("""COMPUTED_VALUE"""),64.16) | G61: =IFERROR(__xludf.DUMMYFUNCTION("""COMPUTED_VALUE"""),28759344)
B62: =IFERROR(__xludf.DUMMYFUNCTION("""COMPUTED_VALUE"""),46101.6666666666) | C62: =IFERROR(__xludf.DUMMYFUNCTION("""COMPUTED_VALUE"""),63.74) | D62: =IFERROR(__xludf.DUMMYFUNCTION("""COMPUTED_VALUE"""),63.8) | E62: =IFERROR(__xludf.DUMMYFUNCTION("""COMPUTED_VALUE"""),61.68) | F62: =IFERROR(__xludf.DUMMYFUNCTION("""COMPUTED_VALUE"""),62.04) | G62: =IFERROR(__xludf.DUMMYFUNCTION("""COMPUTED_VALUE"""),23701347)
B63: =IFERROR(__xludf.DUMMYFUNCTION("""COMPUTED_VALUE"""),46104.6666666666) | C63: =IFERROR(__xludf.DUMMYFUNCTION("""COMPUTED_VALUE"""),63.37) | D63: =IFERROR(__xludf.DUMMYFUNCTION("""COMPUTED_VALUE"""),64.41) | E63: =IFERROR(__xludf.DUMMYFUNCTION("""COMPUTED_VALUE"""),63) | F63: =IFERROR(__xludf.DUMMYFUNCTION("""COMPUTED_VALUE"""),63.66) | G63: =IFERROR(__xludf.DUMMYFUNCTION("""COMPUTED_VALUE"""),30015827)
B64: =IFERROR(__xludf.DUMMYFUNCTION("""COMPUTED_VALUE"""),46105.6666666666) | C64: =IFERROR(__xludf.DUMMYFUNCTION("""COMPUTED_VALUE"""),62.69) | D64: =IFERROR(__xludf.DUMMYFUNCTION("""COMPUTED_VALUE"""),63.54) | E64: =IFERROR(__xludf.DUMMYFUNCTION("""COMPUTED_VALUE"""),62.57) | F64: =IFERROR(__xludf.DUMMYFUNCTION("""COMPUTED_VALUE"""),63.15) | G64: =IFERROR(__xludf.DUMMYFUNCTION("""COMPUTED_VALUE"""),21374721)
B65: =IFERROR(__xludf.DUMMYFUNCTION("""COMPUTED_VALUE"""),46106.6666666666) | C65: =IFERROR(__xludf.DUMMYFUNCTION("""COMPUTED_VALUE"""),64.15) | D65: =IFERROR(__xludf.DUMMYFUNCTION("""COMPUTED_VALUE"""),64.33) | E65: =IFERROR(__xludf.DUMMYFUNCTION("""COMPUTED_VALUE"""),63.62) | F65: =IFERROR(__xludf.DUMMYFUNCTION("""COMPUTED_VALUE"""),63.97) | G65: =IFERROR(__xludf.DUMMYFUNCTION("""COMPUTED_VALUE"""),11955778)
B66: =IFERROR(__xludf.DUMMYFUNCTION("""COMPUTED_VALUE"""),46107.6666666666) | C66: =IFERROR(__xludf.DUMMYFUNCTION("""COMPUTED_VALUE"""),63.16) | D66: =IFERROR(__xludf.DUMMYFUNCTION("""COMPUTED_VALUE"""),63.66) | E66: =IFERROR(__xludf.DUMMYFUNCTION("""COMPUTED_VALUE"""),62.47) | F66: =IFERROR(__xludf.DUMMYFUNCTION("""COMPUTED_VALUE"""),62.48) | G66: =IFERROR(__xludf.DUMMYFUNCTION("""COMPUTED_VALUE"""),14445600)
B67: =IFERROR(__xludf.DUMMYFUNCTION("""COMPUTED_VALUE"""),46108.6666666666) | C67: =IFERROR(__xludf.DUMMYFUNCTION("""COMPUTED_VALUE"""),62.21) | D67: =IFERROR(__xludf.DUMMYFUNCTION("""COMPUTED_VALUE"""),62.72) | E67: =IFERROR(__xludf.DUMMYFUNCTION("""COMPUTED_VALUE"""),61.83) | F67: =IFERROR(__xludf.DUMMYFUNCTION("""COMPUTED_VALUE"""),62.05) | G67: =IFERROR(__xludf.DUMMYFUNCTION("""COMPUTED_VALUE"""),23786154)
B68: =IFERROR(__xludf.DUMMYFUNCTION("""COMPUTED_VALUE"""),46111.6666666666) | C68: =IFERROR(__xludf.DUMMYFUNCTION("""COMPUTED_VALUE"""),62.6) | D68: =IFERROR(__xludf.DUMMYFUNCTION("""COMPUTED_VALUE"""),62.68) | E68: =IFERROR(__xludf.DUMMYFUNCTION("""COMPUTED_VALUE"""),61.73) | F68: =IFERROR(__xludf.DUMMYFUNCTION("""COMPUTED_VALUE"""),62.03) | G68: =IFERROR(__xludf.DUMMYFUNCTION("""COMPUTED_VALUE"""),13374689)
B69: =IFERROR(__xludf.DUMMYFUNCTION("""COMPUTED_VALUE"""),46112.6666666666) | C69: =IFERROR(__xludf.DUMMYFUNCTION("""COMPUTED_VALUE"""),62.8) | D69: =IFERROR(__xludf.DUMMYFUNCTION("""COMPUTED_VALUE"""),64.11) | E69: =IFERROR(__xludf.DUMMYFUNCTION("""COMPUTED_VALUE"""),62.57) | F69: =IFERROR(__xludf.DUMMYFUNCTION("""COMPUTED_VALUE"""),64.08) | G69: =IFERROR(__xludf.DUMMYFUNCTION("""COMPUTED_VALUE"""),20633106)
B70: =IFERROR(__xludf.DUMMYFUNCTION("""COMPUTED_VALUE"""),46113.6666666666) | C70: =IFERROR(__xludf.DUMMYFUNCTION("""COMPUTED_VALUE"""),64.97) | D70: =IFERROR(__xludf.DUMMYFUNCTION("""COMPUTED_VALUE"""),65.59) | E70: =IFERROR(__xludf.DUMMYFUNCTION("""COMPUTED_VALUE"""),64.8) | F70: =IFERROR(__xludf.DUMMYFUNCTION("""COMPUTED_VALUE"""),65.14) | G70: =IFERROR(__xludf.DUMMYFUNCTION("""COMPUTED_VALUE"""),22522996)
B71: =IFERROR(__xludf.DUMMYFUNCTION("""COMPUTED_VALUE"""),46114.6666666666) | C71: =IFERROR(__xludf.DUMMYFUNCTION("""COMPUTED_VALUE"""),63.51) | D71: =IFERROR(__xludf.DUMMYFUNCTION("""COMPUTED_VALUE"""),64.96) | E71: =IFERROR(__xludf.DUMMYFUNCTION("""COMPUTED_VALUE"""),63.45) | F71: =IFERROR(__xludf.DUMMYFUNCTION("""COMPUTED_VALUE"""),64.64) | G71: =IFERROR(__xludf.DUMMYFUNCTION("""COMPUTED_VALUE"""),16486322)
B72: =IFERROR(__xludf.DUMMYFUNCTION("""COMPUTED_VALUE"""),46118.6666666666) | C72: =IFERROR(__xludf.DUMMYFUNCTION("""COMPUTED_VALUE"""),64.83) | D72: =IFERROR(__xludf.DUMMYFUNCTION("""COMPUTED_VALUE"""),65.25) | E72: =IFERROR(__xludf.DUMMYFUNCTION("""COMPUTED_VALUE"""),64.77) | F72: =IFERROR(__xludf.DUMMYFUNCTION("""COMPUTED_VALUE"""),65.12) | G72: =IFERROR(__xludf.DUMMYFUNCTION("""COMPUTED_VALUE"""),14881959)
B73: =IFERROR(__xludf.DUMMYFUNCTION("""COMPUTED_VALUE"""),46119.6666666666) | C73: =IFERROR(__xludf.DUMMYFUNCTION("""COMPUTED_VALUE"""),64.68) | D73: =IFERROR(__xludf.DUMMYFUNCTION("""COMPUTED_VALUE"""),65.17) | E73: =IFERROR(__xludf.DUMMYFUNCTION("""COMPUTED_VALUE"""),64.01) | F73: =IFERROR(__xludf.DUMMYFUNCTION("""COMPUTED_VALUE"""),65.09) | G73: =IFERROR(__xludf.DUMMYFUNCTION("""COMPUTED_VALUE"""),14707246)
B74: =IFERROR(__xludf.DUMMYFUNCTION("""COMPUTED_VALUE"""),46120.6666666666) | C74: =IFERROR(__xludf.DUMMYFUNCTION("""COMPUTED_VALUE"""),68.09) | D74: =IFERROR(__xludf.DUMMYFUNCTION("""COMPUTED_VALUE"""),68.09) | E74: =IFERROR(__xludf.DUMMYFUNCTION("""COMPUTED_VALUE"""),67.3) | F74: =IFERROR(__xludf.DUMMYFUNCTION("""COMPUTED_VALUE"""),67.82) | G74: =IFERROR(__xludf.DUMMYFUNCTION("""COMPUTED_VALUE"""),12954461)
B75: =IFERROR(__xludf.DUMMYFUNCTION("""COMPUTED_VALUE"""),46121.6666666666) | C75: =IFERROR(__xludf.DUMMYFUNCTION("""COMPUTED_VALUE"""),67.09) | D75: =IFERROR(__xludf.DUMMYFUNCTION("""COMPUTED_VALUE"""),67.88) | E75: =IFERROR(__xludf.DUMMYFUNCTION("""COMPUTED_VALUE"""),66.85) | F75: =IFERROR(__xludf.DUMMYFUNCTION("""COMPUTED_VALUE"""),67.55) | G75: =IFERROR(__xludf.DUMMYFUNCTION("""COMPUTED_VALUE"""),12114460)
B76: =IFERROR(__xludf.DUMMYFUNCTION("""COMPUTED_VALUE"""),46122.6666666666) | C76: =IFERROR(__xludf.DUMMYFUNCTION("""COMPUTED_VALUE"""),67.97) | D76: =IFERROR(__xludf.DUMMYFUNCTION("""COMPUTED_VALUE"""),68.04) | E76: =IFERROR(__xludf.DUMMYFUNCTION("""COMPUTED_VALUE"""),67.44) | F76: =IFERROR(__xludf.DUMMYFUNCTION("""COMPUTED_VALUE"""),67.74) | G76: =IFERROR(__xludf.DUMMYFUNCTION("""COMPUTED_VALUE"""),10903973)
B77: =IFERROR(__xludf.DUMMYFUNCTION("""COMPUTED_VALUE"""),46125.6666666666) | C77: =IFERROR(__xludf.DUMMYFUNCTION("""COMPUTED_VALUE"""),67.08) | D77: =IFERROR(__xludf.DUMMYFUNCTION("""COMPUTED_VALUE"""),68.24) | E77: =IFERROR(__xludf.DUMMYFUNCTION("""COMPUTED_VALUE"""),67.04) | F77: =IFERROR(__xludf.DUMMYFUNCTION("""COMPUTED_VALUE"""),68.21) | G77: =IFERROR(__xludf.DUMMYFUNCTION("""COMPUTED_VALUE"""),17884505)
B78: =IFERROR(__xludf.DUMMYFUNCTION("""COMPUTED_VALUE"""),46126.6666666666) | C78: =IFERROR(__xludf.DUMMYFUNCTION("""COMPUTED_VALUE"""),68.58) | D78: =IFERROR(__xludf.DUMMYFUNCTION("""COMPUTED_VALUE"""),68.97) | E78: =IFERROR(__xludf.DUMMYFUNCTION("""COMPUTED_VALUE"""),68.48) | F78: =IFERROR(__xludf.DUMMYFUNCTION("""COMPUTED_VALUE"""),68.89) | G78: =IFERROR(__xludf.DUMMYFUNCTION("""COMPUTED_VALUE"""),8838059)
B79: =IFERROR(__xludf.DUMMYFUNCTION("""COMPUTED_VALUE"""),46127.6666666666) | C79: =IFERROR(__xludf.DUMMYFUNCTION("""COMPUTED_VALUE"""),68.69) | D79: =IFERROR(__xludf.DUMMYFUNCTION("""COMPUTED_VALUE"""),68.76) | E79: =IFERROR(__xludf.DUMMYFUNCTION("""COMPUTED_VALUE"""),68.44) | F79: =IFERROR(__xludf.DUMMYFUNCTION("""COMPUTED_VALUE"""),68.7) | G79: =IFERROR(__xludf.DUMMYFUNCTION("""COMPUTED_VALUE"""),8517374)
B80: =IFERROR(__xludf.DUMMYFUNCTION("""COMPUTED_VALUE"""),46128.6666666666) | C80: =IFERROR(__xludf.DUMMYFUNCTION("""COMPUTED_VALUE"""),68.93) | D80: =IFERROR(__xludf.DUMMYFUNCTION("""COMPUTED_VALUE"""),68.99) | E80: =IFERROR(__xludf.DUMMYFUNCTION("""COMPUTED_VALUE"""),68.43) | F80: =IFERROR(__xludf.DUMMYFUNCTION("""COMPUTED_VALUE"""),68.63) | G80: =IFERROR(__xludf.DUMMYFUNCTION("""COMPUTED_VALUE"""),7285450)
B81: =IFERROR(__xludf.DUMMYFUNCTION("""COMPUTED_VALUE"""),46129.6666666666) | C81: =IFERROR(__xludf.DUMMYFUNCTION("""COMPUTED_VALUE"""),69.73) | D81: =IFERROR(__xludf.DUMMYFUNCTION("""COMPUTED_VALUE"""),70.17) | E81: =IFERROR(__xludf.DUMMYFUNCTION("""COMPUTED_VALUE"""),69.48) | F81: =IFERROR(__xludf.DUMMYFUNCTION("""COMPUTED_VALUE"""),69.63) | G81: =IFERROR(__xludf.DUMMYFUNCTION("""COMPUTED_VALUE"""),15122133)
B82: =IFERROR(__xludf.DUMMYFUNCTION("""COMPUTED_VALUE"""),46132.6666666666) | C82: =IFERROR(__xludf.DUMMYFUNCTION("""COMPUTED_VALUE"""),69.17) | D82: =IFERROR(__xludf.DUMMYFUNCTION("""COMPUTED_VALUE"""),69.33) | E82: =IFERROR(__xludf.DUMMYFUNCTION("""COMPUTED_VALUE"""),68.8) | F82: =IFERROR(__xludf.DUMMYFUNCTION("""COMPUTED_VALUE"""),69.33) | G82: =IFERROR(__xludf.DUMMYFUNCTION("""COMPUTED_VALUE"""),9019166)
B83: =IFERROR(__xludf.DUMMYFUNCTION("""COMPUTED_VALUE"""),46133.6666666666) | C83: =IFERROR(__xludf.DUMMYFUNCTION("""COMPUTED_VALUE"""),68.96) | D83: =IFERROR(__xludf.DUMMYFUNCTION("""COMPUTED_VALUE"""),69.05) | E83: =IFERROR(__xludf.DUMMYFUNCTION("""COMPUTED_VALUE"""),67.74) | F83: =IFERROR(__xludf.DUMMYFUNCTION("""COMPUTED_VALUE"""),67.82) | G83: =IFERROR(__xludf.DUMMYFUNCTION("""COMPUTED_VALUE"""),11404812)
B84: =IFERROR(__xludf.DUMMYFUNCTION("""COMPUTED_VALUE"""),46134.6666666666) | C84: =IFERROR(__xludf.DUMMYFUNCTION("""COMPUTED_VALUE"""),68.43) | D84: =IFERROR(__xludf.DUMMYFUNCTION("""COMPUTED_VALUE"""),68.48) | E84: =IFERROR(__xludf.DUMMYFUNCTION("""COMPUTED_VALUE"""),68.11) | F84: =IFERROR(__xludf.DUMMYFUNCTION("""COMPUTED_VALUE"""),68.35) | G84: =IFERROR(__xludf.DUMMYFUNCTION("""COMPUTED_VALUE"""),9559403)
B85: =IFERROR(__xludf.DUMMYFUNCTION("""COMPUTED_VALUE"""),46135.6666666666) | C85: =IFERROR(__xludf.DUMMYFUNCTION("""COMPUTED_VALUE"""),68.1) | D85: =IFERROR(__xludf.DUMMYFUNCTION("""COMPUTED_VALUE"""),68.36) | E85: =IFERROR(__xludf.DUMMYFUNCTION("""COMPUTED_VALUE"""),66.96) | F85: =IFERROR(__xludf.DUMMYFUNCTION("""COMPUTED_VALUE"""),67.69) | G85: =IFERROR(__xludf.DUMMYFUNCTION("""COMPUTED_VALUE"""),18912860)
B86: =IFERROR(__xludf.DUMMYFUNCTION("""COMPUTED_VALUE"""),46136.6666666666) | C86: =IFERROR(__xludf.DUMMYFUNCTION("""COMPUTED_VALUE"""),67.93) | D86: =IFERROR(__xludf.DUMMYFUNCTION("""COMPUTED_VALUE"""),68.24) | E86: =IFERROR(__xludf.DUMMYFUNCTION("""COMPUTED_VALUE"""),67.69) | F86: =IFERROR(__xludf.DUMMYFUNCTION("""COMPUTED_VALUE"""),68.14) | G86: =IFERROR(__xludf.DUMMYFUNCTION("""COMPUTED_VALUE"""),9533283)
B87: =IFERROR(__xludf.DUMMYFUNCTION("""COMPUTED_VALUE"""),46139.6666666666) | C87: =IFERROR(__xludf.DUMMYFUNCTION("""COMPUTED_VALUE"""),68.31) | D87: =IFERROR(__xludf.DUMMYFUNCTION("""COMPUTED_VALUE"""),68.44) | E87: =IFERROR(__xludf.DUMMYFUNCTION("""COMPUTED_VALUE"""),67.98) | F87: =IFERROR(__xludf.DUMMYFUNCTION("""COMPUTED_VALUE"""),68.07) | G87: =IFERROR(__xludf.DUMMYFUNCTION("""COMPUTED_VALUE"""),8949313)
B88: =IFERROR(__xludf.DUMMYFUNCTION("""COMPUTED_VALUE"""),46140.6666666666) | C88: =IFERROR(__xludf.DUMMYFUNCTION("""COMPUTED_VALUE"""),67.75) | D88: =IFERROR(__xludf.DUMMYFUNCTION("""COMPUTED_VALUE"""),67.91) | E88: =IFERROR(__xludf.DUMMYFUNCTION("""COMPUTED_VALUE"""),67.44) | F88: =IFERROR(__xludf.DUMMYFUNCTION("""COMPUTED_VALUE"""),67.73) | G88: =IFERROR(__xludf.DUMMYFUNCTION("""COMPUTED_VALUE"""),11367825)
B89: =IFERROR(__xludf.DUMMYFUNCTION("""COMPUTED_VALUE"""),46141.6666666666) | C89: =IFERROR(__xludf.DUMMYFUNCTION("""COMPUTED_VALUE"""),67.48) | D89: =IFERROR(__xludf.DUMMYFUNCTION("""COMPUTED_VALUE"""),67.54) | E89: =IFERROR(__xludf.DUMMYFUNCTION("""COMPUTED_VALUE"""),66.79) | F89: =IFERROR(__xludf.DUMMYFUNCTION("""COMPUTED_VALUE"""),67.08) | G89: =IFERROR(__xludf.DUMMYFUNCTION("""COMPUTED_VALUE"""),10743687)
B90: =IFERROR(__xludf.DUMMYFUNCTION("""COMPUTED_VALUE"""),46142.6666666666) | C90: =IFERROR(__xludf.DUMMYFUNCTION("""COMPUTED_VALUE"""),68.04) | D90: =IFERROR(__xludf.DUMMYFUNCTION("""COMPUTED_VALUE"""),68.94) | E90: =IFERROR(__xludf.DUMMYFUNCTION("""COMPUTED_VALUE"""),67.9) | F90: =IFERROR(__xludf.DUMMYFUNCTION("""COMPUTED_VALUE"""),68.8) | G90: =IFERROR(__xludf.DUMMYFUNCTION("""COMPUTED_VALUE"""),13300004)
B91: =IFERROR(__xludf.DUMMYFUNCTION("""COMPUTED_VALUE"""),46143.6666666666) | C91: =IFERROR(__xludf.DUMMYFUNCTION("""COMPUTED_VALUE"""),68.82) | D91: =IFERROR(__xludf.DUMMYFUNCTION("""COMPUTED_VALUE"""),69.22) | E91: =IFERROR(__xludf.DUMMYFUNCTION("""COMPUTED_VALUE"""),68.69) | F91: =IFERROR(__xludf.DUMMYFUNCTION("""COMPUTED_VALUE"""),68.72) | G91: =IFERROR(__xludf.DUMMYFUNCTION("""COMPUTED_VALUE"""),12749974)
B92: =IFERROR(__xludf.DUMMYFUNCTION("""COMPUTED_VALUE"""),46146.6666666666) | C92: =IFERROR(__xludf.DUMMYFUNCTION("""COMPUTED_VALUE"""),68.48) | D92: =IFERROR(__xludf.DUMMYFUNCTION("""COMPUTED_VALUE"""),68.72) | E92: =IFERROR(__xludf.DUMMYFUNCTION("""COMPUTED_VALUE"""),67.71) | F92: =IFERROR(__xludf.DUMMYFUNCTION("""COMPUTED_VALUE"""),67.91) | G92: =IFERROR(__xludf.DUMMYFUNCTION("""COMPUTED_VALUE"""),15206270)
B93: =IFERROR(__xludf.DUMMYFUNCTION("""COMPUTED_VALUE"""),46147.6666666666) | C93: =IFERROR(__xludf.DUMMYFUNCTION("""COMPUTED_VALUE"""),68.65) | D93: =IFERROR(__xludf.DUMMYFUNCTION("""COMPUTED_VALUE"""),69.14) | E93: =IFERROR(__xludf.DUMMYFUNCTION("""COMPUTED_VALUE"""),68.53) | F93: =IFERROR(__xludf.DUMMYFUNCTION("""COMPUTED_VALUE"""),68.98) | G93: =IFERROR(__xludf.DUMMYFUNCTION("""COMPUTED_VALUE"""),14930148)
B94: =IFERROR(__xludf.DUMMYFUNCTION("""COMPUTED_VALUE"""),46148.6666666666) | C94: =IFERROR(__xludf.DUMMYFUNCTION("""COMPUTED_VALUE"""),70.59) | D94: =IFERROR(__xludf.DUMMYFUNCTION("""COMPUTED_VALUE"""),70.94) | E94: =IFERROR(__xludf.DUMMYFUNCTION("""COMPUTED_VALUE"""),70.47) | F94: =IFERROR(__xludf.DUMMYFUNCTION("""COMPUTED_VALUE"""),70.87) | G94: =IFERROR(__xludf.DUMMYFUNCTION("""COMPUTED_VALUE"""),9893090)
B95: =IFERROR(__xludf.DUMMYFUNCTION("""COMPUTED_VALUE"""),46149.6666666666) | C95: =IFERROR(__xludf.DUMMYFUNCTION("""COMPUTED_VALUE"""),71.01) | D95: =IFERROR(__xludf.DUMMYFUNCTION("""COMPUTED_VALUE"""),71.12) | E95: =IFERROR(__xludf.DUMMYFUNCTION("""COMPUTED_VALUE"""),69.62) | F95: =IFERROR(__xludf.DUMMYFUNCTION("""COMPUTED_VALUE"""),69.67) | G95: =IFERROR(__xludf.DUMMYFUNCTION("""COMPUTED_VALUE"""),14924677)
B96: =IFERROR(__xludf.DUMMYFUNCTION("""COMPUTED_VALUE"""),46150.6666666666) | C96: =IFERROR(__xludf.DUMMYFUNCTION("""COMPUTED_VALUE"""),70.42) | D96: =IFERROR(__xludf.DUMMYFUNCTION("""COMPUTED_VALUE"""),70.83) | E96: =IFERROR(__xludf.DUMMYFUNCTION("""COMPUTED_VALUE"""),70.39) | F96: =IFERROR(__xludf.DUMMYFUNCTION("""COMPUTED_VALUE"""),70.83) | G96: =IFERROR(__xludf.DUMMYFUNCTION("""COMPUTED_VALUE"""),9468538)
B97: =IFERROR(__xludf.DUMMYFUNCTION("""COMPUTED_VALUE"""),46153.6666666666) | C97: =IFERROR(__xludf.DUMMYFUNCTION("""COMPUTED_VALUE"""),70.81) | D97: =IFERROR(__xludf.DUMMYFUNCTION("""COMPUTED_VALUE"""),71) | E97: =IFERROR(__xludf.DUMMYFUNCTION("""COMPUTED_VALUE"""),70.72) | F97: =IFERROR(__xludf.DUMMYFUNCTION("""COMPUTED_VALUE"""),70.82) | G97: =IFERROR(__xludf.DUMMYFUNCTION("""COMPUTED_VALUE"""),9789409)
B98: =IFERROR(__xludf.DUMMYFUNCTION("""COMPUTED_VALUE"""),46154.6666666666) | C98: =IFERROR(__xludf.DUMMYFUNCTION("""COMPUTED_VALUE"""),70) | D98: =IFERROR(__xludf.DUMMYFUNCTION("""COMPUTED_VALUE"""),70.11) | E98: =IFERROR(__xludf.DUMMYFUNCTION("""COMPUTED_VALUE"""),69.36) | F98: =IFERROR(__xludf.DUMMYFUNCTION("""COMPUTED_VALUE"""),69.97) | G98: =IFERROR(__xludf.DUMMYFUNCTION("""COMPUTED_VALUE"""),9068189)
B99: =IFERROR(__xludf.DUMMYFUNCTION("""COMPUTED_VALUE"""),46155.6666666666) | C99: =IFERROR(__xludf.DUMMYFUNCTION("""COMPUTED_VALUE"""),70.17) | D99: =IFERROR(__xludf.DUMMYFUNCTION("""COMPUTED_VALUE"""),70.65) | E99: =IFERROR(__xludf.DUMMYFUNCTION("""COMPUTED_VALUE"""),70) | F99: =IFERROR(__xludf.DUMMYFUNCTION("""COMPUTED_VALUE"""),70.63) | G99: =IFERROR(__xludf.DUMMYFUNCTION("""COMPUTED_VALUE"""),9963570)
B100: =IFERROR(__xludf.DUMMYFUNCTION("""COMPUTED_VALUE"""),46156.6666666666) | C100: =IFERROR(__xludf.DUMMYFUNCTION("""COMPUTED_VALUE"""),70.69) | D100: =IFERROR(__xludf.DUMMYFUNCTION("""COMPUTED_VALUE"""),70.79) | E100: =IFERROR(__xludf.DUMMYFUNCTION("""COMPUTED_VALUE"""),70.46) | F100: =IFERROR(__xludf.DUMMYFUNCTION("""COMPUTED_VALUE"""),70.56) | G100: =IFERROR(__xludf.DUMMYFUNCTION("""COMPUTED_VALUE"""),10071231)
B101: =IFERROR(__xludf.DUMMYFUNCTION("""COMPUTED_VALUE"""),46157.6666666666) | C101: =IFERROR(__xludf.DUMMYFUNCTION("""COMPUTED_VALUE"""),69.26) | D101: =IFERROR(__xludf.DUMMYFUNCTION("""COMPUTED_VALUE"""),69.35) | E101: =IFERROR(__xludf.DUMMYFUNCTION("""COMPUTED_VALUE"""),68.89) | F101: =IFERROR(__xludf.DUMMYFUNCTION("""COMPUTED_VALUE"""),69.08) | G101: =IFERROR(__xludf.DUMMYFUNCTION("""COMPUTED_VALUE"""),9970644)
B102: =IFERROR(__xludf.DUMMYFUNCTION("""COMPUTED_VALUE"""),46160.6666666666) | C102: =IFERROR(__xludf.DUMMYFUNCTION("""COMPUTED_VALUE"""),69.73) | D102: =IFERROR(__xludf.DUMMYFUNCTION("""COMPUTED_VALUE"""),69.79) | E102: =IFERROR(__xludf.DUMMYFUNCTION("""COMPUTED_VALUE"""),68.91) | F102: =IFERROR(__xludf.DUMMYFUNCTION("""COMPUTED_VALUE"""),69.52) | G102: =IFERROR(__xludf.DUMMYFUNCTION("""COMPUTED_VALUE"""),12279325)
B103: =IFERROR(__xludf.DUMMYFUNCTION("""COMPUTED_VALUE"""),46161.6666666666) | C103: =IFERROR(__xludf.DUMMYFUNCTION("""COMPUTED_VALUE"""),68.92) | D103: =IFERROR(__xludf.DUMMYFUNCTION("""COMPUTED_VALUE"""),69.46) | E103: =IFERROR(__xludf.DUMMYFUNCTION("""COMPUTED_VALUE"""),68.66) | F103: =IFERROR(__xludf.DUMMYFUNCTION("""COMPUTED_VALUE"""),68.99) | G103: =IFERROR(__xludf.DUMMYFUNCTION("""COMPUTED_VALUE"""),11695473)
B104: =IFERROR(__xludf.DUMMYFUNCTION("""COMPUTED_VALUE"""),46162.6666666666) | C104: =IFERROR(__xludf.DUMMYFUNCTION("""COMPUTED_VALUE"""),69.06) | D104: =IFERROR(__xludf.DUMMYFUNCTION("""COMPUTED_VALUE"""),70.33) | E104: =IFERROR(__xludf.DUMMYFUNCTION("""COMPUTED_VALUE"""),69.02) | F104: =IFERROR(__xludf.DUMMYFUNCTION("""COMPUTED_VALUE"""),70.2) | G104: =IFERROR(__xludf.DUMMYFUNCTION("""COMPUTED_VALUE"""),9111527)
B105: =IFERROR(__xludf.DUMMYFUNCTION("""COMPUTED_VALUE"""),46163.6666666666) | C105: =IFERROR(__xludf.DUMMYFUNCTION("""COMPUTED_VALUE"""),69.82) | D105: =IFERROR(__xludf.DUMMYFUNCTION("""COMPUTED_VALUE"""),70.93) | E105: =IFERROR(__xludf.DUMMYFUNCTION("""COMPUTED_VALUE"""),69.63) | F105: =IFERROR(__xludf.DUMMYFUNCTION("""COMPUTED_VALUE"""),70.69) | G105: =IFERROR(__xludf.DUMMYFUNCTION("""COMPUTED_VALUE"""),13457004)
B106: =IFERROR(__xludf.DUMMYFUNCTION("""COMPUTED_VALUE"""),46164.6666666666) | C106: =IFERROR(__xludf.DUMMYFUNCTION("""COMPUTED_VALUE"""),70.67) | D106: =IFERROR(__xludf.DUMMYFUNCTION("""COMPUTED_VALUE"""),70.84) | E106: =IFERROR(__xludf.DUMMYFUNCTION("""COMPUTED_VALUE"""),70.38) | F106: =IFERROR(__xludf.DUMMYFUNCTION("""COMPUTED_VALUE"""),70.46) | G106: =IFERROR(__xludf.DUMMYFUNCTION("""COMPUTED_VALUE"""),8710069)
B107: =IFERROR(__xludf.DUMMYFUNCTION("""COMPUTED_VALUE"""),46168.6666666666) | C107: =IFERROR(__xludf.DUMMYFUNCTION("""COMPUTED_VALUE"""),71.61) | D107: =IFERROR(__xludf.DUMMYFUNCTION("""COMPUTED_VALUE"""),71.88) | E107: =IFERROR(__xludf.DUMMYFUNCTION("""COMPUTED_VALUE"""),71.47) | F107: =IFERROR(__xludf.DUMMYFUNCTION("""COMPUTED_VALUE"""),71.78) | G107: =IFERROR(__xludf.DUMMYFUNCTION("""COMPUTED_VALUE"""),8767583)
B108: =IFERROR(__xludf.DUMMYFUNCTION("""COMPUTED_VALUE"""),46169.6666666666) | C108: =IFERROR(__xludf.DUMMYFUNCTION("""COMPUTED_VALUE"""),71.71) | D108: =IFERROR(__xludf.DUMMYFUNCTION("""COMPUTED_VALUE"""),71.78) | E108: =IFERROR(__xludf.DUMMYFUNCTION("""COMPUTED_VALUE"""),71.2) | F108: =IFERROR(__xludf.DUMMYFUNCTION("""COMPUTED_VALUE"""),71.41) | G108: =IFERROR(__xludf.DUMMYFUNCTION("""COMPUTED_VALUE"""),8581151)
B109: =IFERROR(__xludf.DUMMYFUNCTION("""COMPUTED_VALUE"""),46170.6666666666) | C109: =IFERROR(__xludf.DUMMYFUNCTION("""COMPUTED_VALUE"""),71.05) | D109: =IFERROR(__xludf.DUMMYFUNCTION("""COMPUTED_VALUE"""),71.84) | E109: =IFERROR(__xludf.DUMMYFUNCTION("""COMPUTED_VALUE"""),70.88) | F109: =IFERROR(__xludf.DUMMYFUNCTION("""COMPUTED_VALUE"""),71.66) | G109: =IFERROR(__xludf.DUMMYFUNCTION("""COMPUTED_VALUE"""),8371691)
B110: =IFERROR(__xludf.DUMMYFUNCTION("""COMPUTED_VALUE"""),46171.6666666666) | C110: =IFERROR(__xludf.DUMMYFUNCTION("""COMPUTED_VALUE"""),72.02) | D110: =IFERROR(__xludf.DUMMYFUNCTION("""COMPUTED_VALUE"""),72.22) | E110: =IFERROR(__xludf.DUMMYFUNCTION("""COMPUTED_VALUE"""),71.7) | F110: =IFERROR(__xludf.DUMMYFUNCTION("""COMPUTED_VALUE"""),71.77) | G110: =IFERROR(__xludf.DUMMYFUNCTION("""COMPUTED_VALUE"""),11899233)
B111: =IFERROR(__xludf.DUMMYFUNCTION("""COMPUTED_VALUE"""),46174.6666666666) | C111: =IFERROR(__xludf.DUMMYFUNCTION("""COMPUTED_VALUE"""),71.55) | D111: =IFERROR(__xludf.DUMMYFUNCTION("""COMPUTED_VALUE"""),72.22) | E111: =IFERROR(__xludf.DUMMYFUNCTION("""COMPUTED_VALUE"""),71.24) | F111: =IFERROR(__xludf.DUMMYFUNCTION("""COMPUTED_VALUE"""),71.87) | G111: =IFERROR(__xludf.DUMMYFUNCTION("""COMPUTED_VALUE"""),10528392)
B112: =IFERROR(__xludf.DUMMYFUNCTION("""COMPUTED_VALUE"""),46175.6666666666) | C112: =IFERROR(__xludf.DUMMYFUNCTION("""COMPUTED_VALUE"""),71.88) | D112: =IFERROR(__xludf.DUMMYFUNCTION("""COMPUTED_VALUE"""),72.32) | E112: =IFERROR(__xludf.DUMMYFUNCTION("""COMPUTED_VALUE"""),71.8) | F112: =IFERROR(__xludf.DUMMYFUNCTION("""COMPUTED_VALUE"""),72.32) | G112: =IFERROR(__xludf.DUMMYFUNCTION("""COMPUTED_VALUE"""),7565078)
B113: =IFERROR(__xludf.DUMMYFUNCTION("""COMPUTED_VALUE"""),46176.6666666666) | C113: =IFERROR(__xludf.DUMMYFUNCTION("""COMPUTED_VALUE"""),72.03) | D113: =IFERROR(__xludf.DUMMYFUNCTION("""COMPUTED_VALUE"""),72.1) | E113: =IFERROR(__xludf.DUMMYFUNCTION("""COMPUTED_VALUE"""),71.57) | F113: =IFERROR(__xludf.DUMMYFUNCTION("""COMPUTED_VALUE"""),71.67) | G113: =IFERROR(__xludf.DUMMYFUNCTION("""COMPUTED_VALUE"""),8235085)
B114: =IFERROR(__xludf.DUMMYFUNCTION("""COMPUTED_VALUE"""),46177.6666666666) | C114: =IFERROR(__xludf.DUMMYFUNCTION("""COMPUTED_VALUE"""),71.51) | D114: =IFERROR(__xludf.DUMMYFUNCTION("""COMPUTED_VALUE"""),71.97) | E114: =IFERROR(__xludf.DUMMYFUNCTION("""COMPUTED_VALUE"""),71.39) | F114: =IFERROR(__xludf.DUMMYFUNCTION("""COMPUTED_VALUE"""),71.84) | G114: =IFERROR(__xludf.DUMMYFUNCTION("""COMPUTED_VALUE"""),7336979)
B115: =IFERROR(__xludf.DUMMYFUNCTION("""COMPUTED_VALUE"""),46178.6666666666) | C115: =IFERROR(__xludf.DUMMYFUNCTION("""COMPUTED_VALUE"""),70.86) | D115: =IFERROR(__xludf.DUMMYFUNCTION("""COMPUTED_VALUE"""),70.91) | E115: =IFERROR(__xludf.DUMMYFUNCTION("""COMPUTED_VALUE"""),69.01) | F115: =IFERROR(__xludf.DUMMYFUNCTION("""COMPUTED_VALUE"""),69.17) | G115: =IFERROR(__xludf.DUMMYFUNCTION("""COMPUTED_VALUE"""),14225584)
...

Sheet EWJ
B1: ← 관심종목으로 돌아가기 | G1: 제공:
G2: Google Finance
B4: ewj | C4: << 종목코드 입력
C5: << 필요한 경우 거래소 입력(예: NASDAQ, NYSE)
B7: =IFERROR(__xludf.DUMMYFUNCTION("GOOGLEFINANCE(B18,""name"")"),"iShares MSCI Japan ETF")
B9: 현재가 | D9: 전일대비 | E9: 등락률(%)
B10: =IFERROR(__xludf.DUMMYFUNCTION("GOOGLEFINANCE(B18,""price"")"),89.35) | D10: =IFERROR(__xludf.DUMMYFUNCTION("IFERROR(GOOGLEFINANCE(B18,""change""),""-"")"),-0.48) | E10: =IFERROR(__xludf.DUMMYFUNCTION("IFERROR(GOOGLEFINANCE(B18,""changepct"")/100,""-"")"),-0.0053)
B13: 시가총액 | C13: PER | D13: 베타계수
B14: =IFERROR(__xludf.DUMMYFUNCTION("IFERROR(GOOGLEFINANCE(B18,""marketcap""),""-"")"),21604829631) | C14: =IFERROR(__xludf.DUMMYFUNCTION("IFERROR(GOOGLEFINANCE(B18,""pe""),""-"")"),"-") | D14: =IFERROR(__xludf.DUMMYFUNCTION("IFERROR(GOOGLEFINANCE(B18,""beta""),""-"")"),"-")
G15: 12 Months
B18: =IF(ISBLANK(B5),"",B5&":")&B4
B27: =IFERROR(__xludf.DUMMYFUNCTION("GOOGLEFINANCE(B18, ""all"", EDATE(TODAY(), -LEFT(G15, FIND("" "", G15))), TODAY(), ""DAILY"")"),"Date") | C27: =IFERROR(__xludf.DUMMYFUNCTION("""COMPUTED_VALUE"""),"Open") | D27: =IFERROR(__xludf.DUMMYFUNCTION("""COMPUTED_VALUE"""),"High") | E27: =IFERROR(__xludf.DUMMYFUNCTION("""COMPUTED_VALUE"""),"Low") | F27: =IFERROR(__xludf.DUMMYFUNCTION("""COMPUTED_VALUE"""),"Close") | G27: =IFERROR(__xludf.DUMMYFUNCTION("""COMPUTED_VALUE"""),"Volume")
B28: =IFERROR(__xludf.DUMMYFUNCTION("""COMPUTED_VALUE"""),45868.6666666666) | C28: =IFERROR(__xludf.DUMMYFUNCTION("""COMPUTED_VALUE"""),74.3) | D28: =IFERROR(__xludf.DUMMYFUNCTION("""COMPUTED_VALUE"""),74.46) | E28: =IFERROR(__xludf.DUMMYFUNCTION("""COMPUTED_VALUE"""),73.72) | F28: =IFERROR(__xludf.DUMMYFUNCTION("""COMPUTED_VALUE"""),73.98) | G28: =IFERROR(__xludf.DUMMYFUNCTION("""COMPUTED_VALUE"""),7624858)
B29: =IFERROR(__xludf.DUMMYFUNCTION("""COMPUTED_VALUE"""),45869.6666666666) | C29: =IFERROR(__xludf.DUMMYFUNCTION("""COMPUTED_VALUE"""),74.25) | D29: =IFERROR(__xludf.DUMMYFUNCTION("""COMPUTED_VALUE"""),74.26) | E29: =IFERROR(__xludf.DUMMYFUNCTION("""COMPUTED_VALUE"""),73.34) | F29: =IFERROR(__xludf.DUMMYFUNCTION("""COMPUTED_VALUE"""),73.62) | G29: =IFERROR(__xludf.DUMMYFUNCTION("""COMPUTED_VALUE"""),8368163)
B30: =IFERROR(__xludf.DUMMYFUNCTION("""COMPUTED_VALUE"""),45870.6666666666) | C30: =IFERROR(__xludf.DUMMYFUNCTION("""COMPUTED_VALUE"""),74.1) | D30: =IFERROR(__xludf.DUMMYFUNCTION("""COMPUTED_VALUE"""),74.15) | E30: =IFERROR(__xludf.DUMMYFUNCTION("""COMPUTED_VALUE"""),73.42) | F30: =IFERROR(__xludf.DUMMYFUNCTION("""COMPUTED_VALUE"""),74.07) | G30: =IFERROR(__xludf.DUMMYFUNCTION("""COMPUTED_VALUE"""),7790785)
B31: =IFERROR(__xludf.DUMMYFUNCTION("""COMPUTED_VALUE"""),45873.6666666666) | C31: =IFERROR(__xludf.DUMMYFUNCTION("""COMPUTED_VALUE"""),74.8) | D31: =IFERROR(__xludf.DUMMYFUNCTION("""COMPUTED_VALUE"""),75.34) | E31: =IFERROR(__xludf.DUMMYFUNCTION("""COMPUTED_VALUE"""),74.8) | F31: =IFERROR(__xludf.DUMMYFUNCTION("""COMPUTED_VALUE"""),75.29) | G31: =IFERROR(__xludf.DUMMYFUNCTION("""COMPUTED_VALUE"""),5963559)
B32: =IFERROR(__xludf.DUMMYFUNCTION("""COMPUTED_VALUE"""),45874.6666666666) | C32: =IFERROR(__xludf.DUMMYFUNCTION("""COMPUTED_VALUE"""),75.15) | D32: =IFERROR(__xludf.DUMMYFUNCTION("""COMPUTED_VALUE"""),75.22) | E32: =IFERROR(__xludf.DUMMYFUNCTION("""COMPUTED_VALUE"""),74.8) | F32: =IFERROR(__xludf.DUMMYFUNCTION("""COMPUTED_VALUE"""),75.03) | G32: =IFERROR(__xludf.DUMMYFUNCTION("""COMPUTED_VALUE"""),4310036)
B33: =IFERROR(__xludf.DUMMYFUNCTION("""COMPUTED_VALUE"""),45875.6666666666) | C33: =IFERROR(__xludf.DUMMYFUNCTION("""COMPUTED_VALUE"""),75.77) | D33: =IFERROR(__xludf.DUMMYFUNCTION("""COMPUTED_VALUE"""),76.19) | E33: =IFERROR(__xludf.DUMMYFUNCTION("""COMPUTED_VALUE"""),75.52) | F33: =IFERROR(__xludf.DUMMYFUNCTION("""COMPUTED_VALUE"""),76.03) | G33: =IFERROR(__xludf.DUMMYFUNCTION("""COMPUTED_VALUE"""),5501593)
B34: =IFERROR(__xludf.DUMMYFUNCTION("""COMPUTED_VALUE"""),45876.6666666666) | C34: =IFERROR(__xludf.DUMMYFUNCTION("""COMPUTED_VALUE"""),76.96) | D34: =IFERROR(__xludf.DUMMYFUNCTION("""COMPUTED_VALUE"""),77.02) | E34: =IFERROR(__xludf.DUMMYFUNCTION("""COMPUTED_VALUE"""),76.33) | F34: =IFERROR(__xludf.DUMMYFUNCTION("""COMPUTED_VALUE"""),76.62) | G34: =IFERROR(__xludf.DUMMYFUNCTION("""COMPUTED_VALUE"""),5575650)
B35: =IFERROR(__xludf.DUMMYFUNCTION("""COMPUTED_VALUE"""),45877.6666666666) | C35: =IFERROR(__xludf.DUMMYFUNCTION("""COMPUTED_VALUE"""),77.7) | D35: =IFERROR(__xludf.DUMMYFUNCTION("""COMPUTED_VALUE"""),78.13) | E35: =IFERROR(__xludf.DUMMYFUNCTION("""COMPUTED_VALUE"""),77.63) | F35: =IFERROR(__xludf.DUMMYFUNCTION("""COMPUTED_VALUE"""),77.93) | G35: =IFERROR(__xludf.DUMMYFUNCTION("""COMPUTED_VALUE"""),7746951)
B36: =IFERROR(__xludf.DUMMYFUNCTION("""COMPUTED_VALUE"""),45880.6666666666) | C36: =IFERROR(__xludf.DUMMYFUNCTION("""COMPUTED_VALUE"""),77.99) | D36: =IFERROR(__xludf.DUMMYFUNCTION("""COMPUTED_VALUE"""),78.11) | E36: =IFERROR(__xludf.DUMMYFUNCTION("""COMPUTED_VALUE"""),77.72) | F36: =IFERROR(__xludf.DUMMYFUNCTION("""COMPUTED_VALUE"""),77.79) | G36: =IFERROR(__xludf.DUMMYFUNCTION("""COMPUTED_VALUE"""),3296457)
B37: =IFERROR(__xludf.DUMMYFUNCTION("""COMPUTED_VALUE"""),45881.6666666666) | C37: =IFERROR(__xludf.DUMMYFUNCTION("""COMPUTED_VALUE"""),78.69) | D37: =IFERROR(__xludf.DUMMYFUNCTION("""COMPUTED_VALUE"""),79.34) | E37: =IFERROR(__xludf.DUMMYFUNCTION("""COMPUTED_VALUE"""),78.55) | F37: =IFERROR(__xludf.DUMMYFUNCTION("""COMPUTED_VALUE"""),79.23) | G37: =IFERROR(__xludf.DUMMYFUNCTION("""COMPUTED_VALUE"""),8737725)
B38: =IFERROR(__xludf.DUMMYFUNCTION("""COMPUTED_VALUE"""),45882.6666666666) | C38: =IFERROR(__xludf.DUMMYFUNCTION("""COMPUTED_VALUE"""),79.33) | D38: =IFERROR(__xludf.DUMMYFUNCTION("""COMPUTED_VALUE"""),79.44) | E38: =IFERROR(__xludf.DUMMYFUNCTION("""COMPUTED_VALUE"""),79.17) | F38: =IFERROR(__xludf.DUMMYFUNCTION("""COMPUTED_VALUE"""),79.27) | G38: =IFERROR(__xludf.DUMMYFUNCTION("""COMPUTED_VALUE"""),5795622)
B39: =IFERROR(__xludf.DUMMYFUNCTION("""COMPUTED_VALUE"""),45883.6666666666) | C39: =IFERROR(__xludf.DUMMYFUNCTION("""COMPUTED_VALUE"""),78.72) | D39: =IFERROR(__xludf.DUMMYFUNCTION("""COMPUTED_VALUE"""),79.02) | E39: =IFERROR(__xludf.DUMMYFUNCTION("""COMPUTED_VALUE"""),78.59) | F39: =IFERROR(__xludf.DUMMYFUNCTION("""COMPUTED_VALUE"""),78.8) | G39: =IFERROR(__xludf.DUMMYFUNCTION("""COMPUTED_VALUE"""),4498868)
B40: =IFERROR(__xludf.DUMMYFUNCTION("""COMPUTED_VALUE"""),45884.6666666666) | C40: =IFERROR(__xludf.DUMMYFUNCTION("""COMPUTED_VALUE"""),80.38) | D40: =IFERROR(__xludf.DUMMYFUNCTION("""COMPUTED_VALUE"""),80.38) | E40: =IFERROR(__xludf.DUMMYFUNCTION("""COMPUTED_VALUE"""),80.04) | F40: =IFERROR(__xludf.DUMMYFUNCTION("""COMPUTED_VALUE"""),80.15) | G40: =IFERROR(__xludf.DUMMYFUNCTION("""COMPUTED_VALUE"""),5581968)
B41: =IFERROR(__xludf.DUMMYFUNCTION("""COMPUTED_VALUE"""),45887.6666666666) | C41: =IFERROR(__xludf.DUMMYFUNCTION("""COMPUTED_VALUE"""),80.3) | D41: =IFERROR(__xludf.DUMMYFUNCTION("""COMPUTED_VALUE"""),80.45) | E41: =IFERROR(__xludf.DUMMYFUNCTION("""COMPUTED_VALUE"""),80.19) | F41: =IFERROR(__xludf.DUMMYFUNCTION("""COMPUTED_VALUE"""),80.3) | G41: =IFERROR(__xludf.DUMMYFUNCTION("""COMPUTED_VALUE"""),3725727)
B42: =IFERROR(__xludf.DUMMYFUNCTION("""COMPUTED_VALUE"""),45888.6666666666) | C42: =IFERROR(__xludf.DUMMYFUNCTION("""COMPUTED_VALUE"""),80.24) | D42: =IFERROR(__xludf.DUMMYFUNCTION("""COMPUTED_VALUE"""),80.33) | E42: =IFERROR(__xludf.DUMMYFUNCTION("""COMPUTED_VALUE"""),79.9) | F42: =IFERROR(__xludf.DUMMYFUNCTION("""COMPUTED_VALUE"""),80.02) | G42: =IFERROR(__xludf.DUMMYFUNCTION("""COMPUTED_VALUE"""),5465035)
B43: =IFERROR(__xludf.DUMMYFUNCTION("""COMPUTED_VALUE"""),45889.6666666666) | C43: =IFERROR(__xludf.DUMMYFUNCTION("""COMPUTED_VALUE"""),79.67) | D43: =IFERROR(__xludf.DUMMYFUNCTION("""COMPUTED_VALUE"""),79.73) | E43: =IFERROR(__xludf.DUMMYFUNCTION("""COMPUTED_VALUE"""),79.35) | F43: =IFERROR(__xludf.DUMMYFUNCTION("""COMPUTED_VALUE"""),79.64) | G43: =IFERROR(__xludf.DUMMYFUNCTION("""COMPUTED_VALUE"""),5201941)
B44: =IFERROR(__xludf.DUMMYFUNCTION("""COMPUTED_VALUE"""),45890.6666666666) | C44: =IFERROR(__xludf.DUMMYFUNCTION("""COMPUTED_VALUE"""),78.93) | D44: =IFERROR(__xludf.DUMMYFUNCTION("""COMPUTED_VALUE"""),79.04) | E44: =IFERROR(__xludf.DUMMYFUNCTION("""COMPUTED_VALUE"""),78.63) | F44: =IFERROR(__xludf.DUMMYFUNCTION("""COMPUTED_VALUE"""),78.7) | G44: =IFERROR(__xludf.DUMMYFUNCTION("""COMPUTED_VALUE"""),6606198)
B45: =IFERROR(__xludf.DUMMYFUNCTION("""COMPUTED_VALUE"""),45891.6666666666) | C45: =IFERROR(__xludf.DUMMYFUNCTION("""COMPUTED_VALUE"""),78.97) | D45: =IFERROR(__xludf.DUMMYFUNCTION("""COMPUTED_VALUE"""),80.25) | E45: =IFERROR(__xludf.DUMMYFUNCTION("""COMPUTED_VALUE"""),78.97) | F45: =IFERROR(__xludf.DUMMYFUNCTION("""COMPUTED_VALUE"""),80.02) | G45: =IFERROR(__xludf.DUMMYFUNCTION("""COMPUTED_VALUE"""),5437296)
B46: =IFERROR(__xludf.DUMMYFUNCTION("""COMPUTED_VALUE"""),45894.6666666666) | C46: =IFERROR(__xludf.DUMMYFUNCTION("""COMPUTED_VALUE"""),79.41) | D46: =IFERROR(__xludf.DUMMYFUNCTION("""COMPUTED_VALUE"""),79.57) | E46: =IFERROR(__xludf.DUMMYFUNCTION("""COMPUTED_VALUE"""),79.04) | F46: =IFERROR(__xludf.DUMMYFUNCTION("""COMPUTED_VALUE"""),79.05) | G46: =IFERROR(__xludf.DUMMYFUNCTION("""COMPUTED_VALUE"""),5422143)
B47: =IFERROR(__xludf.DUMMYFUNCTION("""COMPUTED_VALUE"""),45895.6666666666) | C47: =IFERROR(__xludf.DUMMYFUNCTION("""COMPUTED_VALUE"""),78.52) | D47: =IFERROR(__xludf.DUMMYFUNCTION("""COMPUTED_VALUE"""),78.94) | E47: =IFERROR(__xludf.DUMMYFUNCTION("""COMPUTED_VALUE"""),78.51) | F47: =IFERROR(__xludf.DUMMYFUNCTION("""COMPUTED_VALUE"""),78.92) | G47: =IFERROR(__xludf.DUMMYFUNCTION("""COMPUTED_VALUE"""),2945564)
B48: =IFERROR(__xludf.DUMMYFUNCTION("""COMPUTED_VALUE"""),45896.6666666666) | C48: =IFERROR(__xludf.DUMMYFUNCTION("""COMPUTED_VALUE"""),78.1) | D48: =IFERROR(__xludf.DUMMYFUNCTION("""COMPUTED_VALUE"""),78.68) | E48: =IFERROR(__xludf.DUMMYFUNCTION("""COMPUTED_VALUE"""),78.06) | F48: =IFERROR(__xludf.DUMMYFUNCTION("""COMPUTED_VALUE"""),78.63) | G48: =IFERROR(__xludf.DUMMYFUNCTION("""COMPUTED_VALUE"""),3481756)
B49: =IFERROR(__xludf.DUMMYFUNCTION("""COMPUTED_VALUE"""),45897.6666666666) | C49: =IFERROR(__xludf.DUMMYFUNCTION("""COMPUTED_VALUE"""),79.31) | D49: =IFERROR(__xludf.DUMMYFUNCTION("""COMPUTED_VALUE"""),79.51) | E49: =IFERROR(__xludf.DUMMYFUNCTION("""COMPUTED_VALUE"""),79.24) | F49: =IFERROR(__xludf.DUMMYFUNCTION("""COMPUTED_VALUE"""),79.29) | G49: =IFERROR(__xludf.DUMMYFUNCTION("""COMPUTED_VALUE"""),5493560)
B50: =IFERROR(__xludf.DUMMYFUNCTION("""COMPUTED_VALUE"""),45898.6666666666) | C50: =IFERROR(__xludf.DUMMYFUNCTION("""COMPUTED_VALUE"""),78.4) | D50: =IFERROR(__xludf.DUMMYFUNCTION("""COMPUTED_VALUE"""),78.46) | E50: =IFERROR(__xludf.DUMMYFUNCTION("""COMPUTED_VALUE"""),78.1) | F50: =IFERROR(__xludf.DUMMYFUNCTION("""COMPUTED_VALUE"""),78.28) | G50: =IFERROR(__xludf.DUMMYFUNCTION("""COMPUTED_VALUE"""),6054033)
B51: =IFERROR(__xludf.DUMMYFUNCTION("""COMPUTED_VALUE"""),45902.6666666666) | C51: =IFERROR(__xludf.DUMMYFUNCTION("""COMPUTED_VALUE"""),77.59) | D51: =IFERROR(__xludf.DUMMYFUNCTION("""COMPUTED_VALUE"""),78.18) | E51: =IFERROR(__xludf.DUMMYFUNCTION("""COMPUTED_VALUE"""),77.38) | F51: =IFERROR(__xludf.DUMMYFUNCTION("""COMPUTED_VALUE"""),78.15) | G51: =IFERROR(__xludf.DUMMYFUNCTION("""COMPUTED_VALUE"""),5760944)
B52: =IFERROR(__xludf.DUMMYFUNCTION("""COMPUTED_VALUE"""),45903.6666666666) | C52: =IFERROR(__xludf.DUMMYFUNCTION("""COMPUTED_VALUE"""),77.62) | D52: =IFERROR(__xludf.DUMMYFUNCTION("""COMPUTED_VALUE"""),77.93) | E52: =IFERROR(__xludf.DUMMYFUNCTION("""COMPUTED_VALUE"""),77.6) | F52: =IFERROR(__xludf.DUMMYFUNCTION("""COMPUTED_VALUE"""),77.93) | G52: =IFERROR(__xludf.DUMMYFUNCTION("""COMPUTED_VALUE"""),5068256)
B53: =IFERROR(__xludf.DUMMYFUNCTION("""COMPUTED_VALUE"""),45904.6666666666) | C53: =IFERROR(__xludf.DUMMYFUNCTION("""COMPUTED_VALUE"""),78.17) | D53: =IFERROR(__xludf.DUMMYFUNCTION("""COMPUTED_VALUE"""),78.74) | E53: =IFERROR(__xludf.DUMMYFUNCTION("""COMPUTED_VALUE"""),78.14) | F53: =IFERROR(__xludf.DUMMYFUNCTION("""COMPUTED_VALUE"""),78.73) | G53: =IFERROR(__xludf.DUMMYFUNCTION("""COMPUTED_VALUE"""),3655291)
B54: =IFERROR(__xludf.DUMMYFUNCTION("""COMPUTED_VALUE"""),45905.6666666666) | C54: =IFERROR(__xludf.DUMMYFUNCTION("""COMPUTED_VALUE"""),79.64) | D54: =IFERROR(__xludf.DUMMYFUNCTION("""COMPUTED_VALUE"""),79.88) | E54: =IFERROR(__xludf.DUMMYFUNCTION("""COMPUTED_VALUE"""),78.97) | F54: =IFERROR(__xludf.DUMMYFUNCTION("""COMPUTED_VALUE"""),79.18) | G54: =IFERROR(__xludf.DUMMYFUNCTION("""COMPUTED_VALUE"""),5648004)
B55: =IFERROR(__xludf.DUMMYFUNCTION("""COMPUTED_VALUE"""),45908.6666666666) | C55: =IFERROR(__xludf.DUMMYFUNCTION("""COMPUTED_VALUE"""),80.54) | D55: =IFERROR(__xludf.DUMMYFUNCTION("""COMPUTED_VALUE"""),81.02) | E55: =IFERROR(__xludf.DUMMYFUNCTION("""COMPUTED_VALUE"""),80.39) | F55: =IFERROR(__xludf.DUMMYFUNCTION("""COMPUTED_VALUE"""),80.96) | G55: =IFERROR(__xludf.DUMMYFUNCTION("""COMPUTED_VALUE"""),6346497)
B56: =IFERROR(__xludf.DUMMYFUNCTION("""COMPUTED_VALUE"""),45909.6666666666) | C56: =IFERROR(__xludf.DUMMYFUNCTION("""COMPUTED_VALUE"""),79.82) | D56: =IFERROR(__xludf.DUMMYFUNCTION("""COMPUTED_VALUE"""),80.12) | E56: =IFERROR(__xludf.DUMMYFUNCTION("""COMPUTED_VALUE"""),79.64) | F56: =IFERROR(__xludf.DUMMYFUNCTION("""COMPUTED_VALUE"""),80.06) | G56: =IFERROR(__xludf.DUMMYFUNCTION("""COMPUTED_VALUE"""),6070700)
B57: =IFERROR(__xludf.DUMMYFUNCTION("""COMPUTED_VALUE"""),45910.6666666666) | C57: =IFERROR(__xludf.DUMMYFUNCTION("""COMPUTED_VALUE"""),80.61) | D57: =IFERROR(__xludf.DUMMYFUNCTION("""COMPUTED_VALUE"""),80.82) | E57: =IFERROR(__xludf.DUMMYFUNCTION("""COMPUTED_VALUE"""),80.32) | F57: =IFERROR(__xludf.DUMMYFUNCTION("""COMPUTED_VALUE"""),80.36) | G57: =IFERROR(__xludf.DUMMYFUNCTION("""COMPUTED_VALUE"""),6028108)
B58: =IFERROR(__xludf.DUMMYFUNCTION("""COMPUTED_VALUE"""),45911.6666666666) | C58: =IFERROR(__xludf.DUMMYFUNCTION("""COMPUTED_VALUE"""),80.98) | D58: =IFERROR(__xludf.DUMMYFUNCTION("""COMPUTED_VALUE"""),81.46) | E58: =IFERROR(__xludf.DUMMYFUNCTION("""COMPUTED_VALUE"""),80.95) | F58: =IFERROR(__xludf.DUMMYFUNCTION("""COMPUTED_VALUE"""),81.32) | G58: =IFERROR(__xludf.DUMMYFUNCTION("""COMPUTED_VALUE"""),4782018)
B59: =IFERROR(__xludf.DUMMYFUNCTION("""COMPUTED_VALUE"""),45912.6666666666) | C59: =IFERROR(__xludf.DUMMYFUNCTION("""COMPUTED_VALUE"""),80.82) | D59: =IFERROR(__xludf.DUMMYFUNCTION("""COMPUTED_VALUE"""),81.01) | E59: =IFERROR(__xludf.DUMMYFUNCTION("""COMPUTED_VALUE"""),80.6) | F59: =IFERROR(__xludf.DUMMYFUNCTION("""COMPUTED_VALUE"""),80.76) | G59: =IFERROR(__xludf.DUMMYFUNCTION("""COMPUTED_VALUE"""),5509422)
B60: =IFERROR(__xludf.DUMMYFUNCTION("""COMPUTED_VALUE"""),45915.6666666666) | C60: =IFERROR(__xludf.DUMMYFUNCTION("""COMPUTED_VALUE"""),81.06) | D60: =IFERROR(__xludf.DUMMYFUNCTION("""COMPUTED_VALUE"""),81.42) | E60: =IFERROR(__xludf.DUMMYFUNCTION("""COMPUTED_VALUE"""),81) | F60: =IFERROR(__xludf.DUMMYFUNCTION("""COMPUTED_VALUE"""),81.35) | G60: =IFERROR(__xludf.DUMMYFUNCTION("""COMPUTED_VALUE"""),4639452)
B61: =IFERROR(__xludf.DUMMYFUNCTION("""COMPUTED_VALUE"""),45916.6666666666) | C61: =IFERROR(__xludf.DUMMYFUNCTION("""COMPUTED_VALUE"""),81.36) | D61: =IFERROR(__xludf.DUMMYFUNCTION("""COMPUTED_VALUE"""),81.44) | E61: =IFERROR(__xludf.DUMMYFUNCTION("""COMPUTED_VALUE"""),81.16) | F61: =IFERROR(__xludf.DUMMYFUNCTION("""COMPUTED_VALUE"""),81.35) | G61: =IFERROR(__xludf.DUMMYFUNCTION("""COMPUTED_VALUE"""),4636816)
B62: =IFERROR(__xludf.DUMMYFUNCTION("""COMPUTED_VALUE"""),45917.6666666666) | C62: =IFERROR(__xludf.DUMMYFUNCTION("""COMPUTED_VALUE"""),81.37) | D62: =IFERROR(__xludf.DUMMYFUNCTION("""COMPUTED_VALUE"""),81.84) | E62: =IFERROR(__xludf.DUMMYFUNCTION("""COMPUTED_VALUE"""),80.81) | F62: =IFERROR(__xludf.DUMMYFUNCTION("""COMPUTED_VALUE"""),81.17) | G62: =IFERROR(__xludf.DUMMYFUNCTION("""COMPUTED_VALUE"""),5829457)
B63: =IFERROR(__xludf.DUMMYFUNCTION("""COMPUTED_VALUE"""),45918.6666666666) | C63: =IFERROR(__xludf.DUMMYFUNCTION("""COMPUTED_VALUE"""),81.29) | D63: =IFERROR(__xludf.DUMMYFUNCTION("""COMPUTED_VALUE"""),81.7) | E63: =IFERROR(__xludf.DUMMYFUNCTION("""COMPUTED_VALUE"""),81.11) | F63: =IFERROR(__xludf.DUMMYFUNCTION("""COMPUTED_VALUE"""),81.49) | G63: =IFERROR(__xludf.DUMMYFUNCTION("""COMPUTED_VALUE"""),5465435)
B64: =IFERROR(__xludf.DUMMYFUNCTION("""COMPUTED_VALUE"""),45919.6666666666) | C64: =IFERROR(__xludf.DUMMYFUNCTION("""COMPUTED_VALUE"""),80.87) | D64: =IFERROR(__xludf.DUMMYFUNCTION("""COMPUTED_VALUE"""),80.95) | E64: =IFERROR(__xludf.DUMMYFUNCTION("""COMPUTED_VALUE"""),80.58) | F64: =IFERROR(__xludf.DUMMYFUNCTION("""COMPUTED_VALUE"""),80.79) | G64: =IFERROR(__xludf.DUMMYFUNCTION("""COMPUTED_VALUE"""),5099558)
B65: =IFERROR(__xludf.DUMMYFUNCTION("""COMPUTED_VALUE"""),45922.6666666666) | C65: =IFERROR(__xludf.DUMMYFUNCTION("""COMPUTED_VALUE"""),80.96) | D65: =IFERROR(__xludf.DUMMYFUNCTION("""COMPUTED_VALUE"""),81.29) | E65: =IFERROR(__xludf.DUMMYFUNCTION("""COMPUTED_VALUE"""),80.84) | F65: =IFERROR(__xludf.DUMMYFUNCTION("""COMPUTED_VALUE"""),81.25) | G65: =IFERROR(__xludf.DUMMYFUNCTION("""COMPUTED_VALUE"""),3429098)
B66: =IFERROR(__xludf.DUMMYFUNCTION("""COMPUTED_VALUE"""),45923.6666666666) | C66: =IFERROR(__xludf.DUMMYFUNCTION("""COMPUTED_VALUE"""),81.35) | D66: =IFERROR(__xludf.DUMMYFUNCTION("""COMPUTED_VALUE"""),81.54) | E66: =IFERROR(__xludf.DUMMYFUNCTION("""COMPUTED_VALUE"""),81.03) | F66: =IFERROR(__xludf.DUMMYFUNCTION("""COMPUTED_VALUE"""),81.09) | G66: =IFERROR(__xludf.DUMMYFUNCTION("""COMPUTED_VALUE"""),4353365)
B67: =IFERROR(__xludf.DUMMYFUNCTION("""COMPUTED_VALUE"""),45924.6666666666) | C67: =IFERROR(__xludf.DUMMYFUNCTION("""COMPUTED_VALUE"""),81.35) | D67: =IFERROR(__xludf.DUMMYFUNCTION("""COMPUTED_VALUE"""),81.54) | E67: =IFERROR(__xludf.DUMMYFUNCTION("""COMPUTED_VALUE"""),81.03) | F67: =IFERROR(__xludf.DUMMYFUNCTION("""COMPUTED_VALUE"""),81.09) | G67: =IFERROR(__xludf.DUMMYFUNCTION("""COMPUTED_VALUE"""),110168)
B68: =IFERROR(__xludf.DUMMYFUNCTION("""COMPUTED_VALUE"""),45925.6666666666) | C68: =IFERROR(__xludf.DUMMYFUNCTION("""COMPUTED_VALUE"""),80.46) | D68: =IFERROR(__xludf.DUMMYFUNCTION("""COMPUTED_VALUE"""),80.59) | E68: =IFERROR(__xludf.DUMMYFUNCTION("""COMPUTED_VALUE"""),80.17) | F68: =IFERROR(__xludf.DUMMYFUNCTION("""COMPUTED_VALUE"""),80.46) | G68: =IFERROR(__xludf.DUMMYFUNCTION("""COMPUTED_VALUE"""),4855950)
B69: =IFERROR(__xludf.DUMMYFUNCTION("""COMPUTED_VALUE"""),45926.6666666666) | C69: =IFERROR(__xludf.DUMMYFUNCTION("""COMPUTED_VALUE"""),80.34) | D69: =IFERROR(__xludf.DUMMYFUNCTION("""COMPUTED_VALUE"""),80.58) | E69: =IFERROR(__xludf.DUMMYFUNCTION("""COMPUTED_VALUE"""),80.22) | F69: =IFERROR(__xludf.DUMMYFUNCTION("""COMPUTED_VALUE"""),80.44) | G69: =IFERROR(__xludf.DUMMYFUNCTION("""COMPUTED_VALUE"""),9649880)
B70: =IFERROR(__xludf.DUMMYFUNCTION("""COMPUTED_VALUE"""),45929.6666666666) | C70: =IFERROR(__xludf.DUMMYFUNCTION("""COMPUTED_VALUE"""),80.54) | D70: =IFERROR(__xludf.DUMMYFUNCTION("""COMPUTED_VALUE"""),80.72) | E70: =IFERROR(__xludf.DUMMYFUNCTION("""COMPUTED_VALUE"""),80.38) | F70: =IFERROR(__xludf.DUMMYFUNCTION("""COMPUTED_VALUE"""),80.51) | G70: =IFERROR(__xludf.DUMMYFUNCTION("""COMPUTED_VALUE"""),5053588)
B71: =IFERROR(__xludf.DUMMYFUNCTION("""COMPUTED_VALUE"""),45930.6666666666) | C71: =IFERROR(__xludf.DUMMYFUNCTION("""COMPUTED_VALUE"""),80.1) | D71: =IFERROR(__xludf.DUMMYFUNCTION("""COMPUTED_VALUE"""),80.31) | E71: =IFERROR(__xludf.DUMMYFUNCTION("""COMPUTED_VALUE"""),79.89) | F71: =IFERROR(__xludf.DUMMYFUNCTION("""COMPUTED_VALUE"""),80.21) | G71: =IFERROR(__xludf.DUMMYFUNCTION("""COMPUTED_VALUE"""),9629289)
B72: =IFERROR(__xludf.DUMMYFUNCTION("""COMPUTED_VALUE"""),45931.6666666666) | C72: =IFERROR(__xludf.DUMMYFUNCTION("""COMPUTED_VALUE"""),80.52) | D72: =IFERROR(__xludf.DUMMYFUNCTION("""COMPUTED_VALUE"""),80.77) | E72: =IFERROR(__xludf.DUMMYFUNCTION("""COMPUTED_VALUE"""),80.07) | F72: =IFERROR(__xludf.DUMMYFUNCTION("""COMPUTED_VALUE"""),80.21) | G72: =IFERROR(__xludf.DUMMYFUNCTION("""COMPUTED_VALUE"""),6794769)
